countyFIPS,county,state,population,ma_window_days,has_case_series,eligible,wave_onset,wave_peak,wave_end,peak_height_per100k,max_pre2021_peak_per100k,n_pre2021_waves,n_small_waves_skipped,skipped_small_wave,conservative_also_found
01001,Autauga County,AL,55869,7,True,True,2020-10-05,2021-01-06,2021-03-18,148.05,148.05,1,0,False,False
01003,Baldwin County,AL,223234,7,True,True,2020-06-23,2020-07-20,2020-10-08,55.1631,55.1631,1,0,False,True
01009,Blount County,AL,57826,7,True,True,2020-10-14,2020-12-17,2021-02-11,137.111,137.111,2,1,True,False
01015,Calhoun County,AL,113605,7,True,True,2020-10-14,2020-10-27,2020-11-08,73.1859,124.492,4,2,True,True
01031,Coffee County,AL,52342,7,True,True,2020-09-20,2021-01-08,2021-02-20,119.816,119.816,2,1,True,False
01033,Colbert County,AL,55241,7,True,True,2020-05-17,2020-07-17,2020-09-13,59.221,102.667,2,0,False,True
01043,Cullman County,AL,83768,7,True,True,2020-10-10,2020-12-17,2021-02-07,124.152,124.152,2,1,True,False
01049,DeKalb County,AL,71513,7,True,True,2020-06-09,2020-07-11,2020-09-09,71.5155,137.238,2,0,False,True
01051,Elmore County,AL,81209,7,True,True,2020-11-02,2021-01-02,2021-03-29,135.629,135.629,1,0,False,False
01055,Etowah County,AL,102268,7,True,True,2020-06-21,2020-12-17,2021-03-06,153.239,153.239,1,0,False,False
01069,Houston County,AL,105882,7,True,True,2020-06-07,2020-07-22,2020-08-06,40.3414,75.151,3,0,False,False
01071,Jackson County,AL,51626,7,True,True,2020-11-06,2020-12-02,2021-02-07,175.714,175.714,2,1,True,True
01073,Jefferson County,AL,658573,7,True,True,2020-06-22,2020-12-17,2021-02-20,129.848,129.848,1,0,False,True
01077,Lauderdale County,AL,92729,7,True,True,2020-05-22,2020-08-02,2020-08-21,29.1171,29.1171,1,0,False,False
01081,Lee County,AL,164542,7,True,True,2020-06-13,2020-08-29,2020-10-15,118.511,118.511,2,0,False,True
01083,Limestone County,AL,98915,7,True,True,2020-09-10,2020-12-17,2021-02-28,121.316,121.316,1,0,False,False
01089,Madison County,AL,372909,7,True,True,2020-10-27,2020-12-17,2021-03-01,109.372,109.372,2,1,True,True
01095,Marshall County,AL,96774,7,True,True,2020-10-18,2020-12-05,2021-02-10,124.886,124.886,1,0,False,False
01097,Mobile County,AL,413210,7,True,True,2020-04-05,2020-07-30,2020-10-05,63.2677,91.9284,2,0,False,True
01101,Montgomery County,AL,226486,7,True,True,2020-05-04,2021-01-07,2021-04-01,102.056,102.056,1,0,False,False
01103,Morgan County,AL,119679,7,True,False,,,,,,0,0,False,False
01113,Russell County,AL,57961,7,True,True,2020-05-15,2020-07-16,2020-09-08,56.9348,67.5331,2,0,False,False
01115,St. Clair County,AL,89512,7,True,True,2020-06-27,2020-12-17,2021-03-18,105.812,105.812,1,0,False,False
01117,Shelby County,AL,217702,7,True,True,2020-06-11,2020-07-19,2020-08-20,36.6819,43.6376,3,1,True,False
01121,Talladega County,AL,79978,7,True,False,,,,,,0,0,False,False
01125,Tuscaloosa County,AL,209355,7,True,True,2020-05-16,2020-08-27,2020-09-03,58.2742,110.68,3,0,False,True
01127,Walker County,AL,63521,7,True,True,2020-05-17,2020-12-11,2021-02-15,99.6296,99.6296,1,0,False,False
02020,Municipality of Anchorage,AK,288000,7,True,True,2020-09-28,2020-11-16,2021-01-17,126.786,126.786,3,2,True,True
02090,Fairbanks North Star Borough,AK,96849,7,True,True,2020-08-31,2020-12-09,2021-02-08,86.1429,86.1429,2,1,True,False
02122,Kenai Peninsula Borough,AK,58708,7,True,True,2020-10-11,2020-11-25,2021-01-17,122.884,122.884,2,1,True,True
02170,Matanuska-Susitna Borough,AK,108317,7,True,True,2020-10-23,2020-12-04,2021-01-29,190.71,190.71,1,0,False,True
04001,Apache County,AZ,71887,7,True,True,2020-10-22,2020-12-31,2021-03-08,178.057,178.057,1,0,False,True
04003,Cochise County,AZ,125922,7,True,True,2020-11-07,2020-12-31,2021-02-18,198.649,198.649,2,1,True,True
04005,Coconino County,AZ,143476,7,True,True,2020-09-13,2020-12-31,2021-02-23,169.068,169.068,1,0,False,True
04007,Gila County,AZ,54018,7,True,True,2020-11-04,2020-12-31,2021-02-16,179.57,179.57,4,3,True,False
04013,Maricopa County,AZ,4485414,7,True,True,2020-11-07,2020-12-31,2021-02-14,200.998,200.998,2,1,True,True
04015,Mohave County,AZ,212181,7,True,True,2020-11-14,2020-12-31,2021-02-12,245.949,245.949,1,0,False,True
04017,Navajo County,AZ,110924,7,True,True,2020-10-12,2020-12-31,2021-03-02,201.425,201.425,1,0,False,True
04019,Pima County,AZ,1047279,7,True,True,2020-11-07,2020-12-31,2021-02-15,204.503,204.503,2,1,True,False
04021,Pinal County,AZ,462789,7,True,True,2020-11-07,2020-12-31,2021-02-18,165.179,165.179,2,1,True,True
04025,Yavapai County,AZ,235099,7,True,True,2020-11-10,2020-12-31,2021-02-03,166.556,166.556,3,2,True,True
04027,Yuma County,AZ,213787,7,True,True,2020-11-02,2020-12-31,2021-02-09,289.273,289.273,1,0,False,True
05007,Benton County,AR,279141,7,True,True,2020-10-15,2021-01-08,2021-02-12,140.328,140.328,2,1,True,True
05031,Craighead County,AR,110332,7,True,False,,,,,,0,0,False,False
05033,Crawford County,AR,63257,7,True,True,2020-10-17,2021-01-12,2021-02-15,117.886,117.886,3,2,True,False
05045,Faulkner County,AR,126007,7,True,True,2020-08-18,2020-09-16,2020-10-01,37.1861,37.1861,1,0,False,False
05051,Garland County,AR,99386,7,True,True,2020-10-11,2021-01-08,2021-03-12,133.247,133.247,3,2,True,False
05069,Jefferson County,AR,66824,7,True,True,2020-07-02,2020-12-20,2021-02-27,118.221,118.221,2,1,True,False
05085,Lonoke County,AR,73309,7,True,True,2020-09-09,2021-01-04,2021-03-05,112.44,112.44,2,1,True,False
05115,Pope County,AR,64072,7,True,True,2020-05-14,2020-07-19,2020-08-08,46.3764,46.3764,1,0,False,False
05119,Pulaski County,AR,391911,7,True,True,2020-03-15,2020-04-12,2020-04-24,5.54062,5.54062,1,0,False,False
05125,Saline County,AR,122437,7,True,False,,,,,,0,0,False,False
05131,Sebastian County,AR,127827,7,True,True,2020-10-20,2021-01-09,2021-03-06,158.808,158.808,2,1,True,True
05143,Washington County,AR,239187,7,True,True,2020-11-02,2021-01-07,2021-03-03,121.543,121.543,3,2,True,True
05145,White County,AR,78753,7,True,True,2020-09-10,2020-11-20,2020-11-27,90.6995,128.068,2,0,False,False
06001,Alameda County,CA,1671329,7,True,True,2020-11-05,2021-01-06,2021-02-16,56.935,56.935,1,0,False,False
06007,Butte County,CA,219186,7,True,True,2020-07-30,2020-08-26,2020-09-16,31.7408,63.0906,3,1,True,True
06013,Contra Costa County,CA,1153526,7,True,True,2020-11-03,2021-01-07,2021-02-20,65.1047,65.1047,2,1,True,False
06017,El Dorado County,CA,192843,7,True,True,2020-06-11,2020-07-12,2020-09-10,10.8897,10.8897,2,0,False,False
06019,Fresno County,CA,999101,7,True,True,2020-10-30,2020-12-12,2021-03-09,102.306,102.306,1,0,False,False
06023,Humboldt County,CA,135558,7,True,True,2020-11-04,2021-01-15,2021-02-13,29.1915,29.1915,1,0,False,False
06025,Imperial County,CA,181215,7,True,True,2020-04-25,2020-05-31,2020-08-20,101.537,180.212,2,0,False,True
06029,Kern County,CA,900202,7,True,True,2020-05-20,2020-07-11,2020-09-14,67.6356,106.69,2,0,False,True
06031,Kings County,CA,152940,7,True,True,2020-04-23,2020-05-31,2020-06-09,71.1764,71.1764,1,0,False,True
06033,Lake County,CA,64386,7,True,True,2020-11-11,2021-01-12,2021-02-24,68.5597,68.5597,1,0,False,False
06037,Los Angeles County,CA,10039107,7,True,True,2020-11-02,2021-01-06,2021-02-11,161.742,161.742,1,0,False,True
06039,Madera County,CA,157327,7,True,True,2020-10-27,2021-01-03,2021-03-05,109.508,109.508,1,0,False,False
06041,Marin County,CA,258826,7,True,True,2020-06-08,2020-06-27,2020-08-30,70.6487,70.6487,2,0,False,True
06045,Mendocino County,CA,86749,7,True,True,2020-10-30,2021-01-06,2021-02-16,48.7449,48.7449,1,0,False,False
06047,Merced County,CA,277680,7,True,True,2020-10-28,2021-01-08,2021-03-26,114.983,114.983,2,1,True,False
06053,Monterey County,CA,434061,7,True,True,2020-10-25,2021-01-07,2021-02-18,112.032,112.032,2,1,True,False
06055,Napa County,CA,137744,7,True,False,,,,,,0,0,False,False
06057,Nevada County,CA,99755,7,True,True,2020-10-30,2020-12-02,2021-01-29,61.1498,61.1498,1,0,False,False
06059,Orange County,CA,3175692,7,True,True,2020-11-04,2021-01-06,2021-02-12,103.914,103.914,2,1,True,True
06061,Placer County,CA,398329,7,True,True,2020-03-06,2020-03-20,2020-03-31,1.93666,1.93666,1,0,False,False
06065,Riverside County,CA,2470546,7,True,True,2020-10-30,2021-01-06,2021-02-12,153.078,153.078,1,0,False,True
06067,Sacramento County,CA,1552058,7,True,True,2020-10-30,2020-12-08,2021-02-20,63.8231,63.8231,1,0,False,False
06069,San Benito County,CA,62808,7,True,True,2020-11-04,2021-01-06,2021-02-15,129.419,129.419,1,0,False,True
06071,San Bernardino County,CA,2180085,7,True,False,,,,,,0,0,False,False
06073,San Diego County,CA,3338330,7,True,True,2020-11-03,2021-01-06,2021-02-12,113.008,113.008,4,3,True,True
06075,San Francisco County,CA,881549,7,True,True,2020-10-23,2021-01-06,2021-02-25,40.4321,40.4321,1,0,False,False
06077,San Joaquin County,CA,762148,7,True,True,2020-11-04,2021-01-07,2021-02-14,93.9825,93.9825,2,1,True,False
06079,San Luis Obispo County,CA,283111,7,True,True,2020-11-01,2021-01-06,2021-02-15,118.177,118.177,3,2,True,True
06081,San Mateo County,CA,766573,7,True,True,2020-11-04,2021-01-06,2021-02-14,62.5045,62.5045,2,1,True,True
06083,Santa Barbara County,CA,446499,7,True,True,2020-11-09,2021-01-06,2021-02-28,101.296,101.296,2,1,True,True
06085,Santa Clara County,CA,1927852,7,True,True,2020-10-28,2021-01-06,2021-02-27,73.3311,73.3311,3,2,True,True
06087,Santa Cruz County,CA,273213,7,True,True,2020-10-31,2021-01-06,2021-02-14,84.3926,84.3926,2,1,True,True
06089,Shasta County,CA,180080,7,True,True,2020-10-24,2020-11-17,2020-12-14,73.6974,73.6974,3,1,True,False
06095,Solano County,CA,447643,7,True,True,2020-10-28,2021-01-06,2021-02-15,84.0912,84.0912,2,1,True,False
06097,Sonoma County,CA,494336,7,True,True,2020-11-15,2021-01-06,2021-03-09,57.8554,57.8554,2,1,True,False
06099,Stanislaus County,CA,550660,7,True,True,2020-05-30,2020-07-09,2020-09-18,52.0414,88.8285,2,0,False,False
06101,Sutter County,CA,96971,7,True,True,2020-11-02,2020-12-01,2021-02-18,119.329,119.329,1,0,False,False
06103,Tehama County,CA,65084,7,True,False,,,,,,0,0,False,False
06107,Tulare County,CA,466195,7,True,True,2020-10-29,2021-01-06,2021-02-17,104.677,104.677,2,1,True,False
06109,Tuolumne County,CA,54478,7,True,True,2020-11-02,2020-12-09,2021-02-25,156.289,156.289,1,0,False,True
06111,Ventura County,CA,846006,7,True,True,2020-11-10,2021-01-06,2021-02-16,162.36,162.36,3,2,True,True
06113,Yolo County,CA,220500,7,True,True,2020-10-30,2021-01-06,2021-02-23,66.9258,66.9258,3,2,True,False
06115,Yuba County,CA,78668,7,True,False,,,,,,0,0,False,False
08001,Adams County,CO,517421,7,True,True,2020-09-24,2020-11-13,2021-05-22,116.374,116.374,2,1,True,True
08005,Arapahoe County,CO,656590,7,True,True,2020-10-07,2020-11-16,2021-02-08,86.921,86.921,3,2,True,True
08013,Boulder County,CO,326196,7,True,True,2020-09-04,2020-09-21,2020-10-09,42.6124,69.8966,3,1,True,True
08014,Broomfield County and City,CO,70465,7,True,False,,,,,,0,0,False,False
08031,Denver County,CO,727211,7,True,True,2020-09-15,2020-11-18,2020-12-26,100.167,100.167,2,0,False,True
08035,Douglas County,CO,351154,7,True,True,2020-10-07,2020-11-16,2021-06-11,77.6216,77.6216,3,2,True,True
08037,Eagle County,CO,55127,7,True,True,2020-03-11,2020-03-29,2020-04-29,45.3498,83.962,3,0,False,True
08041,El Paso County,CO,720403,7,True,True,2020-10-13,2020-12-01,2021-02-08,94.1735,94.1735,2,1,True,False
08045,Garfield County,CO,60061,7,True,True,2020-10-21,2020-12-13,2021-02-08,122.495,122.495,2,1,True,False
08059,Jefferson County,CO,582881,7,True,True,2020-10-07,2020-11-18,2021-05-22,77.7909,77.7909,2,1,True,True
08067,La Plata County,CO,56221,7,True,True,2020-11-04,2020-11-27,2021-01-28,134.927,134.927,1,0,False,True
08069,Larimer County,CO,356899,7,True,True,2020-10-06,2020-11-17,2021-01-15,71.9691,71.9691,1,0,False,True
08077,Mesa County,CO,154210,7,True,True,2020-10-13,2020-11-16,2021-03-04,121.263,121.263,1,0,False,True
08101,Pueblo County,CO,168424,7,True,True,2020-10-16,2020-11-20,2021-01-12,166.841,166.841,1,0,False,True
08123,Weld County,CO,324492,7,True,True,2020-10-18,2020-11-18,2020-12-23,99.0559,99.0559,4,2,True,True
09001,Fairfield County,CT,943332,7,True,True,2020-03-22,2020-04-19,2020-06-07,51.5347,85.1087,3,0,False,True
09003,Hartford County,CT,891720,7,True,True,2020-10-02,2021-01-10,2021-05-14,87.904,87.904,1,0,False,False
09005,Litchfield County,CT,180333,7,True,True,2020-10-18,2020-12-05,2021-05-08,73.1979,73.1979,2,1,True,True
09007,Middlesex County,CT,162436,7,True,True,2020-03-21,2020-04-11,2020-06-04,18.0291,18.0291,1,0,False,True
09009,New Haven County,CT,854757,7,True,True,2020-10-23,2020-12-04,2021-02-19,88.9476,88.9476,2,1,True,True
09011,New London County,CT,265206,7,True,True,2020-09-26,2021-01-10,2021-05-06,108.649,108.649,1,0,False,False
09013,Tolland County,CT,150721,7,True,True,2020-03-22,2020-05-17,2020-06-09,21.4208,21.4208,2,0,False,True
09015,Windham County,CT,116782,7,True,True,2020-10-23,2021-01-09,2021-02-12,129.178,129.178,2,1,True,False
10001,Kent County,DE,180786,7,True,True,2020-10-25,2020-12-06,2020-12-27,90.636,90.636,1,0,False,True
10003,New Castle County,DE,558753,7,True,False,,,,,,0,0,False,False
10005,Sussex County,DE,234225,7,True,True,2020-04-04,2020-04-25,2020-06-03,59.4666,103.015,2,0,False,True
11001,Washington,DC,705749,7,True,True,2020-07-04,2020-07-24,2020-08-14,12.2666,12.2666,1,0,False,False
12001,Alachua County,FL,269043,7,True,True,2020-08-29,2021-01-05,2021-02-20,73.7004,73.7004,1,0,False,True
12005,Bay County,FL,174705,7,True,True,2020-06-23,2020-07-22,2020-10-07,82.5882,121.92,2,0,False,True
12009,Brevard County,FL,601942,7,True,True,2020-06-17,2021-01-05,2021-02-27,58.8334,58.8334,1,0,False,True
12011,Broward County,FL,1952778,7,True,True,2020-06-13,2020-07-13,2020-09-04,76.5503,76.5503,2,1,True,True
12015,Charlotte County,FL,188910,7,True,True,2020-10-23,2021-01-05,2021-02-24,66.774,66.774,2,1,True,False
12017,Citrus County,FL,149657,7,True,True,2020-06-16,2020-07-22,2020-09-29,27.6823,27.6823,1,0,False,False
12019,Clay County,FL,219252,7,True,True,2020-10-14,2021-01-05,2021-02-21,98.191,98.191,3,2,True,True
12021,Collier County,FL,384902,7,True,True,2020-05-15,2020-07-15,2020-09-07,59.7184,59.7184,3,1,True,True
12023,Columbia County,FL,71686,7,True,True,2020-07-02,2020-07-22,2020-09-04,177.959,177.959,2,0,False,True
12031,Duval County,FL,957755,7,True,True,2020-06-15,2020-07-13,2020-09-06,59.1264,114.106,2,0,False,True
12033,Escambia County,FL,318316,7,True,True,2020-06-21,2020-07-15,2020-09-14,85.0458,113.05,3,1,True,True
12035,Flagler County,FL,115081,7,True,False,,,,,,0,0,False,False
12053,Hernando County,FL,193920,7,True,False,,,,,,0,0,False,False
12055,Highlands County,FL,106221,7,True,True,2020-06-12,2020-07-22,2020-08-20,41.6921,64.8244,3,0,False,True
12057,Hillsborough County,FL,1471968,7,True,True,2020-06-04,2020-07-10,2020-09-02,49.9914,73.7205,2,0,False,True
12061,Indian River County,FL,159923,7,True,True,2020-10-25,2021-01-05,2021-03-01,92.9912,92.9912,2,1,True,True
12069,Lake County,FL,367118,7,True,True,2020-03-18,2020-04-05,2020-04-20,2.64609,2.64609,1,0,False,False
12071,Lee County,FL,770577,7,True,True,2020-06-03,2020-07-15,2020-09-07,65.7949,69.7066,2,0,False,False
12073,Leon County,FL,293582,7,True,True,2020-08-27,2020-09-06,2020-09-26,73.6713,103.549,3,1,True,True
12081,Manatee County,FL,403253,7,True,True,2020-06-13,2020-07-14,2020-09-06,60.2599,60.2599,2,1,True,True
12083,Marion County,FL,365579,7,True,True,2020-06-24,2020-07-29,2020-10-07,72.097,87.5715,2,0,False,True
12085,Martin County,FL,161000,7,True,True,2020-08-14,2020-08-28,2020-09-01,34.8713,55.9006,2,0,False,False
12086,Miami-Dade County,FL,2716940,7,True,True,2020-06-15,2020-07-27,2020-09-04,109.619,109.619,2,1,True,True
12087,Monroe County,FL,74228,7,True,True,2020-06-19,2020-07-21,2020-09-07,60.4316,69.2846,2,0,False,True
12089,Nassau County,FL,88625,7,True,True,2020-11-07,2021-01-05,2021-02-24,127.342,127.342,3,2,True,True
12091,Okaloosa County,FL,210738,7,True,True,2020-06-15,2020-08-04,2020-09-19,42.4359,42.4359,1,0,False,False
12095,Orange County,FL,1393452,7,True,True,2020-06-10,2020-07-14,2020-12-05,60.4972,86.0761,2,0,False,False
12097,Osceola County,FL,375751,7,True,True,2020-06-19,2020-07-19,2020-09-04,73.605,98.4695,3,1,True,True
12099,Palm Beach County,FL,1496770,7,True,True,2020-05-31,2020-07-15,2020-09-24,49.6116,68.414,2,0,False,False
12101,Pasco County,FL,553947,7,True,False,,,,,,0,0,False,True
12103,Pinellas County,FL,974996,7,True,True,2020-06-06,2020-07-11,2020-08-22,39.8829,70.2714,3,1,True,True
12105,Polk County,FL,724777,7,True,True,2020-06-09,2020-07-12,2020-09-20,45.551,83.1192,2,0,False,True
12107,Putnam County,FL,74521,7,True,True,2020-06-15,2020-07-11,2020-08-27,51.5674,95.8503,3,0,False,True
12109,St. Johns County,FL,264672,7,True,True,2020-10-27,2021-01-05,2021-02-17,104.064,104.064,3,2,True,True
12111,St. Lucie County,FL,328297,7,True,True,2020-06-05,2021-01-05,2021-03-06,73.1916,73.1916,1,0,False,False
12113,Santa Rosa County,FL,184313,7,True,True,2020-06-25,2020-07-27,2020-08-20,87.7389,87.7389,2,0,False,True
12115,Sarasota County,FL,433742,7,True,True,2020-06-16,2020-07-15,2020-08-22,46.9008,71.3723,2,0,False,True
12117,Seminole County,FL,471826,7,True,True,2020-06-09,2020-06-26,2020-09-25,33.7897,61.1606,4,1,True,False
12119,Sumter County,FL,132420,7,True,True,2020-11-18,2021-01-05,2021-03-08,80.2641,80.2641,2,1,True,False
12127,Volusia County,FL,553284,7,True,True,2020-06-14,2020-07-16,2020-08-27,35.7089,67.1058,2,0,False,True
12131,Walton County,FL,74071,7,True,True,2020-06-18,2020-07-23,2020-08-27,51.3021,98.5541,2,0,False,True
13013,Barrow County,GA,83240,7,True,True,2020-11-12,2021-01-11,2021-03-03,121.679,121.679,1,0,False,False
13015,Bartow County,GA,107738,7,True,False,,,,,,0,0,False,False
13021,Bibb County,GA,153159,7,True,True,2020-07-29,2020-08-21,2020-08-27,108.944,108.944,3,2,True,True
13031,Bulloch County,GA,79608,7,True,True,2020-06-20,2020-08-30,2020-09-26,106.055,106.055,2,0,False,True
13039,Camden County,GA,54666,7,True,True,2020-06-13,2020-07-31,2020-10-20,47.3002,47.3002,1,0,False,False
13045,Carroll County,GA,119992,7,True,True,2020-06-27,2020-12-10,2021-03-01,42.6219,42.6219,3,2,True,False
13047,Catoosa County,GA,67580,7,True,True,2020-05-09,2020-06-13,2020-07-03,16.6998,16.6998,1,0,False,False
13051,Chatham County,GA,289430,7,True,True,2020-03-25,2020-04-03,2020-06-05,4.49159,4.49159,1,0,False,False
13057,Cherokee County,GA,258773,7,True,True,2020-11-06,2021-01-10,2021-03-01,83.1948,83.1948,2,1,True,False
13059,Clarke County,GA,128331,7,True,True,2020-06-24,2020-09-06,2020-09-28,106.867,106.867,2,0,False,True
13063,Clayton County,GA,292256,7,True,True,2020-12-01,2021-02-05,2021-03-01,83.0974,83.0974,2,1,True,True
13067,Cobb County,GA,760141,7,True,True,2020-11-11,2021-01-09,2021-03-01,75.9821,75.9821,2,1,True,False
13073,Columbia County,GA,156714,7,True,True,2020-09-23,2021-01-11,2021-03-05,62.8989,62.8989,1,0,False,False
13077,Coweta County,GA,148509,7,True,True,2020-06-18,2020-08-16,2020-11-03,29.5316,29.5316,2,1,True,False
13089,DeKalb County,GA,759297,7,True,True,2020-10-19,2021-01-11,2021-05-01,62.7272,62.7272,4,3,True,False
13095,Dougherty County,GA,87956,7,True,True,2020-03-20,2020-04-10,2020-04-26,84.9451,84.9451,4,0,False,True
13097,Douglas County,GA,146343,7,True,True,2020-05-19,2020-08-07,2020-08-26,33.8735,33.8735,1,0,False,False
13103,Effingham County,GA,64296,7,True,True,2020-06-20,2020-07-13,2020-08-14,32.4393,32.4393,1,0,False,True
13113,Fayette County,GA,114421,7,True,False,,,,,,0,0,False,False
13115,Floyd County,GA,98498,7,True,True,2020-08-31,2020-09-16,2020-10-07,41.7702,41.7702,1,0,False,False
13117,Forsyth County,GA,244252,7,True,True,2020-06-24,2021-01-08,2021-03-01,83.4033,83.4033,1,0,False,False
13121,Fulton County,GA,1063937,7,True,True,2020-10-18,2021-01-10,2021-03-03,69.8215,69.8215,2,1,True,False
13127,Glynn County,GA,85292,7,True,True,2020-06-16,2020-07-02,2020-09-19,108.367,108.367,2,0,False,True
13129,Gordon County,GA,57963,7,True,True,2020-05-28,2020-07-28,2020-09-08,52.4965,52.4965,1,0,False,False
13135,Gwinnett County,GA,936250,7,True,True,2020-11-11,2021-01-10,2021-02-27,93.9615,93.9615,1,0,False,False
13139,Hall County,GA,204441,7,True,True,2020-12-29,2021-01-11,2021-02-16,104.187,104.187,3,2,True,True
13151,Henry County,GA,234561,7,True,False,,,,,,0,0,False,False
13153,Houston County,GA,157863,7,True,True,2020-10-07,2021-01-09,2021-03-09,67.6898,67.6898,2,1,True,False
13157,Jackson County,GA,72977,7,True,True,2020-10-24,2021-01-11,2021-03-05,130.961,130.961,2,1,True,False
13179,Liberty County,GA,61435,7,True,True,2020-06-27,2020-07-20,2020-09-02,33.2523,46.7393,2,0,False,False
13185,Lowndes County,GA,117406,7,True,True,2020-05-25,2020-07-07,2020-09-27,61.6907,61.6907,1,0,False,False
13215,Muscogee County,GA,195769,7,True,True,2020-06-01,2020-07-11,2020-09-28,55.6049,60.1292,3,1,True,True
13217,Newton County,GA,111744,7,True,True,2020-06-13,2020-07-15,2020-09-08,34.262,34.262,1,0,False,False
13223,Paulding County,GA,168667,7,True,False,,,,,,0,0,False,False
13245,Richmond County,GA,202518,7,True,True,2020-06-26,2020-07-30,2020-09-21,63.7686,86.4121,3,1,True,True
13247,Rockdale County,GA,90896,7,True,True,2020-10-05,2021-01-10,2021-03-08,67.1097,67.1097,2,1,True,False
13255,Spalding County,GA,66703,7,True,True,2020-04-02,2020-04-28,2020-04-30,14.9918,14.9918,1,0,False,False
13285,Troup County,GA,69922,7,True,True,2020-05-19,2020-06-21,2020-08-29,77.4332,77.4332,2,0,False,True
13295,Walker County,GA,69761,7,True,True,2020-10-11,2021-01-09,2021-03-02,91.9466,91.9466,3,2,True,False
13297,Walton County,GA,94593,7,True,True,2020-11-12,2021-01-01,2021-03-14,98.3159,98.3159,4,3,True,True
13313,Whitfield County,GA,104628,7,True,True,2020-05-19,2020-07-29,2020-09-24,77.0075,124.113,2,0,False,True
15001,Hawaii County,HI,201513,7,True,True,2020-08-11,2020-09-01,2020-09-26,13.4695,13.4695,2,0,False,False
15003,Honolulu County,HI,974563,7,True,True,2020-03-16,2020-04-01,2020-04-18,2.31606,2.31606,1,0,False,False
15007,Kauai County,HI,72293,7,True,False,,,,,,0,0,False,False
15009,Maui County,HI,167417,7,True,True,2020-07-25,2020-08-16,2020-09-10,6.05844,8.44768,3,1,True,False
16001,Ada County,ID,481587,7,True,True,2020-09-25,2020-12-27,2021-02-13,114.413,114.413,2,1,True,True
16005,Bannock County,ID,87808,7,True,True,2020-09-14,2020-10-19,2020-11-11,91.7586,105.75,2,0,False,False
16019,Bonneville County,ID,119062,7,True,True,2020-07-17,2020-12-10,2021-02-15,119.986,119.986,1,0,False,False
16027,Canyon County,ID,229849,7,True,True,2020-06-20,2020-07-18,2020-09-14,75.329,75.329,1,0,False,True
16055,Kootenai County,ID,165697,7,True,True,2020-10-11,2020-12-07,2021-02-11,142.86,142.86,2,1,True,True
16083,Twin Falls County,ID,86878,7,True,True,2020-09-16,2020-11-08,2020-12-23,128.094,128.094,3,1,True,False
17001,Adams County,IL,65435,7,True,True,2020-09-15,2020-11-14,2020-12-04,188.846,188.846,2,0,False,True
17007,Boone County,IL,53544,7,True,True,2020-09-17,2020-11-14,2021-02-08,140.339,140.339,2,1,True,False
17019,Champaign County,IL,209689,7,True,True,2020-08-20,2020-09-06,2020-09-15,79.778,88.4984,5,3,True,True
17029,Coles County,IL,50621,7,True,True,2020-10-14,2020-11-13,2020-12-07,101.878,101.878,2,1,True,False
17031,Cook County,IL,5150233,7,True,True,2020-03-25,2020-04-08,2020-06-08,53.7978,90.3676,2,0,False,True
17037,DeKalb County,IL,104897,7,True,True,2020-09-17,2020-11-10,2021-02-05,96.1487,96.1487,2,1,True,False
17043,DuPage County,IL,922921,7,True,True,2020-03-26,2020-04-08,2020-06-21,23.3111,23.3111,1,0,False,True
17063,Grundy County,IL,51054,7,True,True,2020-10-13,2020-11-14,2021-03-17,142.426,142.426,1,0,False,True
17077,Jackson County,IL,56750,7,True,True,2020-10-08,2020-11-09,2021-02-13,79.0434,79.0434,4,3,True,True
17089,Kane County,IL,532403,7,True,True,2020-10-08,2020-11-08,2021-02-09,109.987,109.987,2,1,True,True
17091,Kankakee County,IL,109862,7,True,True,2020-10-21,2020-11-13,2020-12-28,206.883,206.883,3,2,True,True
17093,Kendall County,IL,128990,7,True,True,2020-10-07,2020-11-10,2020-12-24,108.868,108.868,2,1,True,True
17097,Lake County,IL,696535,7,True,True,2020-10-13,2020-11-14,2021-02-08,93.6062,93.6062,2,1,True,True
17099,LaSalle County,IL,108669,7,True,True,2020-10-19,2020-11-11,2020-12-20,140.532,140.532,2,1,True,True
17111,McHenry County,IL,307774,7,True,True,2020-10-13,2020-11-08,2021-02-12,109.31,109.31,2,1,True,True
17113,McLean County,IL,171517,7,True,True,2020-08-12,2020-09-02,2020-09-26,89.6204,116.273,4,2,True,True
17115,Macon County,IL,104009,7,True,True,2020-04-07,2020-04-21,2020-05-20,7.27959,7.27959,1,0,False,False
17119,Madison County,IL,262966,7,True,True,2020-07-11,2020-11-13,2021-02-14,103.598,103.598,2,1,True,True
17141,Ogle County,IL,50643,7,True,True,2020-09-01,2020-11-13,2021-01-29,119.041,119.041,1,0,False,False
17143,Peoria County,IL,179179,7,True,False,,,,,,0,0,False,False
17161,Rock Island County,IL,141879,7,True,True,2020-10-12,2020-11-13,2021-02-22,129.99,129.99,2,1,True,True
17163,St. Clair County,IL,259686,7,True,True,2020-03-22,2020-04-11,2020-05-14,14.7431,14.7431,1,0,False,False
17167,Sangamon County,IL,194672,7,True,True,2020-09-25,2020-11-10,2020-12-28,125.266,125.266,2,1,True,True
17179,Tazewell County,IL,131803,7,True,True,2020-08-02,2020-11-21,2021-02-10,126.921,126.921,1,0,False,False
17183,Vermilion County,IL,75758,7,True,True,2020-06-27,2020-07-21,2020-08-17,11.3142,11.3142,1,0,False,False
17195,Whiteside County,IL,55175,7,True,True,2020-09-30,2020-11-10,2020-12-27,184.349,184.349,1,0,False,True
17197,Will County,IL,690743,7,True,True,2020-10-13,2020-11-16,2021-02-08,111.805,111.805,3,2,True,True
17199,Williamson County,IL,66597,7,True,True,2020-10-03,2020-11-11,2021-02-07,98.6745,98.6745,2,1,True,False
17201,Winnebago County,IL,282572,7,True,True,2020-09-01,2020-11-08,2021-02-16,113.245,113.245,1,0,False,False
18003,Allen County,IN,379299,7,True,True,2020-10-13,2020-11-17,2020-12-25,115.288,115.288,3,1,True,True
18005,Bartholomew County,IN,83779,7,True,True,2020-10-11,2020-11-18,2021-03-05,106.743,106.743,3,2,True,True
18011,Boone County,IN,67843,7,True,False,,,,,,0,0,False,False
18019,Clark County,IN,118302,7,True,True,2020-03-24,2020-04-28,2020-05-13,13.1624,13.1624,1,0,False,False
18035,Delaware County,IN,114135,7,True,True,2020-07-22,2020-09-01,2020-09-24,55.6985,81.7328,3,1,True,False
18039,Elkhart County,IN,206341,7,True,True,2020-09-09,2020-11-15,2021-01-26,162.076,162.076,1,0,False,False
18043,Floyd County,IN,78522,7,True,True,2020-03-26,2020-05-15,2020-05-19,12.5534,12.5534,1,0,False,False
18053,Grant County,IN,65769,7,True,True,2020-08-21,2020-08-27,2020-09-24,79.7162,79.7162,3,2,True,False
18057,Hamilton County,IN,338011,7,True,False,,,,,,0,0,False,False
18059,Hancock County,IN,78168,7,True,True,2020-03-24,2020-04-07,2020-05-27,12.4274,12.4274,1,0,False,False
18063,Hendricks County,IN,170311,7,True,True,2020-03-23,2020-05-04,2020-05-24,18.9569,18.9569,1,0,False,False
18067,Howard County,IN,82544,7,True,True,2020-10-20,2020-11-22,2021-02-14,145.204,145.204,2,1,True,True
18081,Johnson County,IN,158167,7,True,True,2020-03-18,2020-05-11,2020-05-24,17.8834,17.8834,1,0,False,False
18085,Kosciusko County,IN,79456,7,True,True,2020-10-09,2020-11-19,2021-01-26,161.815,161.815,4,3,True,False
18089,Lake County,IN,485493,7,True,True,2020-10-09,2020-11-12,2021-02-01,111.021,111.021,2,1,True,True
18091,LaPorte County,IN,109888,7,True,True,2020-12-26,2021-01-11,2021-02-06,75.9215,75.9215,2,1,True,False
18095,Madison County,IN,129569,7,True,True,2020-03-24,2020-04-09,2020-05-23,18.5229,18.5229,2,0,False,True
18097,Marion County,IN,964582,7,True,False,,,,,,0,0,False,False
18105,Monroe County,IN,148431,7,True,True,2020-08-21,2020-09-12,2020-10-20,63.4253,77.3808,3,1,True,True
18109,Morgan County,IN,70489,7,True,True,2020-10-23,2020-12-09,2021-02-22,115.317,115.317,3,2,True,False
18127,Porter County,IN,170389,7,True,True,2020-09-28,2020-11-14,2021-02-09,127.104,127.104,1,0,False,True
18141,St. Joseph County,IN,271826,7,True,True,2020-09-24,2020-12-03,2021-01-24,125.238,125.238,3,2,True,True
18157,Tippecanoe County,IN,195732,7,True,True,2020-04-15,2020-05-06,2020-06-14,7.66354,7.66354,1,0,False,False
18163,Vanderburgh County,IN,181451,7,True,False,,,,,,0,0,False,False
18167,Vigo County,IN,107038,7,True,True,2020-10-08,2020-11-13,2021-02-08,155.352,155.352,2,1,True,True
18173,Warrick County,IN,62998,7,True,True,2020-12-29,2021-01-07,2021-02-17,130.163,130.163,1,0,False,False
18177,Wayne County,IN,65884,7,True,True,2020-08-20,2020-08-24,2020-09-12,88.0335,88.0335,1,0,False,True
19013,Black Hawk County,IA,131228,7,True,True,2020-10-18,2020-11-12,2020-12-24,189.093,189.093,4,2,True,True
19049,Dallas County,IA,93453,7,True,True,2020-10-05,2020-11-11,2021-03-13,159.286,159.286,3,2,True,True
19061,Dubuque County,IA,97311,7,True,True,2020-09-13,2020-11-12,2020-12-24,181.01,181.01,2,1,True,True
19103,Johnson County,IA,151140,7,True,True,2020-08-20,2020-08-30,2020-09-12,126.751,129.681,4,2,True,True
19113,Linn County,IA,226706,7,True,True,2020-10-16,2020-11-11,2021-02-05,209.522,209.522,1,0,False,True
19153,Polk County,IA,490161,7,True,True,2020-10-22,2020-11-12,2021-02-07,141.848,141.848,4,3,True,True
19155,Pottawattamie County,IA,93206,7,True,True,2020-09-27,2020-11-18,2021-01-31,158.788,158.788,2,1,True,True
19163,Scott County,IA,172943,7,True,True,2020-10-12,2020-11-12,2021-01-30,190.732,190.732,3,2,True,True
19169,Story County,IA,97117,7,True,True,2020-08-10,2020-08-29,2020-10-02,124.298,129.005,3,1,True,True
19181,Warren County,IA,51466,7,True,True,2020-10-12,2020-11-12,2021-02-15,144.895,144.895,2,1,True,True
19193,Woodbury County,IA,103107,7,True,True,2020-04-19,2020-04-29,2020-06-11,105.023,123.727,3,0,False,True
20015,Butler County,KS,66911,7,True,True,2020-10-06,2020-12-29,2021-02-11,180.837,180.837,2,1,True,True
20045,Douglas County,KS,122259,7,True,True,2020-08-21,2020-08-25,2020-10-23,49.4267,76.5354,3,1,True,True
20091,Johnson County,KS,602401,7,True,True,2020-10-24,2020-12-29,2021-02-22,109.324,109.324,3,2,True,True
20103,Leavenworth County,KS,81758,7,True,True,2020-04-27,2020-05-03,2020-05-21,102.568,102.568,4,0,False,True
20155,Reno County,KS,61998,7,True,True,2020-09-15,2020-11-27,2021-02-07,179.96,179.96,1,0,False,False
20161,Riley County,KS,74232,7,True,True,2020-09-18,2020-09-22,2020-10-10,102.574,102.574,3,1,True,True
20169,Saline County,KS,54224,7,True,True,2020-10-18,2020-12-29,2021-02-11,219.723,219.723,2,1,True,True
20173,Sedgwick County,KS,516042,7,True,True,2020-10-06,2020-12-29,2021-02-22,152.313,152.313,1,0,False,True
20177,Shawnee County,KS,176875,7,True,True,2020-09-25,2020-12-29,2021-02-22,124.059,124.059,1,0,False,True
20209,Wyandotte County,KS,165429,7,True,True,2020-10-08,2020-12-29,2021-02-22,154.317,154.317,3,2,True,True
21015,Boone County,KY,133581,7,True,True,2020-10-21,2021-01-05,2021-03-15,102.773,102.773,2,1,True,False
21029,Bullitt County,KY,81676,7,True,True,2020-12-23,2021-01-05,2021-03-08,81.8565,81.8565,1,0,False,False
21037,Campbell County,KY,93584,7,True,True,2020-10-21,2021-01-16,2021-03-14,103.345,103.345,1,0,False,False
21047,Christian County,KY,70461,7,True,True,2020-09-08,2021-01-05,2021-02-23,117.187,117.187,2,1,True,False
21059,Daviess County,KY,101511,7,True,True,2020-09-13,2021-01-05,2021-02-28,123.28,123.28,2,1,True,False
21067,Fayette County,KY,323152,7,True,True,2020-07-07,2020-10-04,2020-10-23,109.944,109.944,3,0,False,True
21073,Franklin County,KY,50991,7,True,True,2020-12-23,2021-02-01,2021-03-11,100.858,100.858,1,0,False,True
21093,Hardin County,KY,110958,7,True,True,2020-10-04,2021-01-05,2021-03-05,94.3729,94.3729,1,0,False,False
21111,Jefferson County,KY,766757,7,True,True,2020-10-01,2020-11-30,2020-12-22,84.9403,89.5795,4,2,True,False
21113,Jessamine County,KY,54115,7,True,True,2020-10-04,2021-01-23,2021-03-14,78.6684,78.6684,1,0,False,False
21117,Kenton County,KY,166998,7,True,True,2020-10-17,2021-01-12,2021-03-22,102.054,102.054,2,1,True,False
21125,Laurel County,KY,60813,7,True,True,2020-12-23,2021-01-05,2021-02-14,113.463,113.463,1,0,False,False
21145,McCracken County,KY,65418,7,True,True,2020-10-21,2020-11-30,2020-12-22,143.036,143.036,1,0,False,True
21151,Madison County,KY,92987,7,True,True,2020-11-01,2020-11-20,2020-12-27,86.9553,92.7933,3,1,True,False
21185,Oldham County,KY,66799,7,True,True,2020-11-11,2021-01-15,2021-02-09,252.784,252.784,2,1,True,True
21195,Pike County,KY,57876,7,True,True,2020-09-26,2021-01-05,2021-03-07,113.296,113.296,1,0,False,False
21199,Pulaski County,KY,64979,7,True,True,2020-11-10,2020-12-11,2021-03-02,166.208,166.208,1,0,False,True
21209,Scott County,KY,57004,7,True,True,2020-09-22,2021-01-10,2021-02-13,78.4406,78.4406,1,0,False,False
21227,Warren County,KY,132896,7,True,True,2020-10-12,2021-01-05,2021-02-24,117.923,117.923,3,2,True,False
22001,Acadia Parish,LA,62045,7,True,True,2020-05-15,2020-07-20,2020-08-28,117.426,117.426,3,0,False,True
22005,Ascension Parish,LA,126604,7,True,True,2020-10-24,2020-11-21,2020-12-23,93.6554,93.6554,4,2,True,True
22015,Bossier Parish,LA,127039,7,True,True,2020-09-15,2020-11-21,2021-02-14,131.006,131.006,1,0,False,True
22017,Caddo Parish,LA,240204,7,True,True,2020-06-21,2020-11-21,2020-12-12,95.4546,95.4546,2,0,False,True
22019,Calcasieu Parish,LA,203436,7,True,True,2020-06-12,2020-07-17,2020-09-03,87.4266,95.9937,3,0,False,True
22033,East Baton Rouge Parish,LA,440059,7,True,True,2020-10-15,2020-11-21,2020-12-25,73.9187,77.9116,2,0,False,False
22045,Iberia Parish,LA,69830,7,True,True,2020-06-20,2020-07-12,2020-09-14,86.3321,86.9458,3,0,False,True
22051,Jefferson Parish,LA,432493,7,True,True,2020-03-22,2020-04-04,2020-05-21,90.1418,98.862,4,0,False,True
22055,Lafayette Parish,LA,244390,7,True,True,2020-06-09,2020-08-01,2020-09-30,78.0953,97.0346,2,0,False,True
22057,Lafourche Parish,LA,97614,7,True,True,2020-06-23,2020-07-17,2020-08-29,63.3691,88.1021,4,1,True,True
22063,Livingston Parish,LA,140789,7,True,True,2020-11-03,2020-11-21,2021-03-05,119.328,119.328,1,0,False,True
22071,Orleans Parish,LA,390144,7,True,True,2020-03-18,2020-04-04,2020-04-23,113.804,113.804,5,0,False,True
22073,Ouachita Parish,LA,153279,7,True,True,2020-11-08,2020-11-21,2021-02-11,157.509,157.509,2,1,True,True
22079,Rapides Parish,LA,129648,7,True,True,2020-11-09,2020-11-21,2021-02-12,119.004,119.004,2,1,True,True
22089,St. Charles Parish,LA,53100,7,True,True,2020-03-28,2020-04-03,2020-05-02,66.9895,120.527,3,0,False,True
22097,St. Landry Parish,LA,82124,7,True,True,2020-06-14,2020-08-01,2020-09-15,95.5002,135.335,3,1,True,True
22099,St. Martin Parish,LA,53431,7,True,True,2020-03-26,2020-04-08,2020-05-20,21.9241,21.9241,1,0,False,True
22103,St. Tammany Parish,LA,260419,7,True,True,2020-11-15,2021-01-14,2021-03-10,114.87,114.87,4,3,True,True
22105,Tangipahoa Parish,LA,134758,7,True,True,2020-11-15,2020-11-21,2020-12-25,122.124,122.124,3,2,True,True
22109,Terrebonne Parish,LA,110461,7,True,True,2020-06-19,2020-07-13,2020-08-22,62.8535,92.3403,3,1,True,True
22113,Vermilion Parish,LA,59511,7,True,True,2020-06-11,2020-07-24,2020-09-12,79.6972,81.6176,2,0,False,True
23001,Androscoggin County,ME,108277,7,True,True,2020-11-03,2021-01-11,2021-02-09,68.2113,68.2113,2,1,True,True
23003,Aroostook County,ME,67055,7,True,True,2020-11-19,2021-01-02,2021-02-16,58.8003,58.8003,1,0,False,True
23005,Cumberland County,ME,295003,7,True,True,2020-10-28,2021-01-10,2021-05-21,62.9534,62.9534,3,2,True,True
23009,Hancock County,ME,54987,7,True,True,2020-10-31,2020-12-14,2021-01-28,28.838,28.838,1,0,False,False
23011,Kennebec County,ME,122302,7,True,True,2020-10-30,2021-01-13,2021-02-19,50.227,50.227,1,0,False,False
23017,Oxford County,ME,57975,7,True,True,2020-11-08,2020-12-20,2021-02-15,70.9665,70.9665,2,1,True,True
23019,Penobscot County,ME,152148,7,True,True,2020-11-02,2021-01-02,2021-02-01,45.5384,45.5384,2,1,True,False
23025,Somerset County,ME,50484,7,True,True,2020-10-23,2020-11-01,2020-11-29,28.8635,28.8635,1,0,False,False
23031,York County,ME,207641,7,True,True,2020-11-06,2021-01-02,2021-02-10,86.7569,86.7569,2,1,True,True
24001,Allegany County,MD,70416,7,True,True,2020-10-27,2020-12-03,2021-02-07,198.413,198.413,2,1,True,True
24003,Anne Arundel County,MD,579234,7,True,True,2020-12-28,2021-01-10,2021-02-10,71.3751,71.3751,3,2,True,False
24005,Baltimore County,MD,827370,7,True,True,2020-10-17,2020-11-19,2020-12-26,46.3085,48.0697,3,1,True,False
24009,Calvert County,MD,92525,7,True,True,2020-11-03,2021-01-10,2021-02-10,65.9281,65.9281,3,2,True,True
24013,Carroll County,MD,168447,7,True,True,2020-10-21,2021-01-10,2021-03-01,50.9698,50.9698,1,0,False,False
24015,Cecil County,MD,102855,7,True,True,2020-11-07,2020-12-09,2020-12-26,60.8346,60.8346,4,2,True,False
24017,Charles County,MD,163257,7,True,True,2020-03-21,2020-04-11,2020-06-17,13.6507,13.6507,1,0,False,False
24021,Frederick County,MD,259547,7,True,True,2020-11-07,2021-01-10,2021-02-12,81.7909,81.7909,1,0,False,False
24025,Harford County,MD,255441,7,True,True,2020-10-26,2020-11-19,2021-03-01,47.2572,47.2572,2,1,True,True
24027,Howard County,MD,325690,7,True,True,2020-11-03,2021-01-10,2021-03-02,53.0741,53.0741,3,2,True,False
24031,Montgomery County,MD,1050688,7,True,True,2020-12-21,2021-01-10,2021-02-12,54.6173,54.6173,2,1,True,False
24033,Prince George's County,MD,909327,7,True,True,2020-03-28,2020-05-04,2020-06-29,38.8513,65.3387,2,0,False,False
24035,Queen Anne's County,MD,50381,7,True,True,2020-12-16,2021-01-10,2021-02-21,75.9924,75.9924,1,0,False,False
24037,St. Mary's County,MD,113510,7,True,True,2020-12-21,2021-01-10,2021-05-11,55.5017,55.5017,2,1,True,True
24043,Washington County,MD,151049,7,True,False,,,,,,0,0,False,False
24045,Wicomico County,MD,103609,7,True,True,2020-12-10,2021-01-10,2021-03-01,70.0436,70.0436,2,1,True,True
24047,Worcester County,MD,52276,7,True,True,2020-11-10,2021-01-10,2021-02-15,84.9885,84.9885,2,1,True,True
24510,Baltimore City,MD,593490,7,True,False,,,,,,0,0,False,False
25001,Barnstable County,MA,212990,7,True,True,2020-11-07,2021-01-05,2021-02-19,71.7002,71.7002,2,1,True,True
25003,Berkshire County,MA,124944,7,True,True,2020-11-07,2021-01-07,2021-02-17,82.5513,82.5513,2,1,True,True
25005,Bristol County,MA,565217,7,True,True,2020-10-23,2021-01-07,2021-02-27,178.313,178.313,2,1,True,True
25009,Essex County,MA,789034,7,True,True,2020-10-21,2021-01-07,2021-02-28,178.03,178.03,2,1,True,True
25011,Franklin County,MA,70180,7,True,True,2020-11-07,2020-12-12,2021-02-25,44.5792,44.5792,2,1,True,True
25013,Hampden County,MA,466372,7,True,True,2020-10-23,2021-01-07,2021-02-09,153.587,153.587,2,1,True,True
25015,Hampshire County,MA,160830,7,True,True,2020-11-04,2021-01-07,2021-01-26,78.1659,78.1659,4,3,True,True
25017,Middlesex County,MA,1611699,7,True,True,2020-10-21,2021-01-07,2021-05-02,103.148,103.148,1,0,False,True
25021,Norfolk County,MA,706775,7,True,True,2020-11-03,2021-01-05,2021-04-29,111.674,111.674,2,1,True,True
25023,Plymouth County,MA,521202,7,True,True,2020-11-03,2021-01-05,2021-05-04,133.209,133.209,2,1,True,True
25025,Suffolk County,MA,803907,7,True,True,2020-10-22,2021-01-07,2021-02-10,134.877,134.877,3,2,True,True
25027,Worcester County,MA,830622,7,True,True,2020-10-29,2021-01-05,2021-02-10,110.588,110.588,3,2,True,True
26005,Allegan County,MI,118081,7,True,True,2020-10-12,2020-11-14,2020-12-22,91.9466,91.9466,1,0,False,True
26015,Barry County,MI,61550,7,True,True,2020-10-03,2020-11-30,2021-02-06,111.872,111.872,1,0,False,True
26017,Bay County,MI,103126,7,True,True,2020-10-23,2020-11-11,2021-01-23,125.782,125.782,3,2,True,True
26021,Berrien County,MI,153401,7,True,True,2020-10-12,2020-11-18,2020-12-22,110.076,110.076,4,2,True,True
26025,Calhoun County,MI,134159,7,True,True,2020-12-31,2021-04-14,2021-05-27,71.5569,71.5569,3,2,True,False
26027,Cass County,MI,51787,7,True,False,,,,,,0,0,False,False
26037,Clinton County,MI,79595,7,True,True,2020-09-19,2020-11-13,2020-12-21,91.8938,91.8938,3,1,True,True
26045,Eaton County,MI,110268,7,True,True,2020-10-05,2020-11-30,2020-12-22,79.0282,79.0282,3,1,True,True
26049,Genesee County,MI,405813,7,True,True,2020-09-22,2020-11-30,2021-02-12,83.9232,83.9232,1,0,False,False
26055,Grand Traverse County,MI,93088,7,True,True,2020-10-05,2020-12-05,2020-12-27,58.3166,58.47,3,1,True,False
26065,Ingham County,MI,292406,7,True,True,2020-08-13,2020-09-13,2020-10-03,35.0296,66.395,2,0,False,True
26067,Ionia County,MI,64697,7,True,True,2020-10-06,2020-11-30,2020-12-22,115.263,115.263,2,0,False,True
26073,Isabella County,MI,69872,7,True,True,2020-10-23,2020-11-14,2021-01-14,93.4362,93.4362,2,1,True,True
26075,Jackson County,MI,158510,7,True,True,2020-10-05,2020-11-30,2021-02-10,109.232,109.232,1,0,False,True
26077,Kalamazoo County,MI,265066,7,True,True,2020-09-08,2020-11-11,2021-02-04,66.7758,66.7758,2,1,True,False
26081,Kent County,MI,656955,7,True,True,2020-10-07,2020-11-11,2021-01-29,110.575,110.575,3,2,True,True
26087,Lapeer County,MI,87607,7,True,True,2020-10-12,2020-11-30,2021-01-30,104.362,104.362,2,1,True,True
26091,Lenawee County,MI,98451,7,True,True,2020-10-09,2021-04-11,2021-05-22,86.7727,86.7727,1,0,False,False
26093,Livingston County,MI,191995,7,True,True,2020-10-13,2020-11-30,2020-12-22,83.9308,83.9308,4,2,True,True
26099,Macomb County,MI,873972,7,True,True,2020-10-12,2020-11-30,2020-12-22,95.5408,95.5408,2,1,True,True
26103,Marquette County,MI,66699,7,True,True,2020-09-29,2020-11-11,2021-01-23,117.157,117.157,1,0,False,True
26111,Midland County,MI,83156,7,True,True,2020-10-17,2020-11-11,2020-12-22,105.653,105.653,2,0,False,True
26115,Monroe County,MI,150500,7,True,True,2020-10-12,2020-11-21,2021-02-15,93.5928,93.5928,1,0,False,True
26117,Montcalm County,MI,63888,7,True,True,2020-10-12,2020-11-30,2021-01-23,100.846,100.846,1,0,False,True
26121,Muskegon County,MI,173566,7,True,True,2020-10-21,2020-11-14,2021-01-14,128.399,128.399,2,1,True,True
26125,Oakland County,MI,1257584,7,True,True,2020-10-16,2020-11-30,2021-02-08,71.4068,71.4068,3,2,True,True
26139,Ottawa County,MI,291830,7,True,True,2020-10-21,2020-11-11,2020-12-22,118.905,118.905,3,1,True,True
26145,Saginaw County,MI,190539,7,True,True,2020-10-10,2020-11-11,2020-12-22,102.866,102.866,2,0,False,True
26147,St. Clair County,MI,159128,7,True,True,2020-10-11,2020-11-30,2021-02-06,87.2613,87.2613,1,0,False,True
26149,St. Joseph County,MI,60964,7,True,True,2020-09-25,2020-11-11,2020-12-22,89.2799,89.2799,2,0,False,False
26155,Shiawassee County,MI,68122,7,True,True,2020-10-18,2020-11-30,2021-02-17,89.1258,89.1258,2,1,True,False
26157,Tuscola County,MI,52245,7,True,False,,,,,,0,0,False,False
26159,Van Buren County,MI,75677,7,True,True,2020-10-12,2020-11-20,2021-02-08,92.6872,92.6872,1,0,False,True
26161,Washtenaw County,MI,367601,7,True,True,2020-09-23,2020-11-30,2020-12-22,53.5907,53.5907,5,3,True,True
26163,Wayne County,MI,1749343,7,True,True,2020-03-20,2020-04-04,2020-06-10,43.3632,66.0738,2,0,False,True
27003,Anoka County,MN,356921,7,True,True,2020-10-12,2020-11-13,2020-12-25,167.864,167.864,2,1,True,True
27013,Blue Earth County,MN,67653,7,True,True,2020-10-25,2020-11-17,2020-12-22,157.104,157.104,4,2,True,True
27019,Carver County,MN,105089,7,True,True,2020-10-25,2020-11-17,2020-12-24,136.211,136.211,2,1,True,True
27025,Chisago County,MN,56579,7,True,True,2020-09-30,2020-11-13,2021-01-31,169.169,169.169,1,0,False,True
27027,Clay County,MN,64222,7,True,True,2020-09-30,2020-11-24,2020-12-25,154.598,154.598,2,1,True,True
27035,Crow Wing County,MN,65055,7,True,True,2020-09-23,2020-11-13,2020-12-23,174.797,174.797,1,0,False,True
27037,Dakota County,MN,429021,7,True,True,2020-10-12,2020-11-14,2021-01-22,119.042,119.042,3,2,True,True
27053,Hennepin County,MN,1265843,7,True,True,2020-09-15,2020-11-13,2021-05-17,102.913,102.913,1,0,False,True
27109,Olmsted County,MN,158293,7,True,True,2020-09-23,2020-11-17,2021-02-22,122.919,122.919,1,0,False,True
27111,Otter Tail County,MN,58746,7,True,True,2020-10-12,2020-11-13,2021-01-21,191.867,191.867,1,0,False,True
27123,Ramsey County,MN,550321,7,True,True,2020-10-09,2020-11-13,2021-01-22,102.797,102.797,2,1,True,True
27131,Rice County,MN,66972,7,True,True,2020-10-25,2020-11-17,2021-02-02,190.271,190.271,2,1,True,True
27137,St. Louis County,MN,199070,7,True,True,2020-09-15,2020-11-22,2021-02-01,125.082,125.082,1,0,False,True
27139,Scott County,MN,149013,7,True,True,2020-10-09,2020-11-17,2021-01-26,159.622,159.622,1,0,False,True
27141,Sherburne County,MN,97238,7,True,True,2020-10-12,2020-11-14,2021-01-15,191.724,191.724,1,0,False,True
27145,Stearns County,MN,161075,7,True,True,2020-10-03,2020-11-13,2021-01-11,203.543,203.543,3,2,True,True
27163,Washington County,MN,262440,7,True,True,2020-09-21,2020-11-14,2021-01-27,124.981,124.981,1,0,False,True
27169,Winona County,MN,50484,7,True,True,2020-08-24,2020-11-13,2021-02-07,127.056,127.056,1,0,False,True
27171,Wright County,MN,138377,7,True,True,2020-09-29,2020-11-13,2021-01-24,160.431,160.431,1,0,False,True
28033,DeSoto County,MS,184945,7,True,False,,,,,,0,0,False,False
28035,Forrest County,MS,74897,7,True,True,2020-04-04,2020-07-27,2020-11-08,46.9216,46.9216,1,0,False,False
28047,Harrison County,MS,208080,7,True,True,2020-09-23,2021-01-13,2021-03-16,92.4095,92.4095,1,0,False,False
28049,Hinds County,MS,231840,7,True,True,2020-06-19,2020-07-23,2020-09-01,60.0168,67.5343,2,0,False,True
28059,Jackson County,MS,143617,7,True,True,2020-06-22,2020-07-21,2020-09-15,57.7926,80.273,3,1,True,True
28067,Jones County,MS,68098,7,True,True,2020-10-30,2021-01-11,2021-03-15,123.561,123.561,2,1,True,False
28071,Lafayette County,MS,54019,7,True,True,2020-08-17,2020-09-04,2020-09-23,90.4444,99.4359,3,0,False,True
28073,Lamar County,MS,63343,7,True,True,2020-06-19,2020-07-15,2020-08-10,50.7441,50.7441,1,0,False,False
28075,Lauderdale County,MS,74125,7,True,True,2020-09-28,2021-01-13,2021-03-13,88.0752,88.0752,2,1,True,False
28081,Lee County,MS,85436,7,True,True,2020-05-26,2020-08-21,2020-09-10,49.9957,49.9957,1,0,False,False
28087,Lowndes County,MS,58595,7,True,True,2020-11-01,2020-12-12,2021-02-13,136.287,136.287,3,2,True,True
28089,Madison County,MS,106272,7,True,True,2020-04-19,2020-07-23,2020-09-06,49.3343,49.3343,2,0,False,False
28109,Pearl River County,MS,55535,7,True,False,,,,,,0,0,False,False
28121,Rankin County,MS,155271,7,True,True,2020-10-24,2021-01-09,2021-02-20,89.5209,89.5209,2,1,True,False
29019,Boone County,MO,180463,7,True,True,2020-08-15,2020-08-30,2020-09-27,77.974,101.643,4,2,True,True
29021,Buchanan County,MO,87364,7,True,True,2020-04-20,2020-04-28,2020-06-05,50.5275,76.6906,3,0,False,True
29031,Cape Girardeau County,MO,78871,7,True,True,2020-10-18,2020-11-09,2021-02-07,146.713,146.713,3,2,True,True
29037,Cass County,MO,105780,7,True,True,2020-09-09,2020-11-13,2021-02-19,74.5483,74.5483,2,1,True,True
29043,Christian County,MO,88595,7,True,False,,,,,,0,0,False,False
29047,Clay County,MO,249948,7,True,True,2020-10-01,2020-11-09,2020-11-20,34.6358,34.6358,2,0,False,False
29051,Cole County,MO,76745,7,True,True,2020-08-01,2020-11-07,2021-02-03,184.842,184.842,1,0,False,False
29071,Franklin County,MO,103967,7,True,True,2020-03-18,2020-04-07,2020-04-12,7.41994,7.41994,1,0,False,False
29077,Greene County,MO,293086,7,True,True,2020-06-29,2020-09-01,2020-09-07,43.2832,74.7708,2,0,False,False
29095,Jackson County (including other portions of Kansas City),MO,703011,7,True,True,2020-09-30,2020-11-07,2020-11-21,89.4113,89.4113,4,2,True,False
29097,Jasper County,MO,121328,7,True,True,2020-08-07,2020-11-08,2021-02-13,108.325,108.325,2,1,True,False
29099,Jefferson County,MO,225081,7,True,True,2020-07-06,2020-11-10,2021-02-25,103.709,103.709,1,0,False,True
29101,Johnson County,MO,54062,7,True,True,2020-08-27,2020-11-12,2021-01-18,81.9165,81.9165,2,1,True,True
29113,Lincoln County,MO,59013,7,True,False,,,,,,0,0,False,False
29145,Newton County,MO,58236,7,True,True,2020-05-29,2020-06-19,2020-07-18,56.4207,74.0828,2,0,False,True
29165,Platte County,MO,104418,7,True,True,2020-12-10,2021-01-05,2021-02-25,34.4768,34.4768,1,0,False,False
29169,Pulaski County,MO,52607,7,True,True,2020-08-02,2020-12-14,2021-02-06,81.4666,81.4666,1,0,False,True
29183,St. Charles County,MO,402022,7,True,True,2020-10-02,2020-11-10,2021-02-09,97.1873,97.1873,3,2,True,True
29187,St. Francois County,MO,67215,7,True,True,2020-07-21,2020-09-11,2020-09-12,102.231,158.341,2,0,False,True
29189,St. Louis County,MO,994205,7,True,True,2020-10-09,2020-11-10,2021-02-09,80.2508,80.2508,3,2,True,True
29213,Taney County,MO,55928,7,True,True,2020-06-22,2020-07-28,2020-08-29,42.6569,75.0966,2,0,False,False
29510,City of St. Louis,MO,300576,7,True,True,2020-10-08,2020-11-10,2021-02-06,55.1322,55.1322,3,2,True,False
30013,Cascade County,MT,81366,7,True,True,2020-09-21,2020-11-16,2020-12-27,256.337,256.337,1,0,False,True
30029,Flathead County,MT,103806,7,True,True,2020-09-16,2020-10-09,2020-10-26,97.4345,133.491,2,0,False,False
30031,Gallatin County,MT,114434,7,True,True,2020-09-24,2020-11-13,2020-12-22,171.278,171.278,3,1,True,True
30049,Lewis and Clark County,MT,69432,7,True,True,2020-09-26,2020-12-04,2021-03-08,138.882,138.882,1,0,False,False
30063,Missoula County,MT,119600,7,True,True,2020-09-16,2020-11-18,2020-12-30,94.3622,94.3622,3,1,True,False
30111,Yellowstone County,MT,161300,7,True,False,,,,,,0,0,False,False
31055,Douglas County,NE,571327,7,True,True,2020-09-28,2020-11-15,2021-02-02,132.173,132.173,2,1,True,True
31079,Hall County,NE,61353,7,True,True,2020-04-05,2020-04-30,2020-05-18,123.408,134.584,2,0,False,True
31109,Lancaster County,NE,319090,7,True,True,2020-10-23,2020-12-02,2021-02-02,94.5098,94.5098,3,2,True,True
31153,Sarpy County,NE,187196,7,True,True,2020-09-10,2020-11-15,2021-05-04,126.529,126.529,1,0,False,False
32003,Clark County,NV,2266715,7,True,True,2020-10-07,2021-01-08,2021-02-16,98.1408,98.1408,2,1,True,False
32007,Elko County,NV,52778,7,True,True,2020-10-07,2020-11-26,2021-02-26,132.631,132.631,3,2,True,False
32019,Lyon County,NV,57510,7,True,True,2020-11-19,2020-11-28,2021-01-26,127.431,127.431,2,1,True,True
32031,Washoe County,NV,471519,7,True,True,2020-10-06,2020-11-26,2021-02-06,124.37,124.37,1,0,False,True
32510,Carson City,NV,55916,7,True,True,2020-09-12,2020-09-12,2020-09-19,21.9717,33.7241,2,0,False,True
33001,Belknap County,NH,61303,7,True,True,2020-11-09,2020-12-31,2021-03-04,121.411,121.411,1,0,False,True
33005,Cheshire County,NH,76085,7,True,True,2020-11-05,2021-01-13,2021-02-05,66.8425,66.8425,1,0,False,True
33009,Grafton County,NH,89886,7,True,False,,,,,,0,0,False,False
33011,Hillsborough County,NH,417025,7,True,True,2020-11-05,2020-12-31,2021-05-15,125.995,125.995,1,0,False,True
33013,Merrimack County,NH,151391,7,True,True,2020-11-13,2020-12-31,2021-05-14,102.384,102.384,1,0,False,True
33015,Rockingham County,NH,309769,7,True,True,2020-11-02,2020-12-31,2021-05-13,107.453,107.453,2,1,True,True
33017,Strafford County,NH,130633,7,True,True,2020-10-30,2020-12-31,2021-03-10,104.874,104.874,1,0,False,True
34001,Atlantic County,NJ,263670,7,True,True,2020-11-04,2021-01-01,2021-03-15,217.642,217.642,4,3,True,True
34003,Bergen County,NJ,932202,7,True,True,2020-03-20,2020-04-04,2020-05-12,70.8614,113.112,2,0,False,True
34005,Burlington County,NJ,445349,7,True,True,2020-12-17,2020-12-31,2021-03-13,122.312,122.312,1,0,False,True
34007,Camden County,NJ,506471,7,True,True,2020-12-26,2021-01-01,2021-02-19,125.603,125.603,2,1,True,False
34009,Cape May County,NJ,92039,7,True,True,2020-12-26,2021-01-01,2021-02-13,373.599,373.599,2,1,True,True
34011,Cumberland County,NJ,149527,7,True,True,2020-11-10,2020-12-31,2021-03-12,196.811,196.811,2,1,True,True
34013,Essex County,NJ,798975,7,True,True,2020-03-23,2020-04-07,2020-06-07,62.8126,111.732,2,0,False,True
34015,Gloucester County,NJ,291636,7,True,True,2020-11-02,2021-01-01,2021-03-14,141.566,141.566,2,1,True,True
34017,Hudson County,NJ,672391,7,True,True,2020-03-23,2020-04-06,2020-05-29,76.6773,131.79,2,0,False,True
34019,Hunterdon County,NJ,124371,7,True,True,2020-10-28,2020-12-30,2021-03-20,76.0398,76.0398,2,1,True,True
34021,Mercer County,NJ,367430,7,True,True,2020-03-25,2020-05-01,2020-06-24,45.1398,73.9888,3,0,False,True
34023,Middlesex County,NJ,825062,7,True,True,2020-12-26,2021-01-01,2021-03-14,105.187,105.187,1,0,False,True
34025,Monmouth County,NJ,618795,7,True,True,2020-10-29,2020-12-31,2021-04-30,128.337,128.337,2,1,True,True
34027,Morris County,NJ,491845,7,True,True,2020-10-31,2021-01-01,2021-02-22,135.641,135.641,2,1,True,True
34029,Ocean County,NJ,607186,7,True,True,2020-11-08,2021-01-01,2021-04-25,146.39,146.39,3,2,True,True
34031,Passaic County,NJ,501826,7,True,True,2020-03-23,2020-04-06,2020-06-03,83.6943,126.367,2,0,False,True
34033,Salem County,NJ,62385,7,True,True,2020-11-10,2021-01-01,2021-02-08,144.723,144.723,2,1,True,True
34035,Somerset County,NJ,328934,7,True,True,2020-11-06,2021-01-01,2021-01-26,148.749,148.749,2,1,True,True
34037,Sussex County,NJ,140488,7,True,True,2020-11-05,2021-03-23,2021-05-07,112.058,112.058,2,1,True,True
34039,Union County,NJ,556341,7,True,True,2020-03-23,2020-04-16,2020-06-07,88.0498,167.754,2,0,False,True
34041,Warren County,NJ,105267,7,True,True,2020-11-03,2021-05-05,2021-05-11,134.895,134.895,2,1,True,True
35001,Bernalillo County,NM,679121,7,True,True,2020-10-07,2020-11-20,2021-03-01,122.07,122.07,2,1,True,True
35005,Chaves County,NM,64615,7,True,True,2020-08-27,2020-11-19,2021-02-14,190.137,190.137,1,0,False,True
35013,Doña Ana County,NM,218195,7,True,True,2020-09-27,2020-11-19,2021-03-30,147.967,147.967,1,0,False,True
35015,Eddy County,NM,58460,7,True,True,2020-08-08,2020-11-21,2020-12-05,114.853,116.074,2,0,False,False
35025,Lea County,NM,71070,7,True,True,2020-09-24,2020-12-14,2021-02-05,154.576,154.576,1,0,False,False
35031,McKinley County,NM,71367,7,True,True,2020-10-22,2020-11-22,2021-02-12,242.209,242.209,2,1,True,True
35035,Otero County,NM,67490,7,True,True,2020-10-14,2020-11-19,2020-12-26,82.5519,82.5519,3,1,True,True
35043,Sandoval County,NM,146748,7,True,True,2020-10-10,2020-11-21,2021-02-23,121.296,121.296,1,0,False,True
35045,San Juan County,NM,123958,7,True,False,,,,,,0,0,False,False
35049,Santa Fe County,NM,150358,7,True,True,2020-10-14,2020-11-20,2020-12-24,115.534,115.534,2,0,False,True
35061,Valencia County,NM,76688,7,True,True,2020-10-13,2020-11-20,2021-02-13,155.36,155.36,1,0,False,True
36001,Albany County,NY,305506,7,True,True,2020-11-03,2021-01-10,2021-04-26,99.2265,99.2265,3,2,True,True
36005,Bronx County,NY,1418207,7,True,True,2020-03-18,2020-04-06,2020-06-01,85.1075,85.1075,1,0,False,True
36007,Broome County,NY,190488,7,True,True,2020-09-26,2021-01-10,2021-03-08,113.093,113.093,1,0,False,False
36009,Cattaraugus County,NY,76117,7,True,True,2020-10-02,2020-12-08,2020-12-24,73.7586,78.6383,2,0,False,False
36011,Cayuga County,NY,76576,7,True,True,2020-11-06,2021-01-02,2021-03-02,135.44,135.44,1,0,False,True
36013,Chautauqua County,NY,126903,7,True,True,2020-10-27,2021-01-10,2021-05-03,111.108,111.108,2,1,True,False
36015,Chemung County,NY,83456,7,True,True,2020-12-25,2021-01-10,2021-02-13,87.9848,87.9848,2,1,True,False
36019,Clinton County,NY,80485,7,True,True,2020-12-04,2021-01-10,2021-03-13,88.0377,88.0377,1,0,False,True
36021,Columbia County,NY,59461,7,True,True,2020-10-25,2021-01-10,2021-03-12,94.6599,94.6599,2,1,True,False
36027,Dutchess County,NY,294218,7,True,True,2020-11-05,2021-01-10,2021-05-09,100.994,100.994,2,1,True,True
36029,Erie County,NY,918702,7,True,True,2020-12-28,2021-01-10,2021-02-16,80.3307,80.3307,2,1,True,False
36033,Franklin County,NY,50022,7,True,False,,,,,,0,0,False,False
36035,Fulton County,NY,53383,7,True,True,2020-11-20,2021-01-10,2021-03-02,98.7473,98.7473,2,1,True,False
36037,Genesee County,NY,57280,7,True,True,2020-11-05,2020-12-22,2021-02-25,141.411,141.411,2,1,True,False
36043,Herkimer County,NY,61319,7,True,True,2020-11-19,2021-01-10,2021-02-17,165.411,165.411,1,0,False,True
36045,Jefferson County,NY,109834,7,True,True,2020-11-18,2021-01-10,2021-03-06,82.4621,82.4621,1,0,False,False
36047,Kings County,NY,2559903,7,True,True,2020-03-16,2020-04-13,2020-06-08,56.5144,56.5144,1,0,False,True
36051,Livingston County,NY,62914,7,True,True,2020-10-23,2021-01-10,2021-03-02,87.648,87.648,1,0,False,False
36053,Madison County,NY,70941,7,True,True,2020-11-03,2020-12-10,2020-12-24,79.1402,86.3897,4,2,True,True
36055,Monroe County,NY,741770,7,True,True,2020-10-27,2021-01-10,2021-03-09,95.12,95.12,1,0,False,True
36059,Nassau County,NY,1356924,7,True,True,2020-03-18,2020-04-06,2020-05-13,100.574,132.39,2,0,False,True
36061,New York County,NY,1628706,7,True,True,2020-03-15,2020-04-12,2020-06-04,44.8472,44.8472,1,0,False,True
36063,Niagara County,NY,209281,7,True,True,2020-11-02,2020-12-06,2020-12-27,76.7253,114.815,3,1,True,False
36065,Oneida County,NY,228671,7,True,True,2020-03-24,2020-06-27,2020-08-11,12.8694,12.8694,1,0,False,False
36067,Onondaga County,NY,460528,7,True,True,2020-10-24,2021-01-10,2021-05-18,92.2854,92.2854,2,1,True,True
36069,Ontario County,NY,109777,7,True,True,2020-11-01,2021-01-10,2021-02-01,87.7103,87.7103,2,1,True,True
36071,Orange County,NY,384940,7,True,True,2020-03-19,2020-04-07,2020-05-26,79.2331,95.7849,2,0,False,True
36075,Oswego County,NY,117124,7,True,True,2020-11-04,2020-12-02,2020-12-24,59.0339,82.6962,4,2,True,False
36077,Otsego County,NY,59493,7,True,True,2020-08-25,2020-09-04,2020-09-15,33.8575,33.8575,1,0,False,False
36079,Putnam County,NY,98320,7,True,True,2020-10-29,2020-12-05,2020-12-21,79.0422,113.187,3,1,True,True
36081,Queens County,NY,2253858,7,True,True,2020-03-17,2020-04-09,2020-06-01,72.2507,72.2507,1,0,False,True
36083,Rensselaer County,NY,158714,7,True,True,2020-11-14,2021-01-10,2021-02-10,106.571,106.571,2,1,True,True
36085,Richmond County,NY,476143,7,True,True,2020-03-18,2020-04-11,2020-05-13,94.8995,94.8995,1,0,False,True
36087,Rockland County,NY,325789,7,True,True,2020-03-19,2020-04-03,2020-05-10,139.968,139.968,1,0,False,True
36089,St. Lawrence County,NY,107740,7,True,True,2020-11-09,2021-01-08,2021-03-16,88.1752,88.1752,2,1,True,False
36091,Saratoga County,NY,229863,7,True,True,2020-11-19,2021-01-10,2021-02-10,104.596,104.596,2,1,True,True
36093,Schenectady County,NY,155299,7,True,True,2020-11-11,2021-01-10,2021-02-13,115.905,115.905,2,1,True,True
36101,Steuben County,NY,95379,7,True,True,2020-09-25,2021-01-10,2021-02-10,93.7613,93.7613,2,1,True,True
36103,Suffolk County,NY,1476601,7,True,True,2020-03-19,2020-04-06,2020-05-23,83.8509,143.283,2,0,False,True
36105,Sullivan County,NY,75432,7,True,True,2020-03-18,2020-04-27,2020-06-07,48.8614,48.8614,1,0,False,False
36109,Tompkins County,NY,102180,7,True,True,2020-11-04,2020-12-06,2021-01-03,37.7485,37.7485,3,2,True,False
36111,Ulster County,NY,177573,7,True,True,2020-11-08,2021-01-10,2021-02-23,74.0943,74.0943,3,2,True,True
36113,Warren County,NY,63944,7,True,True,2020-12-01,2021-01-10,2021-02-13,97.8535,97.8535,1,0,False,True
36115,Washington County,NY,61204,7,True,True,2020-12-02,2021-01-10,2021-02-13,77.2592,77.2592,2,1,True,True
36117,Wayne County,NY,89918,7,True,True,2020-10-22,2021-01-07,2021-02-10,80.8673,80.8673,1,0,False,False
36119,Westchester County,NY,967506,7,True,True,2020-03-17,2020-03-26,2020-05-24,98.1315,98.1315,1,0,False,True
37001,Alamance County,NC,169509,7,True,True,2020-06-06,2020-12-31,2021-06-04,115.207,115.207,1,0,False,False
37019,Brunswick County,NC,142820,7,True,True,2020-10-31,2020-12-31,2021-03-30,66.2172,66.2172,1,0,False,False
37021,Buncombe County,NC,261191,7,True,True,2020-09-22,2020-12-31,2021-03-10,92.4337,92.4337,1,0,False,True
37023,Burke County,NC,90485,7,True,True,2020-10-27,2020-12-31,2021-02-24,131.356,131.356,2,1,True,False
37025,Cabarrus County,NC,216453,7,True,True,2020-06-24,2020-12-31,2021-03-10,114.113,114.113,1,0,False,False
37027,Caldwell County,NC,82178,7,True,True,2020-10-02,2020-12-31,2021-02-14,182.531,182.531,2,1,True,True
37031,Carteret County,NC,69473,7,True,True,2020-09-22,2020-12-31,2021-03-03,73.2042,73.2042,1,0,False,False
37035,Catawba County,NC,159551,7,True,True,2020-09-22,2020-12-31,2021-03-18,148.721,148.721,1,0,False,False
37037,Chatham County,NC,74470,7,True,True,2020-04-07,2020-04-28,2020-06-21,31.4604,31.4604,1,0,False,True
37045,Cleveland County,NC,97947,7,True,True,2020-06-28,2020-12-18,2020-12-24,97.4288,145.706,2,0,False,True
37047,Columbus County,NC,55508,7,True,True,2020-10-31,2020-11-24,2020-12-24,88.5329,130.483,2,0,False,True
37049,Craven County,NC,102139,7,True,True,2020-08-11,2020-09-28,2020-11-09,55.107,96.7869,3,1,True,False
37051,Cumberland County,NC,335509,7,True,True,2020-10-30,2021-02-02,2021-02-28,70.8944,70.8944,1,0,False,False
37057,Davidson County,NC,167609,7,True,True,2020-11-02,2020-12-31,2021-02-20,127.337,127.337,1,0,False,False
37061,Duplin County,NC,58741,7,True,True,2020-04-21,2020-05-21,2020-08-14,58.3676,99.4681,3,0,False,True
37063,Durham County,NC,321488,7,True,True,2020-10-31,2020-12-31,2021-02-28,64.5214,64.5214,3,2,True,False
37065,Edgecombe County,NC,51472,7,True,True,2020-07-10,2021-01-10,2021-01-24,70.2185,70.2185,1,0,False,False
37067,Forsyth County,NC,382295,7,True,True,2020-09-28,2020-12-31,2021-05-30,96.1113,96.1113,1,0,False,False
37069,Franklin County,NC,69685,7,True,True,2020-10-31,2020-12-31,2021-05-21,105.372,105.372,2,1,True,False
37071,Gaston County,NC,224529,7,True,True,2020-10-04,2020-12-31,2021-02-24,154.228,154.228,2,1,True,True
37077,Granville County,NC,60443,7,True,True,2020-05-14,2020-06-08,2020-06-29,71.6141,98.558,2,0,False,True
37081,Guilford County,NC,537174,7,True,True,2020-10-05,2020-12-31,2021-05-17,85.9525,85.9525,2,1,True,False
37083,Halifax County,NC,50010,7,True,True,2020-10-10,2021-01-31,2021-02-16,145.685,145.685,2,1,True,True
37085,Harnett County,NC,135976,7,True,True,2020-07-09,2020-12-31,2021-03-16,76.379,76.379,1,0,False,False
37087,Haywood County,NC,62317,7,True,True,2020-10-31,2020-12-31,2021-03-01,96.7404,96.7404,2,1,True,True
37089,Henderson County,NC,117417,7,True,True,2020-11-16,2020-12-31,2021-03-19,101.348,101.348,2,1,True,False
37093,Hoke County,NC,55234,7,True,True,2020-09-10,2020-12-31,2021-02-23,78.6265,78.6265,1,0,False,False
37097,Iredell County,NC,181806,7,True,True,2020-10-10,2020-12-31,2021-04-05,106.236,106.236,1,0,False,False
37101,Johnston County,NC,209339,7,True,True,2020-09-22,2020-12-31,2021-03-30,113.35,113.35,1,0,False,False
37105,Lee County,NC,61779,7,True,True,2020-11-16,2020-12-31,2021-02-27,103.826,103.826,3,2,True,False
37107,Lenoir County,NC,55949,7,True,True,2020-09-22,2021-01-05,2021-03-09,116.943,116.943,1,0,False,False
37109,Lincoln County,NC,86111,7,True,True,2020-09-23,2020-12-31,2021-02-24,136.867,136.867,2,1,True,False
37119,Mecklenburg County,NC,1110356,7,True,True,2020-09-22,2020-12-31,2021-05-13,102.31,102.31,1,0,False,False
37125,Moore County,NC,100880,7,True,True,2020-11-12,2020-12-31,2021-03-02,110.032,110.032,2,1,True,False
37127,Nash County,NC,94298,7,True,True,2020-06-26,2020-12-31,2021-01-15,101.047,101.047,1,0,False,True
37129,New Hanover County,NC,234473,7,True,True,2020-08-27,2021-01-23,2021-03-10,90.2937,90.2937,1,0,False,False
37133,Onslow County,NC,197938,7,True,True,2020-09-17,2020-12-31,2021-03-21,101.547,101.547,1,0,False,False
37135,Orange County,NC,148476,7,True,True,2020-08-10,2020-08-23,2020-09-08,50.8019,50.8019,3,1,True,True
37141,Pender County,NC,63060,7,True,True,2020-09-11,2021-01-22,2021-05-16,99.9049,99.9049,2,1,True,False
37147,Pitt County,NC,180742,7,True,True,2020-06-26,2020-12-08,2020-12-24,70.2659,125.514,2,0,False,False
37151,Randolph County,NC,143667,7,True,True,2020-09-19,2020-12-31,2021-04-15,110.076,110.076,2,1,True,False
37155,Robeson County,NC,130625,7,True,True,2020-08-11,2020-12-31,2021-03-01,139.221,139.221,2,1,True,True
37157,Rockingham County,NC,91010,7,True,True,2020-09-23,2021-01-10,2021-02-28,91.6697,91.6697,2,1,True,False
37159,Rowan County,NC,142088,7,True,True,2020-11-02,2020-12-31,2021-03-01,148.902,148.902,2,1,True,False
37161,Rutherford County,NC,67029,7,True,True,2020-09-23,2020-12-31,2021-02-24,164.961,164.961,1,0,False,True
37163,Sampson County,NC,63531,7,True,True,2020-09-15,2020-09-28,2020-12-24,112.206,112.206,2,0,False,True
37167,Stanly County,NC,62806,7,True,True,2020-10-31,2020-12-31,2021-04-05,139.659,139.659,1,0,False,False
37171,Surry County,NC,71783,7,True,True,2020-09-27,2020-12-31,2021-03-10,121.597,121.597,1,0,False,False
37179,Union County,NC,239859,7,True,True,2020-10-31,2020-12-31,2021-04-05,131.625,131.625,1,0,False,True
37183,Wake County,NC,1111761,7,True,True,2020-09-24,2021-01-12,2021-05-13,87.0819,87.0819,1,0,False,False
37189,Watauga County,NC,56177,7,True,True,2020-07-03,2020-09-28,2020-10-26,77.561,77.561,3,0,False,True
37191,Wayne County,NC,123131,7,True,True,2020-04-08,2020-04-19,2020-05-03,58.5903,78.0818,2,0,False,True
37193,Wilkes County,NC,68412,7,True,True,2020-09-29,2020-12-31,2021-02-27,110.883,110.883,3,2,True,True
37195,Wilson County,NC,81801,7,True,True,2020-06-01,2021-01-05,2021-05-09,108.626,108.626,1,0,False,False
38015,Burleigh County,ND,95626,7,True,True,2020-07-21,2020-11-05,2020-12-28,227.374,227.374,1,0,False,False
38017,Cass County,ND,181923,7,True,True,2020-08-25,2020-11-05,2021-01-17,160.665,160.665,1,0,False,True
38035,Grand Forks County,ND,69451,7,True,True,2020-09-26,2020-11-05,2020-12-15,294.144,294.144,2,1,True,True
38101,Ward County,ND,67641,7,True,True,2020-09-26,2020-11-03,2020-12-12,345.733,345.733,1,0,False,True
39003,Allen County,OH,102351,7,True,True,2020-10-05,2020-11-22,2021-02-14,142.088,142.088,1,0,False,False
39005,Ashland County,OH,53484,7,True,True,2020-10-21,2020-12-10,2021-01-31,141.564,141.564,1,0,False,False
39007,Ashtabula County,OH,97241,7,True,True,2020-10-26,2020-11-22,2021-01-24,100.34,100.34,1,0,False,True
39009,Athens County,OH,65327,7,True,True,2020-11-18,2020-12-01,2020-12-24,75.0073,75.0073,2,1,True,True
39013,Belmont County,OH,67006,7,True,True,2020-10-26,2020-12-07,2021-03-24,88.0518,88.0518,2,1,True,False
39017,Butler County,OH,383134,7,True,True,2020-08-23,2020-12-08,2021-04-01,105.148,105.148,1,0,False,False
39023,Clark County,OH,134083,7,True,True,2020-10-05,2020-12-11,2020-12-22,114.428,114.428,3,1,True,False
39025,Clermont County,OH,206428,7,True,True,2020-10-08,2021-01-05,2021-03-10,114.118,114.118,1,0,False,False
39029,Columbiana County,OH,101883,7,True,True,2020-10-23,2020-12-06,2020-12-22,100.956,100.956,4,2,True,True
39035,Cuyahoga County,OH,1235072,7,True,True,2020-10-22,2020-12-10,2021-02-19,117.657,117.657,1,0,False,False
39037,Darke County,OH,51113,7,True,True,2020-09-28,2020-11-22,2021-01-30,160.708,160.708,2,1,True,True
39041,Delaware County,OH,209177,7,True,True,2020-11-02,2020-12-11,2020-12-22,117.945,117.945,2,0,False,False
39043,Erie County,OH,74266,7,True,True,2020-11-01,2020-12-11,2021-02-06,165.044,165.044,1,0,False,True
39045,Fairfield County,OH,157574,7,True,True,2020-12-23,2021-01-11,2021-02-15,93.7428,93.7428,2,1,True,False
39049,Franklin County,OH,1316756,7,True,True,2020-10-25,2020-12-07,2020-12-22,99.2048,99.2048,3,2,True,False
39055,Geauga County,OH,93649,7,True,True,2020-10-22,2020-11-25,2020-12-24,87.1034,87.1034,1,0,False,True
39057,Greene County,OH,168937,7,True,True,2020-09-01,2020-11-22,2021-02-28,92.9341,92.9341,1,0,False,False
39061,Hamilton County,OH,817473,7,True,True,2020-10-11,2020-12-10,2021-02-26,107.684,107.684,2,1,True,False
39063,Hancock County,OH,75783,7,True,True,2020-07-10,2020-07-26,2020-08-06,24.6946,24.6946,1,0,False,True
39077,Huron County,OH,58266,7,True,True,2020-11-01,2020-12-11,2021-02-08,151.522,151.522,1,0,False,False
39081,Jefferson County,OH,65325,7,True,True,2020-10-31,2020-12-11,2021-02-28,136.242,136.242,1,0,False,True
39083,Knox County,OH,62322,7,True,True,2020-10-19,2020-11-22,2021-02-23,95.1281,95.1281,2,1,True,True
39085,Lake County,OH,230149,7,True,True,2020-10-26,2020-11-22,2021-03-08,130.288,130.288,2,1,True,True
39087,Lawrence County,OH,59463,7,True,False,,,,,,0,0,False,False
39089,Licking County,OH,176862,7,True,True,2020-10-14,2020-12-10,2020-12-26,115.829,115.829,2,1,True,False
39093,Lorain County,OH,309833,7,True,True,2020-10-28,2020-12-10,2021-02-26,121.356,121.356,2,1,True,False
39095,Lucas County,OH,428348,7,True,True,2020-10-27,2020-12-11,2020-12-22,111.892,111.892,3,2,True,False
39099,Mahoning County,OH,228683,7,True,True,2020-10-16,2020-12-10,2021-02-27,130.311,130.311,1,0,False,False
39101,Marion County,OH,65093,7,True,True,2020-04-13,2020-04-18,2020-04-23,443.761,443.761,2,0,False,True
39103,Medina County,OH,179746,7,True,True,2020-10-20,2020-12-10,2021-03-22,99.1876,99.1876,2,1,True,False
39109,Miami County,OH,106987,7,True,True,2020-09-28,2020-11-22,2021-02-16,123.112,123.112,2,1,True,True
39113,Montgomery County,OH,531687,7,True,True,2020-09-25,2020-12-01,2021-02-26,103.014,103.014,1,0,False,False
39119,Muskingum County,OH,86215,7,True,True,2020-09-27,2020-11-22,2021-03-10,123.777,123.777,1,0,False,True
39129,Pickaway County,OH,58457,7,True,True,2020-04-13,2020-04-18,2020-04-24,375.856,375.856,1,0,False,True
39133,Portage County,OH,162466,7,True,True,2020-11-18,2020-12-10,2021-02-21,96.2839,96.2839,3,2,True,False
39139,Richland County,OH,121154,7,True,True,2020-11-18,2020-12-07,2021-02-09,148.689,148.689,2,1,True,True
39141,Ross County,OH,76666,7,True,True,2020-09-30,2020-12-10,2021-02-22,94.1002,94.1002,3,2,True,False
39143,Sandusky County,OH,58518,7,True,True,2020-10-29,2020-12-11,2021-02-12,175.038,175.038,2,1,True,True
39145,Scioto County,OH,75314,7,True,True,2020-10-04,2020-12-11,2021-03-18,128.984,128.984,1,0,False,False
39147,Seneca County,OH,55178,7,True,True,2020-10-23,2020-11-22,2021-02-15,131.781,131.781,1,0,False,True
39151,Stark County,OH,370606,7,True,True,2020-10-26,2020-12-07,2021-02-26,124.391,124.391,1,0,False,True
39153,Summit County,OH,541013,7,True,True,2020-10-26,2020-12-10,2020-12-27,109.9,109.9,2,1,True,False
39155,Trumbull County,OH,197974,7,True,True,2020-10-21,2020-11-22,2021-03-06,116.466,116.466,1,0,False,True
39157,Tuscarawas County,OH,91987,7,True,True,2020-10-15,2020-11-22,2021-02-10,164.62,164.62,2,1,True,True
39159,Union County,OH,58988,7,True,True,2020-10-28,2020-11-22,2021-02-03,108.981,108.981,1,0,False,False
39165,Warren County,OH,234602,7,True,True,2020-12-23,2021-01-05,2021-02-24,100.109,100.109,1,0,False,False
39167,Washington County,OH,59911,7,True,True,2020-10-24,2020-12-01,2021-03-25,119.224,119.224,1,0,False,False
39169,Wayne County,OH,115710,7,True,True,2020-10-12,2020-12-07,2021-02-14,91.7318,91.7318,2,1,True,False
39173,Wood County,OH,130817,7,True,True,2020-10-18,2020-12-08,2020-12-22,110.733,110.733,3,1,True,False
40017,Canadian County,OK,148306,7,True,True,2020-09-15,2021-01-05,2021-03-10,136.205,136.205,2,1,True,False
40027,Cleveland County,OK,284014,7,True,True,2020-08-16,2021-01-10,2021-03-13,110.206,110.206,2,1,True,False
40031,Comanche County,OK,120749,7,True,True,2020-09-26,2020-11-25,2020-12-27,89.2051,121.858,3,1,True,True
40037,Creek County,OK,71522,7,True,True,2020-12-10,2021-01-10,2021-03-09,112.253,112.253,2,1,True,False
40047,Garfield County,OK,61056,7,True,True,2020-10-06,2020-11-25,2021-02-26,136.643,136.643,1,0,False,False
40051,Grady County,OK,55834,7,True,True,2020-09-03,2021-01-10,2021-02-16,125.372,125.372,2,1,True,False
40101,Muskogee County,OK,67997,7,True,True,2020-08-26,2020-09-01,2020-09-15,148.536,155.049,2,0,False,True
40109,Oklahoma County,OK,797434,7,True,True,2020-06-24,2021-01-10,2021-03-14,104.424,104.424,1,0,False,False
40119,Payne County,OK,81784,7,True,True,2020-10-27,2021-01-06,2021-02-16,135.723,135.723,2,1,True,True
40125,Pottawatomie County,OK,72592,7,True,True,2020-08-13,2021-01-10,2021-03-08,119.848,119.848,1,0,False,False
40131,Rogers County,OK,92459,7,True,True,2020-10-07,2021-01-05,2021-02-16,133.65,133.65,2,1,True,False
40143,Tulsa County,OK,651552,7,True,True,2020-06-08,2020-07-27,2020-08-09,39.0277,39.0277,2,1,True,False
40145,Wagoner County,OK,81289,7,True,True,2020-12-07,2021-01-13,2021-02-28,126.357,126.357,3,2,True,False
40147,Washington County,OK,51527,7,True,True,2020-10-04,2020-12-18,2021-03-12,110.067,110.067,2,1,True,True
41003,Benton County,OR,93053,7,True,False,,,,,,0,0,False,False
41005,Clackamas County,OR,418187,7,True,True,2020-10-24,2020-12-18,2021-02-11,40.4125,40.4125,1,0,False,False
41009,Columbia County,OR,52354,7,True,False,,,,,,0,0,False,False
41011,Coos County,OR,64487,7,True,True,2020-10-16,2021-03-12,2021-04-06,31.014,31.014,1,0,False,False
41017,Deschutes County,OR,197692,7,True,True,2020-10-27,2020-11-30,2021-02-28,34.975,34.975,2,1,True,False
41019,Douglas County,OR,110980,7,True,True,2020-11-02,2021-02-19,2021-04-01,29.6064,29.6064,1,0,False,False
41029,Jackson County,OR,220944,7,True,False,,,,,,0,0,False,False
41033,Josephine County,OR,87487,7,True,True,2020-11-05,2021-01-11,2021-03-05,46.7008,46.7008,1,0,False,False
41035,Klamath County,OR,68238,7,True,True,2020-11-09,2020-12-07,2020-12-11,68.2485,68.6672,4,2,True,False
41039,Lane County,OR,382067,7,True,False,,,,,,0,0,False,False
41043,Linn County,OR,129749,7,True,True,2020-09-19,2020-12-02,2021-02-14,40.9582,40.9582,1,0,False,False
41047,Marion County,OR,347818,7,True,True,2020-10-21,2020-12-18,2021-02-08,61.4443,61.4443,3,2,True,False
41051,Multnomah County,OR,812855,7,True,True,2020-10-03,2020-12-01,2021-02-13,51.6346,51.6346,1,0,False,False
41053,Polk County,OR,86085,7,True,False,,,,,,0,0,False,False
41059,Umatilla County,OR,77950,7,True,True,2020-06-15,2020-07-27,2020-12-11,73.1238,100.247,2,0,False,False
41067,Washington County,OR,601592,7,True,True,2020-10-21,2020-11-30,2021-02-11,42.1263,42.1263,2,1,True,True
41071,Yamhill County,OR,107100,7,True,True,2020-06-26,2020-08-01,2020-08-24,13.8722,13.8722,1,0,False,False
42001,Adams County,PA,103009,7,True,True,2020-08-22,2020-08-31,2020-09-05,14.0071,14.0071,1,0,False,False
42003,Allegheny County,PA,1216045,7,True,True,2020-11-01,2020-12-13,2021-01-27,87.7082,87.7082,2,1,True,True
42005,Armstrong County,PA,64735,7,True,True,2020-07-15,2020-07-22,2020-08-23,11.9167,11.9167,1,0,False,False
42007,Beaver County,PA,163929,7,True,True,2020-11-08,2020-12-14,2021-03-09,120.348,120.348,3,2,True,True
42011,Berks County,PA,421164,7,True,True,2020-10-07,2020-12-05,2021-01-01,81.5088,81.5088,2,1,True,True
42013,Blair County,PA,121829,7,True,True,2020-10-13,2020-12-12,2021-02-16,136.139,136.139,1,0,False,False
42015,Bradford County,PA,60323,7,True,False,,,,,,0,0,False,False
42017,Bucks County,PA,628270,7,True,True,2020-10-26,2020-12-05,2021-02-12,82.9943,82.9943,2,1,True,True
42019,Butler County,PA,187853,7,True,True,2020-03-19,2020-03-28,2020-04-16,4.10655,4.10655,1,0,False,False
42021,Cambria County,PA,130192,7,True,True,2020-10-25,2020-12-08,2021-02-27,164.592,164.592,1,0,False,True
42025,Carbon County,PA,64182,7,True,True,2020-11-02,2021-01-10,2021-03-04,120.416,120.416,2,1,True,False
42027,Centre County,PA,162385,7,True,True,2020-08-30,2020-12-14,2021-03-08,76.3617,76.3617,1,0,False,False
42029,Chester County,PA,524989,7,True,True,2020-07-05,2020-07-25,2020-08-17,9.63285,10.7213,2,0,False,False
42033,Clearfield County,PA,79255,7,True,False,,,,,,0,0,False,False
42037,Columbia County,PA,64964,7,True,True,2020-11-09,2021-01-10,2021-02-13,115.668,115.668,3,2,True,True
42039,Crawford County,PA,84629,7,True,True,2020-11-05,2020-12-12,2021-02-03,212.693,212.693,1,0,False,True
42041,Cumberland County,PA,253370,7,True,True,2020-11-03,2020-12-11,2021-03-02,80.7402,80.7402,1,0,False,False
42043,Dauphin County,PA,278299,7,True,True,2020-10-23,2020-12-11,2021-02-13,86.5462,86.5462,2,1,True,False
42045,Delaware County,PA,566747,7,True,True,2020-03-23,2020-04-11,2020-08-19,22.8875,22.8875,1,0,False,True
42049,Erie County,PA,269728,7,True,True,2020-10-26,2020-12-11,2021-05-18,89.0315,89.0315,1,0,False,False
42051,Fayette County,PA,129274,7,True,True,2020-11-13,2020-12-14,2021-02-12,186.868,186.868,2,1,True,True
42055,Franklin County,PA,155027,7,True,True,2020-10-26,2020-12-12,2020-12-26,111.317,111.317,4,2,True,False
42063,Indiana County,PA,84073,7,True,True,2020-09-12,2020-12-06,2021-02-16,74.2552,74.2552,1,0,False,False
42069,Lackawanna County,PA,209674,7,True,True,2020-11-16,2021-01-11,2021-02-12,71.2671,71.2671,4,3,True,True
42071,Lancaster County,PA,545724,7,True,True,2020-03-26,2020-04-18,2020-05-08,11.2563,11.2563,1,0,False,False
42073,Lawrence County,PA,85512,7,True,True,2020-06-29,2020-07-10,2020-08-15,12.1954,12.1954,1,0,False,False
42075,Lebanon County,PA,141793,7,True,True,2020-10-03,2021-01-08,2021-02-15,95.1085,95.1085,3,2,True,True
42077,Lehigh County,PA,369318,7,True,True,2020-10-23,2021-01-08,2021-02-20,94.5759,94.5759,2,1,True,True
42079,Luzerne County,PA,317417,7,True,True,2020-10-12,2020-12-16,2021-05-22,105.449,105.449,2,1,True,True
42081,Lycoming County,PA,113299,7,True,True,2020-11-09,2020-12-13,2021-03-14,153.324,153.324,2,1,True,True
42085,Mercer County,PA,109424,7,True,True,2020-10-20,2020-12-11,2021-02-20,115.148,115.148,1,0,False,False
42089,Monroe County,PA,170271,7,True,True,2020-03-22,2020-04-06,2020-05-22,33.1404,63.2605,2,0,False,True
42091,Montgomery County,PA,830915,7,True,True,2020-10-25,2020-12-05,2020-12-26,61.8423,61.8423,2,1,True,True
42095,Northampton County,PA,305285,7,True,True,2020-10-24,2020-12-07,2021-03-08,93.9169,93.9169,2,1,True,True
42097,Northumberland County,PA,90843,7,True,False,,,,,,0,0,False,False
42101,Philadelphia County,PA,1584064,7,True,True,2020-10-03,2020-12-05,2021-02-20,74.6723,74.6723,2,1,True,True
42103,Pike County,PA,55809,7,True,True,2020-03-20,2020-04-11,2020-05-21,30.717,30.717,1,0,False,True
42107,Schuylkill County,PA,141359,7,True,True,2020-10-07,2021-01-05,2021-03-09,122.08,122.08,2,1,True,True
42111,Somerset County,PA,73447,7,True,True,2020-11-06,2020-12-13,2021-02-04,193.337,193.337,1,0,False,False
42121,Venango County,PA,50668,7,True,True,2020-10-15,2020-12-11,2021-03-15,124.621,124.621,1,0,False,False
42125,Washington County,PA,206865,7,True,False,,,,,,0,0,False,True
42127,Wayne County,PA,51361,7,True,True,2020-11-18,2020-12-14,2021-03-11,121.549,121.549,1,0,False,True
42129,Westmoreland County,PA,348899,7,True,True,2020-11-09,2020-12-13,2021-01-26,134.464,134.464,3,2,True,False
42133,York County,PA,449058,7,True,True,2020-11-08,2020-12-11,2021-02-28,113.094,113.094,3,2,True,True
44003,Kent County,RI,164292,7,True,True,2020-10-25,2020-12-06,2021-02-13,107.213,107.213,2,1,True,True
44005,Newport County,RI,82082,7,True,False,,,,,,0,0,False,False
44007,Providence County,RI,638931,7,True,True,2020-10-18,2020-12-06,2021-02-13,134.309,134.309,2,1,True,True
44009,Washington County,RI,125577,7,True,True,2020-03-21,2020-04-26,2020-05-25,11.9449,18.6567,2,0,False,False
45003,Aiken County,SC,170872,7,True,True,2020-09-19,2020-09-23,2020-10-02,126.745,126.745,2,1,True,True
45007,Anderson County,SC,202558,7,True,True,2020-09-07,2021-01-16,2021-05-10,112.419,112.419,1,0,False,False
45013,Beaufort County,SC,192122,7,True,True,2020-06-07,2020-07-28,2020-08-16,50.7862,78.001,2,0,False,True
45015,Berkeley County,SC,227907,7,True,True,2020-06-08,2020-07-16,2020-11-19,47.0117,58.8586,2,0,False,True
45019,Charleston County,SC,411406,7,True,True,2020-06-09,2020-07-03,2020-09-27,80.7336,80.7336,2,0,False,True
45021,Cherokee County,SC,57300,7,True,True,2020-10-19,2021-01-23,2021-02-27,147.594,147.594,2,1,True,True
45031,Darlington County,SC,66618,7,True,True,2020-10-04,2021-01-06,2021-03-20,146.893,146.893,1,0,False,False
45035,Dorchester County,SC,162809,7,True,True,2020-10-04,2021-01-10,2021-04-01,103.452,103.452,2,1,True,True
45041,Florence County,SC,138293,7,True,True,2020-11-20,2021-01-06,2021-03-15,154.021,154.021,2,1,True,False
45043,Georgetown County,SC,62680,7,True,True,2020-06-08,2020-07-06,2020-10-03,56.0671,109.399,2,0,False,False
45045,Greenville County,SC,523542,7,True,True,2020-09-23,2021-01-05,2021-03-11,159.6,159.6,1,0,False,False
45047,Greenwood County,SC,70811,7,True,True,2020-06-08,2021-01-16,2021-03-09,113.582,113.582,1,0,False,False
45051,Horry County,SC,354081,7,True,True,2020-06-04,2020-07-03,2020-09-29,63.1413,98.565,2,0,False,True
45055,Kershaw County,SC,66551,7,True,True,2020-03-11,2020-03-31,2020-05-11,14.1674,14.1674,1,0,False,False
45057,Lancaster County,SC,98012,7,True,False,,,,,,0,0,False,False
45059,Laurens County,SC,67493,7,True,True,2020-10-24,2021-01-16,2021-03-11,111.969,111.969,1,0,False,True
45063,Lexington County,SC,298750,7,True,True,2020-11-09,2021-01-05,2021-01-25,112.23,112.23,3,2,True,False
45073,Oconee County,SC,79546,7,True,True,2020-08-18,2020-10-02,2020-11-06,96.7993,96.7993,1,0,False,True
45075,Orangeburg County,SC,86175,7,True,True,2020-05-26,2020-07-19,2020-09-30,65.4814,126.487,2,0,False,False
45077,Pickens County,SC,126884,7,True,True,2020-09-23,2021-01-05,2021-03-11,171.135,171.135,1,0,False,False
45079,Richland County,SC,415759,7,True,True,2020-03-18,2020-04-07,2020-04-24,7.83421,7.83421,1,0,False,False
45083,Spartanburg County,SC,319785,7,True,True,2020-08-30,2021-01-23,2021-03-15,135.18,135.18,1,0,False,False
45085,Sumter County,SC,106721,7,True,True,2020-05-30,2020-07-21,2020-11-28,53.8119,94.1039,2,0,False,False
45091,York County,SC,280979,7,True,True,2020-10-27,2021-01-05,2021-02-01,106.617,106.617,3,2,True,False
46083,Lincoln County,SD,61128,7,True,True,2020-09-23,2020-11-11,2021-01-23,185.793,185.793,3,2,True,False
46099,Minnehaha County,SD,193134,7,True,True,2020-09-25,2020-11-11,2021-01-14,196.311,196.311,2,1,True,True
46103,Pennington County,SD,113775,7,True,True,2020-09-19,2020-11-12,2021-01-17,153.938,153.938,2,1,True,False
47001,Anderson County,TN,76978,7,True,True,2020-10-24,2020-12-17,2021-02-21,181.128,181.128,2,1,True,True
47009,Blount County,TN,133088,7,True,True,2020-10-04,2020-12-16,2021-02-16,175.609,175.609,1,0,False,True
47011,Bradley County,TN,108110,7,True,True,2020-11-06,2020-12-16,2021-02-20,156.058,156.058,2,1,True,False
47019,Carter County,TN,56391,7,True,True,2020-10-03,2020-12-16,2021-02-28,140.853,140.853,1,0,False,False
47031,Coffee County,TN,56520,7,True,True,2020-11-13,2020-12-18,2021-02-04,179.456,179.456,2,1,True,True
47035,Cumberland County,TN,60520,7,True,True,2020-10-03,2020-12-17,2021-02-10,157.681,157.681,1,0,False,True
47037,Davidson County,TN,694144,7,True,True,2020-10-15,2020-12-16,2021-02-13,118.728,118.728,2,1,True,True
47043,Dickson County,TN,53948,7,True,True,2020-10-03,2020-12-16,2021-02-16,160.472,160.472,1,0,False,False
47059,Greene County,TN,69069,7,True,True,2020-10-05,2020-12-16,2021-02-13,168.775,168.775,1,0,False,True
47063,Hamblen County,TN,64934,7,True,True,2020-06-20,2020-07-25,2020-09-09,87.7814,173.583,2,0,False,True
47065,Hamilton County,TN,367804,7,True,True,2020-06-29,2020-12-18,2021-04-06,135.049,135.049,1,0,False,False
47073,Hawkins County,TN,56786,7,True,True,2020-10-04,2020-12-16,2021-02-24,136.603,136.603,2,1,True,True
47089,Jefferson County,TN,54495,7,True,True,2020-06-15,2020-07-26,2020-08-19,40.1085,40.1085,1,0,False,False
47093,Knox County,TN,470313,7,True,True,2020-07-06,2020-12-15,2021-04-20,126.056,126.056,1,0,False,False
47105,Loudon County,TN,54068,7,True,True,2020-09-23,2020-12-16,2021-01-22,159.852,159.852,1,0,False,True
47107,McMinn County,TN,53794,7,True,True,2020-10-07,2020-12-16,2021-02-14,157.479,157.479,2,1,True,True
47113,Madison County,TN,97984,7,True,True,2020-10-31,2020-12-15,2021-02-10,133.112,133.112,2,1,True,False
47119,Maury County,TN,96387,7,True,True,2020-10-06,2020-12-18,2021-02-11,153.548,153.548,2,1,True,False
47125,Montgomery County,TN,208993,7,True,True,2020-10-03,2020-12-16,2021-02-19,113.196,113.196,1,0,False,True
47141,Putnam County,TN,80245,7,True,True,2020-11-05,2020-11-14,2020-11-24,84.3844,159.511,4,2,True,True
47145,Roane County,TN,53382,7,True,True,2020-10-04,2020-12-17,2021-01-31,164.314,164.314,1,0,False,True
47147,Robertson County,TN,71813,7,True,True,2020-11-05,2020-12-16,2021-02-13,181.225,181.225,3,2,True,False
47149,Rutherford County,TN,332285,7,True,True,2020-09-11,2020-12-15,2021-02-19,145.142,145.142,1,0,False,False
47155,Sevier County,TN,98250,7,True,True,2020-11-05,2020-12-17,2021-02-14,194.402,194.402,2,1,True,True
47157,Shelby County,TN,937166,7,True,True,2020-10-15,2020-12-14,2021-02-13,90.699,90.699,3,2,True,False
47163,Sullivan County,TN,158348,7,True,True,2020-09-24,2020-12-16,2021-03-05,125.402,125.402,1,0,False,False
47165,Sumner County,TN,191283,7,True,True,2020-10-18,2020-12-14,2021-02-14,137.418,137.418,3,2,True,True
47167,Tipton County,TN,61599,7,True,True,2020-09-13,2020-11-16,2020-12-04,83.4893,128.017,4,2,True,True
47179,Washington County,TN,129375,7,True,True,2020-10-09,2020-12-16,2021-01-27,136.812,136.812,2,1,True,True
47187,Williamson County,TN,238412,7,True,True,2020-10-03,2020-12-19,2021-02-19,109.355,109.355,2,1,True,True
47189,Wilson County,TN,144657,7,True,True,2020-10-08,2020-12-17,2021-02-12,149.911,149.911,3,2,True,False
48001,Anderson County,TX,57735,7,True,True,2020-06-12,2020-06-16,2020-06-19,225.662,272.427,3,0,False,True
48005,Angelina County,TX,86715,7,True,True,2020-06-09,2020-07-25,2020-08-21,80.23,117.956,2,0,False,True
48013,Atascosa County,TX,51153,7,True,True,2020-09-18,2020-09-19,2020-09-27,149.412,149.412,2,0,False,True
48021,Bastrop County,TX,88723,7,True,True,2020-05-18,2020-07-17,2020-09-21,48.1434,48.1434,1,0,False,True
48027,Bell County,TX,362924,7,True,True,2020-10-11,2021-01-06,2021-02-17,73.7266,73.7266,1,0,False,False
48029,Bexar County,TX,2003554,7,True,True,2020-06-13,2020-07-20,2020-08-11,77.4623,113.341,3,0,False,True
48037,Bowie County,TX,93245,7,True,True,2020-08-18,2020-10-29,2020-11-29,112.147,129.612,2,0,False,True
48039,Brazoria County,TX,374264,7,True,True,2020-06-13,2020-07-29,2020-08-21,47.1401,47.1401,1,0,False,False
48041,Brazos County,TX,229211,7,True,True,2020-06-03,2020-06-29,2020-08-18,46.7442,46.7442,2,0,False,True
48061,Cameron County,TX,423163,7,True,True,2020-07-08,2020-08-01,2020-09-04,222.137,222.137,2,0,False,True
48073,Cherokee County,TX,52646,7,True,True,2020-06-24,2020-08-08,2020-09-08,93.3459,160.642,2,0,False,True
48085,Collin County,TX,1034730,7,True,True,2020-06-13,2020-08-13,2020-08-23,35.4544,35.4544,2,0,False,True
48091,Comal County,TX,156209,7,True,True,2020-10-29,2020-11-04,2020-12-29,96.4825,96.4825,2,0,False,True
48099,Coryell County,TX,75951,7,True,True,2020-08-24,2020-08-29,2020-09-12,130.347,130.347,1,0,False,True
48113,Dallas County,TX,2635516,7,True,True,2020-10-27,2021-01-07,2021-02-20,117.38,117.38,3,2,True,True
48121,Denton County,TX,887207,7,True,True,2020-10-29,2020-12-15,2020-12-28,73.167,73.167,3,2,True,False
48135,Ector County,TX,166223,7,True,True,2020-10-29,2020-11-04,2020-11-16,292.035,292.035,2,1,True,True
48139,Ellis County,TX,184826,7,True,True,2020-10-29,2021-01-06,2021-03-07,133.175,133.175,3,2,True,True
48141,El Paso County,TX,839238,7,True,True,2020-10-04,2020-11-02,2020-12-25,227.928,227.928,3,2,True,True
48157,Fort Bend County,TX,811688,7,True,True,2020-06-15,2020-08-17,2020-09-01,54.8768,103.611,2,0,False,True
48167,Galveston County,TX,342139,7,True,True,2020-06-08,2020-07-09,2020-08-25,78.623,122.131,4,1,True,True
48181,Grayson County,TX,136212,7,True,True,2020-10-07,2021-01-06,2021-02-27,121.135,121.135,2,1,True,True
48183,Gregg County,TX,123945,7,True,True,2020-10-29,2020-11-03,2021-02-17,130.012,130.012,3,2,True,True
48187,Guadalupe County,TX,166847,7,True,True,2020-09-18,2020-09-20,2020-09-24,138.536,138.536,3,1,True,True
48199,Hardin County,TX,57602,7,True,True,2020-10-28,2020-11-04,2021-02-16,156.245,156.245,2,1,True,True
48201,Harris County,TX,4713325,7,True,True,2020-06-04,2020-09-19,2020-12-24,61.7641,67.8684,2,0,False,True
48203,Harrison County,TX,66553,7,True,True,2020-10-29,2020-11-03,2020-11-21,78.1332,125.357,4,2,True,True
48209,Hays County,TX,230191,7,True,True,2020-06-08,2020-06-19,2020-07-29,64.4186,104.199,4,0,False,True
48213,Henderson County,TX,82737,7,True,True,2020-10-06,2020-11-03,2021-03-01,90.8213,90.8213,2,1,True,True
48215,Hidalgo County,TX,868707,7,True,True,2020-06-17,2020-07-21,2020-07-30,87.8975,87.8975,5,1,True,True
48221,Hood County,TX,61643,7,True,True,2020-10-29,2020-12-05,2021-02-20,158.053,158.053,2,1,True,True
48231,Hunt County,TX,98594,7,True,True,2020-09-19,2021-01-11,2021-02-10,82.0102,82.0102,2,1,True,True
48245,Jefferson County,TX,251565,7,True,True,2020-06-24,2020-07-06,2020-08-23,73.1421,73.1421,3,1,True,True
48251,Johnson County,TX,175817,7,True,True,2020-10-24,2021-01-06,2021-03-06,144.387,144.387,1,0,False,False
48257,Kaufman County,TX,136154,7,True,True,2020-10-29,2021-01-06,2021-03-14,129.265,129.265,2,1,True,False
48265,Kerr County,TX,52600,7,True,True,2020-10-29,2021-01-06,2021-02-28,107.279,107.279,2,1,True,False
48291,Liberty County,TX,88219,7,True,True,2020-06-17,2020-08-26,2020-09-20,80.8054,100.885,3,0,False,True
48303,Lubbock County,TX,310569,7,True,True,2020-06-14,2020-09-03,2020-09-19,70.0557,70.0557,1,0,False,False
48309,McLennan County,TX,256623,7,True,True,2020-06-18,2020-07-06,2020-08-16,67.6367,87.2876,2,0,False,True
48323,Maverick County,TX,58722,7,True,True,2020-06-22,2020-08-25,2020-09-16,161.049,234.033,3,0,False,True
48325,Medina County,TX,51584,7,True,True,2020-10-29,2020-11-04,2020-11-20,105.791,189.428,5,2,True,True
48329,Midland County,TX,176832,7,True,True,2020-10-09,2020-12-20,2021-02-14,181.69,181.69,2,1,True,True
48339,Montgomery County,TX,607391,7,True,True,2020-11-16,2021-01-23,2021-04-17,112.777,112.777,2,1,True,True
48347,Nacogdoches County,TX,65204,7,True,True,2020-06-26,2020-07-24,2020-10-05,46.6667,74.9297,3,1,True,True
48349,Navarro County,TX,50113,7,True,True,2020-10-29,2020-11-01,2021-02-14,181.59,181.59,2,1,True,True
48355,Nueces County,TX,362294,7,True,True,2020-10-29,2020-11-04,2020-11-04,212.377,212.377,2,1,True,True
48361,Orange County,TX,83396,7,True,True,2020-06-20,2020-08-06,2020-08-29,78.1127,132.757,2,0,False,True
48367,Parker County,TX,142878,7,True,True,2020-10-24,2020-12-05,2020-12-23,109.684,145.479,3,1,True,True
48373,Polk County,TX,51353,7,True,True,2020-10-29,2020-11-02,2021-02-13,121.846,121.846,2,1,True,True
48375,Potter County,TX,117415,7,True,True,2020-04-20,2020-05-14,2020-05-22,122.277,163.888,4,0,False,True
48381,Randall County,TX,137713,7,True,True,2020-09-19,2020-11-23,2021-02-06,166.599,166.599,3,2,True,True
48397,Rockwall County,TX,104915,7,True,True,2020-10-24,2021-01-06,2021-03-07,164.895,164.895,1,0,False,False
48401,Rusk County,TX,54406,7,True,True,2020-07-14,2020-08-23,2020-09-28,73.5213,97.1532,2,0,False,True
48409,San Patricio County,TX,66730,7,True,True,2020-12-16,2020-12-21,2020-12-22,188.821,188.821,3,2,True,True
48423,Smith County,TX,232751,7,True,True,2020-10-29,2020-11-03,2020-12-25,151.541,151.541,3,1,True,True
48427,Starr County,TX,64633,7,True,True,2020-06-10,2020-09-07,2020-09-28,97.4734,97.4734,1,0,False,True
48439,Tarrant County,TX,2102515,7,True,True,2020-09-17,2021-01-06,2021-03-14,140.825,140.825,1,0,False,False
48441,Taylor County,TX,138034,7,True,True,2020-10-27,2020-11-04,2021-02-03,324.144,324.144,2,1,True,True
48451,Tom Green County,TX,119200,7,True,True,2020-10-29,2020-11-04,2020-12-06,211.17,211.17,3,1,True,True
48453,Travis County,TX,1273954,7,True,True,2020-06-11,2020-07-01,2020-08-26,43.8679,61.4173,3,1,True,True
48467,Van Zandt County,TX,56590,7,True,True,2020-10-26,2020-11-03,2020-12-27,85.578,119.153,3,1,True,True
48469,Victoria County,TX,92084,7,True,True,2020-06-20,2020-07-18,2020-08-23,151.88,151.88,3,1,True,True
48471,Walker County,TX,72971,7,True,True,2020-05-16,2020-05-30,2020-06-07,215.154,215.154,4,0,False,True
48473,Waller County,TX,55246,7,True,True,2020-11-16,2020-12-20,2021-04-02,68.5247,68.5247,4,3,True,False
48479,Webb County,TX,276652,7,True,True,2020-11-07,2021-01-17,2021-02-16,308.123,308.123,3,2,True,True
48485,Wichita County,TX,132230,7,True,True,2020-12-24,2021-01-06,2021-02-12,140.232,140.232,1,0,False,True
48491,Williamson County,TX,590551,7,True,True,2020-10-29,2021-01-23,2021-02-15,97.2941,97.2941,1,0,False,True
48493,Wilson County,TX,51070,7,True,True,2020-09-18,2020-09-23,2020-09-24,89.513,146.298,3,1,True,True
48497,Wise County,TX,69984,7,True,True,2020-10-24,2020-12-05,2021-03-05,148.197,148.197,1,0,False,True
49003,Box Elder County,UT,56046,7,True,True,2020-10-04,2020-12-31,2021-02-22,140.446,140.446,1,0,False,True
49005,Cache County,UT,128289,7,True,True,2020-09-12,2020-11-18,2021-02-25,147.658,147.658,2,1,True,False
49011,Davis County,UT,355481,7,True,True,2020-09-24,2020-12-31,2021-02-28,149.576,149.576,2,1,True,True
49021,Iron County,UT,54839,7,True,True,2020-10-17,2021-01-10,2021-03-11,127.907,127.907,2,1,True,True
49035,Salt Lake County,UT,1160437,7,True,True,2020-09-10,2020-12-31,2021-02-26,126.787,126.787,1,0,False,True
49045,Tooele County,UT,72259,7,True,True,2020-10-05,2020-12-31,2021-03-03,125.145,125.145,1,0,False,True
49049,Utah County,UT,636235,7,True,True,2020-09-02,2020-12-31,2021-02-26,173.251,173.251,2,1,True,True
49053,Washington County,UT,177556,7,True,True,2020-09-27,2020-12-30,2021-03-11,150.375,150.375,1,0,False,True
49057,Weber County,UT,260213,7,True,True,2020-09-29,2020-12-30,2021-02-25,170.52,170.52,1,0,False,True
50007,Chittenden County,VT,163774,7,True,True,2020-10-22,2021-04-01,2021-05-17,44.3992,44.3992,3,2,True,True
50021,Rutland County,VT,58191,7,True,True,2020-11-07,2021-02-02,2021-02-22,46.1534,46.1534,1,0,False,False
50023,Washington County,VT,58409,7,True,True,2020-11-05,2020-11-14,2020-12-17,54.5415,54.5415,2,0,False,True
50027,Windsor County,VT,55062,7,True,True,2020-11-15,2021-01-11,2021-02-15,39.4361,39.4361,1,0,False,False
51003,Albemarle County,VA,109330,7,True,True,2020-11-18,2021-02-21,2021-03-11,57.493,57.493,1,0,False,True
51013,Arlington County,VA,236842,7,True,False,,,,,,0,0,False,False
51015,Augusta County,VA,75558,7,True,True,2020-11-14,2020-12-12,2021-02-14,167.705,167.705,1,0,False,True
51019,Bedford County,VA,78997,7,True,True,2020-09-28,2020-12-15,2020-12-25,67.4528,125.683,2,0,False,True
51031,Campbell County,VA,54885,7,True,True,2020-11-14,2021-01-15,2021-02-24,140.293,140.293,1,0,False,True
51041,Chesterfield County,VA,352802,7,True,True,2020-11-06,2021-01-18,2021-02-24,83.0494,83.0494,2,1,True,False
51047,Culpeper County,VA,52605,7,True,True,2020-04-16,2020-05-22,2020-06-10,61.3739,95.8627,2,0,False,True
51059,Fairfax County,VA,1147532,7,True,True,2020-08-04,2021-01-14,2021-05-05,60.7141,60.7141,2,1,True,True
51061,Fauquier County,VA,71222,7,True,True,2020-08-03,2020-08-20,2020-09-19,15.8458,15.8458,1,0,False,False
51067,Franklin County,VA,56042,7,True,True,2020-09-17,2021-01-10,2021-03-02,74.9438,74.9438,1,0,False,False
51069,Frederick County,VA,89313,7,True,True,2020-11-05,2021-01-25,2021-02-16,122.203,122.203,2,1,True,True
51085,Hanover County,VA,107766,7,True,True,2020-10-27,2021-01-08,2021-04-26,91.7331,91.7331,3,2,True,True
51087,Henrico County,VA,330818,7,True,True,2020-10-24,2021-01-17,2021-03-07,72.7634,72.7634,3,2,True,False
51089,Henry County,VA,50557,7,True,True,2020-12-12,2021-01-07,2021-03-07,93.5295,93.5295,1,0,False,False
51095,James City County,VA,76523,7,True,True,2020-11-18,2021-01-18,2021-02-08,96.1429,96.1429,3,2,True,True
51107,Loudoun County,VA,413538,7,True,True,2020-03-29,2020-05-28,2020-07-01,26.047,39.8305,2,0,False,True
51121,Montgomery County,VA,98535,7,True,True,2020-08-23,2020-09-09,2021-05-07,74.3753,74.3753,1,0,False,True
51143,Pittsylvania County,VA,60354,7,True,True,2020-11-14,2021-01-15,2021-02-27,112.195,112.195,2,1,True,False
51153,Prince William County,VA,470335,7,True,True,2020-10-07,2021-01-17,2021-04-26,106.095,106.095,2,1,True,True
51161,Roanoke County,VA,94186,7,True,True,2020-09-14,2020-11-20,2020-12-29,84.1799,84.1799,2,0,False,False
51165,Rockingham County,VA,81948,7,True,True,2020-04-06,2020-04-21,2020-06-30,17.607,23.5341,2,0,False,False
51177,Spotsylvania County,VA,136215,7,True,True,2020-10-20,2021-01-17,2021-03-13,76.9791,76.9791,2,1,True,False
51179,Stafford County,VA,152882,7,True,False,,,,,,0,0,False,False
51191,Washington County,VA,53740,7,True,True,2020-07-26,2020-12-07,2021-02-15,93.5722,93.5722,1,0,False,False
51199,York County,VA,68280,7,True,True,2020-11-05,2021-01-26,2021-03-01,66.1143,66.1143,1,0,False,False
51510,Alexandria City,VA,159428,7,True,True,2020-10-26,2021-01-09,2021-05-06,59.3192,59.3192,3,2,True,True
51550,Chesapeake City,VA,244835,7,True,True,2020-12-29,2021-01-17,2021-02-22,152.639,152.639,3,2,True,True
51650,Hampton city,VA,134510,7,True,True,2020-11-13,2021-01-19,2021-03-14,104.719,104.719,1,0,False,True
51660,Harrisonburg City,VA,53016,7,True,True,2020-08-25,2020-09-05,2020-11-12,138.233,138.233,3,1,True,True
51680,Lynchburg city,VA,82168,7,True,True,2020-07-18,2021-01-15,2021-02-21,104.837,104.837,1,0,False,False
51700,Newport News City,VA,179225,7,True,True,2020-11-16,2021-01-24,2021-03-09,91.5848,91.5848,2,1,True,False
51710,Norfolk City,VA,242742,7,True,True,2020-06-10,2020-07-18,2020-09-14,42.5496,65.7959,2,0,False,True
51740,Portsmouth City,VA,94398,7,True,True,2020-03-27,2020-04-30,2020-05-15,11.3501,11.3501,1,0,False,True
51760,Richmond City,VA,230436,7,True,False,,,,,,0,0,False,False
51770,Roanoke city,VA,99143,7,True,True,2020-09-01,2021-01-15,2021-02-20,70.3169,70.3169,2,1,True,False
51800,Suffolk City,VA,92108,7,True,True,2020-03-30,2020-04-20,2020-06-04,11.0119,11.0119,1,0,False,False
51810,Virginia Beach City,VA,449974,7,True,True,2020-11-01,2021-01-10,2021-02-26,87.0209,87.0209,3,2,True,True
53005,Benton County,WA,204390,7,True,True,2020-10-22,2021-01-02,2021-02-28,95.4058,95.4058,1,0,False,True
53007,Chelan County,WA,77200,7,True,True,2020-12-16,2020-12-21,2021-01-21,364.73,364.73,1,0,False,True
53009,Clallam County,WA,77331,7,True,True,2020-11-08,2021-01-02,2021-02-20,19.7666,19.7666,2,1,True,False
53011,Clark County,WA,488241,7,True,True,2020-11-03,2021-01-02,2021-02-06,70.2522,70.2522,3,2,True,True
53015,Cowlitz County,WA,110593,7,True,True,2020-11-03,2021-01-02,2021-02-12,65.7494,65.7494,2,1,True,True
53021,Franklin County,WA,95222,7,True,True,2020-05-29,2020-07-09,2020-09-13,74.8627,131.872,3,1,True,True
53025,Grant County,WA,97733,7,True,True,2020-11-09,2020-12-21,2021-03-03,148.217,148.217,1,0,False,True
53027,Grays Harbor County,WA,75061,7,True,True,2020-11-21,2021-01-02,2021-02-11,134.367,134.367,1,0,False,True
53029,Island County,WA,85141,7,True,True,2020-03-16,2020-03-27,2020-04-10,13.5909,21.1414,2,0,False,False
53033,King County,WA,2252782,7,True,True,2020-09-29,2021-01-02,2021-01-07,51.0543,51.0543,1,0,False,True
53035,Kitsap County,WA,271473,7,True,True,2020-10-26,2021-01-02,2021-01-10,35.4679,35.4679,2,1,True,False
53041,Lewis County,WA,80707,7,True,True,2020-11-08,2021-01-02,2021-02-23,95.4068,95.4068,1,0,False,True
53045,Mason County,WA,66768,7,True,True,2020-11-11,2021-01-02,2021-01-07,78.3095,78.3095,1,0,False,True
53053,Pierce County,WA,904980,7,True,True,2020-10-22,2021-01-02,2021-02-14,64.3897,64.3897,3,2,True,True
53057,Skagit County,WA,129205,7,True,True,2020-11-02,2020-12-21,2021-01-10,59.8163,59.8163,3,2,True,True
53061,Snohomish County,WA,822083,7,True,True,2020-10-10,2021-01-02,2021-03-06,62.6805,62.6805,1,0,False,True
53063,Spokane County,WA,522798,7,True,True,2020-09-17,2021-01-02,2021-03-08,108.154,108.154,1,0,False,True
53067,Thurston County,WA,290536,7,True,True,2020-09-29,2021-01-02,2021-07-30,39.5328,39.5328,1,0,False,True
53071,Walla Walla County,WA,60760,7,True,True,2020-10-20,2020-12-21,2021-02-11,145.302,145.302,1,0,False,True
53073,Whatcom County,WA,229247,7,True,True,2020-11-10,2021-01-16,2021-03-15,47.36,47.36,3,2,True,True
53075,Whitman County,WA,50104,7,True,True,2020-08-22,2020-09-01,2020-10-03,121.747,121.747,2,0,False,True
53077,Yakima County,WA,250873,7,True,True,2020-11-20,2021-01-02,2021-02-11,186.435,186.435,3,2,True,True
54003,Berkeley County,WV,119171,7,True,True,2020-11-06,2021-01-05,2021-02-10,243.588,243.588,3,2,True,True
54011,Cabell County,WV,91945,7,True,True,2020-10-12,2021-01-05,2021-02-20,231.349,231.349,1,0,False,True
54033,Harrison County,WV,67256,7,True,True,2020-11-15,2021-01-05,2021-02-09,252.766,252.766,1,0,False,True
54037,Jefferson County,WV,57146,7,True,True,2020-11-05,2021-01-05,2021-02-09,168.991,168.991,2,1,True,True
54039,Kanawha County,WV,178124,7,True,True,2020-08-29,2021-01-05,2021-02-28,148.773,148.773,1,0,False,True
54049,Marion County,WV,56072,7,True,False,,,,,,0,0,False,False
54055,Mercer County,WV,58758,7,True,True,2020-11-12,2021-01-05,2021-01-23,292.24,292.24,1,0,False,True
54061,Monongalia County,WV,105612,7,True,True,2020-11-09,2021-01-05,2021-03-01,179.769,179.769,4,3,True,True
54079,Putnam County,WV,56450,7,True,True,2020-10-24,2021-01-05,2021-02-05,155.384,155.384,1,0,False,True
54081,Raleigh County,WV,73361,7,True,True,2020-10-24,2021-01-05,2021-03-09,167.664,167.664,1,0,False,True
54107,Wood County,WV,83518,7,True,True,2020-10-29,2021-01-05,2021-02-09,260.337,260.337,2,1,True,True
55009,Brown County,WI,264542,7,True,True,2020-04-10,2020-05-02,2020-05-31,36.5051,36.5051,1,0,False,True
55015,Calumet County,WI,50089,7,True,True,2020-07-31,2020-11-13,2021-02-07,117.79,117.79,1,0,False,False
55017,Chippewa County,WI,64658,7,True,True,2020-09-26,2020-11-06,2020-12-22,188.022,188.022,2,0,False,True
55021,Columbia County,WI,57532,7,True,True,2020-11-01,2020-11-17,2020-12-19,118.94,118.94,1,0,False,False
55025,Dane County,WI,546695,7,True,False,,,,,,0,0,False,False
55027,Dodge County,WI,87839,7,True,True,2020-09-11,2020-11-15,2021-01-15,205.408,205.408,3,2,True,True
55035,Eau Claire County,WI,104646,7,True,True,2020-10-19,2020-11-17,2020-12-08,197.537,197.537,2,1,True,True
55039,Fond du Lac County,WI,103403,7,True,True,2020-08-14,2020-10-29,2021-02-10,172.971,172.971,2,1,True,False
55043,Grant County,WI,51439,7,True,True,2020-09-04,2020-11-11,2020-12-25,140.527,140.527,1,0,False,False
55055,Jefferson County,WI,84769,7,True,True,2020-09-12,2020-11-14,2020-12-25,134.989,134.989,2,0,False,False
55059,Kenosha County,WI,169561,7,True,True,2020-12-28,2021-01-10,2021-02-11,72.2875,72.2875,3,2,True,True
55063,La Crosse County,WI,118016,7,True,True,2020-09-03,2020-09-14,2020-10-10,116.086,132.912,3,1,True,True
55071,Manitowoc County,WI,78981,7,True,False,,,,,,0,0,False,False
55073,Marathon County,WI,135692,7,True,True,2020-09-17,2020-11-09,2021-01-29,162.132,162.132,2,1,True,False
55079,Milwaukee County,WI,945726,7,True,False,,,,,,0,0,False,False
55087,Outagamie County,WI,187885,7,True,True,2020-12-26,2021-01-05,2021-02-08,78.9997,78.9997,1,0,False,False
55089,Ozaukee County,WI,89221,7,True,True,2020-09-01,2020-11-11,2021-02-11,139.301,139.301,1,0,False,False
55097,Portage County,WI,70772,7,True,True,2020-08-23,2020-11-12,2021-02-25,116.067,116.067,1,0,False,False
55101,Racine County,WI,196311,7,True,True,2020-09-20,2020-11-09,2020-12-22,143.067,143.067,4,2,True,False
55105,Rock County,WI,163354,7,True,True,2020-03-20,2020-05-22,2020-05-26,13.1179,13.5551,2,0,False,False
55109,St. Croix County,WI,90687,7,True,True,2020-09-19,2020-11-12,2021-02-05,117.831,117.831,1,0,False,False
55111,Sauk County,WI,64442,7,True,True,2020-09-18,2020-11-08,2021-02-03,118.822,118.822,1,0,False,False
55117,Sheboygan County,WI,115340,7,True,True,2020-09-14,2020-10-21,2021-01-29,171.666,171.666,1,0,False,True
55127,Walworth County,WI,103868,7,True,True,2020-09-28,2020-11-17,2021-02-01,132.448,132.448,2,1,True,True
55131,Washington County,WI,136034,7,True,True,2020-07-26,2020-11-09,2021-02-11,158.364,158.364,1,0,False,False
55133,Waukesha County,WI,404198,7,True,True,2020-09-17,2020-11-16,2021-02-05,193.257,193.257,1,0,False,True
55135,Waupaca County,WI,50990,7,True,True,2020-12-23,2021-01-06,2021-02-06,65.8392,65.8392,1,0,False,False
55139,Winnebago County,WI,171907,7,True,True,2020-09-07,2020-11-09,2021-02-04,129.14,129.14,2,1,True,False
55141,Wood County,WI,72999,7,True,True,2020-09-14,2020-11-10,2021-02-11,151.665,151.665,1,0,False,False
56021,Laramie County,WY,99500,7,True,True,2020-10-05,2020-11-22,2020-12-22,146.734,146.734,3,1,True,True
56025,Natrona County,WY,79858,7,True,True,2020-10-10,2020-11-20,2020-12-22,199.64,199.64,2,0,False,True
