county,countyFIPS,state,population,wave_number,is_main_wave,wave_onset,wave_peak,wave_end,rise_days,peak_height_per100k,growth_win_start,growth_win_end,growth_win_days,window_cases,window_truncated_at_peak,dow_effects,r_per_day,r_se,r_nonpositive,dispersion_pearson,quasi_poisson_se,deviance_df,Reff_sir_formula,Reff_sir_formula_se,Reff_seir_formula,Reff_seir_formula_se,ols_ok,ols_r_per_day,ols_r_se,ols_log_r2,ols_Reff_sir_formula,ols_win_end,ols_days_used,status,drop_reason
Autauga County,01001,AL,55869,1,True,2020-10-05,2021-01-06,2021-03-18,93,148.05,2020-10-20,2020-11-02,14,187,False,True,0.0572873,0.0369552,False,3.00598,True,3.41397,1.40101,0.258687,1.64179,0.458469,True,0.0315699,0.00243505,0.84855,1.22099,2020-11-20,32,ok,
Baldwin County,01003,AL,223234,1,True,2020-06-23,2020-07-20,2020-10-08,27,55.1631,2020-06-23,2020-07-06,14,474,False,True,0.0375873,0.0464517,False,12.3147,True,12.6278,1.26311,0.325162,1.40554,0.537848,True,0.0855525,0.0115929,0.819442,1.59887,2020-07-06,14,ok,
Blount County,01009,AL,57826,1,False,2020-06-05,2020-07-22,2020-09-29,47,44.2213,2020-06-05,2020-06-18,14,67,False,True,0.0833066,0.0363998,False,1.68986,False,1.78398,1.58315,0.254799,1.97881,0.491356,True,0.0457726,0.00888702,0.54665,1.32041,2020-06-28,24,ok,
Blount County,01009,AL,57826,2,True,2020-10-14,2020-12-17,2021-02-11,64,137.111,2020-10-14,2020-10-27,14,230,False,True,0.0224061,0.0399608,False,4.47161,True,4.64393,1.15684,0.279725,1.2346,0.437213,True,0.0306157,0.00210924,0.871734,1.21431,2020-11-15,33,ok,
Calhoun County,01015,AL,113605,1,False,2020-03-28,2020-04-06,2020-05-06,9,5.28146,2020-03-28,2020-04-06,10,35,True,False,0.283246,0.147245,False,4.35206,True,3.88013,2.98272,1.03071,5.51726,3.22412,False,,,,,2020-04-01,4,ok,
Calhoun County,01015,AL,113605,2,False,2020-06-30,2020-07-30,2020-09-29,30,58.7248,2020-06-30,2020-07-13,14,297,False,True,0.0655821,0.0433824,False,6.49884,True,6.70053,1.45907,0.303677,1.74614,0.553319,True,0.0683145,0.00375306,0.959459,1.4782,2020-07-15,16,ok,
Calhoun County,01015,AL,113605,3,True,2020-10-14,2020-10-27,2020-11-08,13,73.1859,2020-10-20,2020-10-27,8,545,True,False,0.0471204,0.269868,False,206.885,True,126.702,1.32984,1.88907,1.51783,3.23276,False,,,,,2020-10-20,1,ok,
Calhoun County,01015,AL,113605,4,False,2020-11-09,2020-12-17,2021-03-15,38,124.492,2020-11-09,2020-11-22,14,783,False,True,-0.025979,0.0350374,True,11.6782,True,12.1662,0.818147,0.245262,0.754383,0.312144,True,0.00569982,0.00628289,0.0437234,1.0399,2020-11-28,20,ok,
Coffee County,01031,AL,52342,1,False,2020-04-07,2020-07-17,2020-08-12,101,31.387,2020-04-07,2020-04-20,14,56,False,True,-5.13478e-15,0.0381802,True,1.51785,False,1.61071,1,0.267261,1,0.381802,True,0.00228307,0.00305562,0.0112648,1.01598,2020-05-27,51,ok,
Coffee County,01031,AL,52342,2,True,2020-09-20,2021-01-08,2021-02-20,110,119.816,2020-09-21,2020-10-04,14,185,False,True,0.0325728,0.032365,False,2.3433,True,2.4344,1.22801,0.226555,1.34801,0.367927,True,0.0118139,0.00174569,0.463555,1.0827,2020-11-14,55,ok,
Colbert County,01033,AL,55241,1,True,2020-05-17,2020-07-17,2020-09-13,61,59.221,2020-05-31,2020-06-13,14,71,False,True,0.0612851,0.0346911,False,1.29721,False,1.49918,1.429,0.242838,1.69172,0.436205,True,0.0617432,0.00650463,0.857281,1.4322,2020-06-16,17,ok,
Colbert County,01033,AL,55241,2,False,2020-09-14,2020-12-02,2021-02-15,79,102.667,2020-09-14,2020-09-27,14,118,False,True,0.00484308,0.0496432,False,3.56134,True,4.39324,1.0339,0.347502,1.04892,0.50653,True,0.021439,0.00159977,0.825363,1.15007,2020-10-23,40,ok,
Cullman County,01043,AL,83768,1,False,2020-05-26,2020-07-12,2020-09-29,47,38.0302,2020-05-26,2020-06-08,14,119,False,True,-0.036207,0.026402,True,1.59261,False,1.9344,0.746551,0.184814,0.66546,0.22387,True,0.0117201,0.00520268,0.187433,1.08204,2020-06-18,24,ok,
Cullman County,01043,AL,83768,2,True,2020-10-10,2020-12-17,2021-02-07,68,124.152,2020-10-10,2020-10-23,14,374,False,True,0.0337698,0.0294328,False,3.91398,True,3.95075,1.23639,0.20603,1.36165,0.336074,True,0.0386933,0.00142348,0.957247,1.27085,2020-11-13,35,ok,
DeKalb County,01049,AL,71513,1,True,2020-06-09,2020-07-11,2020-09-09,32,71.5155,2020-06-09,2020-06-22,14,146,False,True,0.0761149,0.0468601,False,3.66126,True,3.79636,1.5328,0.328021,1.88281,0.618404,True,0.0689833,0.00570758,0.906877,1.48288,2020-06-25,17,ok,
DeKalb County,01049,AL,71513,2,False,2020-11-05,2020-12-17,2021-02-11,42,137.238,2020-11-05,2020-11-18,14,583,False,True,0.0550704,0.017988,False,2.22708,True,2.24257,1.38549,0.125916,1.61439,0.221486,True,0.0226758,0.00589904,0.424895,1.15873,2020-11-26,22,ok,
Elmore County,01051,AL,81209,1,True,2020-11-02,2021-01-02,2021-03-29,61,135.629,2020-11-02,2020-11-15,14,334,False,True,0.0466022,0.015842,False,0.867287,False,0.872282,1.32622,0.110894,1.51163,0.189428,True,0.027706,0.00363778,0.666692,1.19394,2020-12-02,31,ok,
Etowah County,01055,AL,102268,1,True,2020-06-21,2020-12-17,2021-03-06,179,153.239,2020-06-21,2020-07-04,14,343,False,True,0.0175146,0.0338976,False,4.80992,True,4.92467,1.1226,0.237283,1.18159,0.363912,True,-0.0025302,0.00122102,0.0465255,0.982289,2020-09-18,90,ok,
Houston County,01069,AL,105882,1,True,2020-06-07,2020-07-22,2020-08-06,45,40.3414,2020-06-07,2020-06-20,14,119,False,True,0.0168261,0.0543509,False,4.29133,True,4.89535,1.11778,0.380456,1.17421,0.581919,True,0.0124741,0.00877935,0.0877025,1.08732,2020-06-29,23,ok,
Houston County,01069,AL,105882,2,False,2020-08-19,2020-10-06,2020-10-07,48,63.9526,2020-09-06,2020-09-19,14,443,False,True,0.0635901,0.0486092,False,12.2078,True,12.9795,1.44513,0.340264,1.72082,0.615916,True,0.120603,0.0150939,0.92737,1.84422,2020-09-12,7,ok,
Houston County,01069,AL,105882,3,False,2020-10-21,2020-10-25,2020-10-27,4,75.151,2020-10-22,2020-10-25,4,,True,False,,,False,,False,,,,,,False,,,,,2020-10-23,2,dropped,rise too short
Jackson County,01071,AL,51626,1,False,2020-06-10,2020-08-02,2020-11-05,53,62.5377,2020-06-17,2020-06-30,14,86,False,True,0.0606976,0.0315072,False,1.55719,False,1.5652,1.42488,0.220551,1.68434,0.395394,True,0.0748395,0.00378729,0.955935,1.52388,2020-07-06,20,ok,
Jackson County,01071,AL,51626,2,True,2020-11-06,2020-12-02,2021-02-07,26,175.714,2020-11-06,2020-11-19,14,378,False,True,0.0242455,0.0370163,False,6.29927,True,6.46803,1.16972,0.259114,1.2548,0.407857,True,0.0216237,0.0104505,0.262963,1.15137,2020-11-19,14,ok,
Jefferson County,01073,AL,658573,1,True,2020-06-22,2020-12-17,2021-02-20,178,129.848,2020-08-22,2020-09-04,14,2218,False,True,0.0115998,0.049532,False,66.5509,True,70.1191,1.0812,0.346724,1.11882,0.519452,True,-0.00882722,0.00396817,0.154888,0.938209,2020-09-19,29,ok,
Lauderdale County,01077,AL,92729,1,True,2020-05-22,2020-08-02,2020-08-21,72,29.1171,2020-06-01,2020-06-14,14,70,False,True,0.130899,0.0377963,False,0.243056,False,0.239636,1.91629,0.264574,2.66881,0.585757,True,0.057461,0.00661291,0.75125,1.40223,2020-06-27,27,ok,
Lee County,01081,AL,164542,1,True,2020-06-13,2020-08-29,2020-10-15,77,118.511,2020-06-19,2020-07-02,14,467,False,True,0.0165373,0.0337805,False,6.50625,True,6.69658,1.11576,0.236463,1.17112,0.361268,True,0.0221728,0.00281048,0.66753,1.15521,2020-07-21,33,ok,
Lee County,01081,AL,164542,2,False,2020-10-24,2021-01-09,2021-02-25,77,90.9017,2020-10-24,2020-11-06,14,334,False,True,0.0257323,0.0366585,False,5.454,True,5.65931,1.18013,0.25661,1.27123,0.406204,True,0.0227489,0.00218325,0.745828,1.15924,2020-12-01,39,ok,
Limestone County,01083,AL,98915,1,True,2020-09-10,2020-12-17,2021-02-28,98,121.316,2020-09-10,2020-09-23,14,251,False,True,-0.00113831,0.0180343,True,1.10699,False,1.11788,0.992032,0.12624,0.988644,0.17948,True,0.0135254,0.00161456,0.59383,1.09468,2020-10-29,50,ok,
Madison County,01089,AL,372909,1,False,2020-06-11,2020-07-12,2020-09-20,31,49.6483,2020-06-19,2020-07-02,14,483,False,True,0.0544811,0.0443724,False,11.236,True,12.4892,1.38137,0.310607,1.60714,0.545257,True,0.0832676,0.0130905,0.87086,1.58287,2020-06-26,8,ok,
Madison County,01089,AL,372909,2,True,2020-10-27,2020-12-17,2021-03-01,51,109.372,2020-10-27,2020-11-09,14,1065,False,True,0.0402371,0.0204603,False,5.35455,True,5.37593,1.28166,0.143222,1.43637,0.23918,True,0.0419447,0.00261491,0.914682,1.29361,2020-11-21,26,ok,
Marshall County,01095,AL,96774,1,True,2020-10-18,2020-12-05,2021-02-10,48,124.886,2020-10-18,2020-10-31,14,297,False,True,0.0144423,0.0306407,False,3.40707,True,3.61245,1.1011,0.214485,1.1488,0.324993,True,0.049491,0.00355991,0.893654,1.34644,2020-11-11,25,ok,
Mobile County,01097,AL,413210,1,True,2020-04-05,2020-07-30,2020-10-05,116,63.2677,2020-06-02,2020-06-15,14,471,False,True,0.0559044,0.0386047,False,8.2778,True,9.35126,1.39133,0.270233,1.62467,0.47669,False,,,,,2020-06-02,1,ok,
Mobile County,01097,AL,413210,2,False,2020-10-20,2020-10-24,2021-03-02,4,91.9284,2020-10-20,2020-10-24,5,,True,False,,,False,,False,,,,,,False,,,,,2020-10-22,3,dropped,rise too short
Montgomery County,01101,AL,226486,1,True,2020-05-04,2021-01-07,2021-04-01,248,102.056,2020-05-04,2020-05-17,14,414,False,True,0.0110476,0.0335812,False,5.71056,True,5.98652,1.07733,0.235068,1.11304,0.351393,True,0.0017463,0.00084921,0.0332369,1.01222,2020-09-05,125,ok,
Russell County,01113,AL,57961,1,True,2020-05-15,2020-07-16,2020-09-08,62,56.9348,2020-06-01,2020-06-14,14,112,False,True,0.163831,0.0315587,False,1.56997,False,1.61147,2.14681,0.220911,3.20196,0.532739,True,0.109502,0.0127859,0.849444,1.76651,2020-06-15,15,ok,
Russell County,01113,AL,57961,2,False,2020-11-12,2021-01-20,2021-03-01,69,67.5331,2020-11-12,2020-11-25,14,176,False,True,0.0695222,0.0320892,False,2.09364,True,2.11413,1.48666,0.224624,1.79672,0.41459,True,0.0169005,0.00377005,0.378481,1.1183,2020-12-16,35,ok,
St. Clair County,01115,AL,89512,1,True,2020-06-27,2020-12-17,2021-03-18,173,105.812,2020-08-12,2020-08-25,14,230,False,True,0.07897,0.0504235,False,6.64304,True,6.8074,1.55279,0.352965,1.92066,0.671477,True,0.00174642,0.00302656,0.00846524,1.01222,2020-09-21,41,ok,
Shelby County,01117,AL,217702,1,False,2020-03-15,2020-04-06,2020-04-16,22,5.38088,2020-03-15,2020-03-28,14,72,False,True,0.178966,0.0817795,False,4.07812,True,4.21289,2.25276,0.572457,3.46227,1.4325,True,0.203232,0.0154786,0.950384,2.42262,2020-03-26,11,ok,
Shelby County,01117,AL,217702,2,True,2020-06-11,2020-07-19,2020-08-20,38,36.6819,2020-06-11,2020-06-24,14,295,False,True,0.0164832,0.0413893,False,6.17008,True,6.37595,1.11538,0.289725,1.17054,0.442547,True,0.0432044,0.00482548,0.816632,1.30243,2020-06-30,20,ok,
Shelby County,01117,AL,217702,3,False,2020-08-21,2020-08-29,2020-09-28,8,43.6376,2020-08-21,2020-08-29,9,530,True,False,0.204387,0.0666568,False,13.3328,True,12.7838,2.43071,0.466597,3.92112,1.23876,False,,,,,2020-08-25,5,ok,
Tuscaloosa County,01125,AL,209355,1,True,2020-05-16,2020-08-27,2020-09-03,103,58.2742,2020-05-16,2020-05-29,14,388,False,True,0.0946251,0.0434949,False,8.07335,True,9.16368,1.66238,0.304464,2.13428,0.607808,True,0.020845,0.00240881,0.599634,1.14592,2020-07-06,52,ok,
Tuscaloosa County,01125,AL,209355,2,False,2020-09-04,2020-09-28,2020-10-06,24,110.68,2020-09-04,2020-09-17,14,968,False,True,0.00354209,0.0371016,False,16.3204,True,16.7442,1.02479,0.259711,1.03568,0.376535,True,0.0159687,0.00402837,0.588226,1.11178,2020-09-16,13,ok,
Tuscaloosa County,01125,AL,209355,3,False,2020-10-07,2020-12-17,2021-03-08,71,106.654,2020-10-07,2020-10-20,14,732,False,True,0.0297716,0.0351929,False,10.9863,True,11.3176,1.2084,0.246351,1.31633,0.395935,True,0.00999704,0.00191511,0.444891,1.06998,2020-11-11,36,ok,
Walker County,01127,AL,63521,1,True,2020-05-17,2020-12-11,2021-02-15,208,99.6296,2020-05-17,2020-05-30,14,218,False,True,0.122293,0.0424047,False,4.01951,True,4.23792,1.85605,0.296833,2.537,0.641851,True,0.000772797,0.000853821,0.00789077,1.00541,2020-08-29,105,ok,
Municipality of Anchorage,02020,AK,288000,1,False,2020-03-19,2020-03-27,2020-04-16,8,2.57937,2020-03-19,2020-03-27,9,29,True,False,,,False,,False,,,,,,False,,,,,2020-03-23,3,dropped,< 30 cases in window
Municipality of Anchorage,02020,AK,288000,2,False,2020-06-26,2020-07-30,2020-08-12,34,29.5635,2020-06-26,2020-07-09,14,248,False,True,0.0705225,0.0186984,False,1.95516,False,1.94655,1.49366,0.130889,1.80967,0.242367,True,0.0662827,0.00447936,0.931904,1.46398,2020-07-13,18,ok,
Municipality of Anchorage,02020,AK,288000,3,True,2020-09-28,2020-11-16,2021-01-17,49,126.786,2020-09-30,2020-10-13,14,1213,False,True,0.0319306,0.0165838,False,4.03603,True,4.0537,1.22351,0.116087,1.34072,0.188079,True,0.0236022,0.00204371,0.863964,1.16522,2020-10-22,23,ok,
Fairbanks North Star Borough,02090,AK,96849,1,False,2020-06-14,2020-07-14,2020-08-06,30,17.1106,2020-06-14,2020-06-27,14,47,False,True,0.0305106,0.0419136,False,0.566825,False,0.691769,1.21357,0.293395,1.32465,0.472846,True,0.0226366,0.00876898,0.322489,1.15846,2020-06-29,16,ok,
Fairbanks North Star Borough,02090,AK,96849,2,True,2020-08-31,2020-12-09,2021-02-08,100,86.1429,2020-09-17,2020-09-30,14,242,False,True,0.0452385,0.0276208,False,2.20587,True,2.23455,1.31667,0.193345,1.49536,0.328687,True,0.0299489,0.00394323,0.643194,1.20964,2020-10-20,34,ok,
Kenai Peninsula Borough,02122,AK,58708,1,False,2020-06-27,2020-07-28,2020-08-22,31,37.7169,2020-06-27,2020-07-10,14,66,False,True,-0.0348032,0.0541912,True,2.33942,True,2.57847,0.756378,0.379338,0.677405,0.462699,True,0.0118058,0.0104227,0.0839508,1.08264,2020-07-12,16,ok,
Kenai Peninsula Borough,02122,AK,58708,2,True,2020-10-11,2020-11-25,2021-01-17,45,122.884,2020-10-15,2020-10-28,14,218,False,True,0.135053,0.0215534,False,0.775389,False,0.784505,1.94537,0.150874,2.73356,0.33779,True,0.0978324,0.00614193,0.937205,1.68483,2020-11-02,19,ok,
Matanuska-Susitna Borough,02170,AK,108317,1,True,2020-10-23,2020-12-04,2021-01-29,42,190.71,2020-10-23,2020-11-05,14,854,False,True,0.0174187,0.0272206,False,7.72284,True,8.03694,1.12193,0.190544,1.18056,0.29212,True,0.0123206,0.00607883,0.170398,1.08624,2020-11-13,22,ok,
Apache County,04001,AZ,71887,1,True,2020-10-22,2020-12-31,2021-03-08,70,178.057,2020-10-24,2020-11-06,14,285,False,True,-0.047552,0.0630684,True,13.5092,True,15.2629,0.667136,0.441479,0.571965,0.504725,True,0.0576372,0.00413885,0.858364,1.40346,2020-11-26,34,ok,
Cochise County,04003,AZ,125922,1,False,2020-05-29,2020-07-08,2020-08-14,40,31.7657,2020-05-29,2020-06-11,14,104,False,True,0.0788669,0.0717424,False,6.08194,True,7.29046,1.55207,0.502197,1.91929,0.955064,True,0.0817138,0.00839051,0.833106,1.572,2020-06-18,21,ok,
Cochise County,04003,AZ,125922,2,True,2020-11-07,2020-12-31,2021-02-18,54,198.649,2020-11-07,2020-11-20,14,689,False,True,0.0447327,0.0452857,False,16.8918,True,17.8432,1.31313,0.317,1.48935,0.537939,True,0.038398,0.00292566,0.868856,1.26879,2020-12-04,28,ok,
Coconino County,04005,AZ,143476,1,True,2020-09-13,2020-12-31,2021-02-23,109,169.068,2020-10-06,2020-10-19,14,455,False,True,0.0258157,0.0217162,False,2.60721,True,2.66974,1.18071,0.152014,1.27215,0.240708,True,0.0262922,0.00151666,0.909235,1.18405,2020-11-06,32,ok,
Gila County,04007,AZ,54018,1,False,2020-06-08,2020-06-23,2020-07-05,15,29.6198,2020-06-08,2020-06-21,14,115,False,True,0.182991,0.0459442,False,2.02368,True,2.18507,2.28093,0.321609,3.5331,0.81255,True,0.2854,0.0217398,0.966357,2.9978,2020-06-15,8,ok,
Gila County,04007,AZ,54018,2,False,2020-07-06,2020-07-28,2020-08-25,22,43.6362,2020-07-06,2020-07-19,14,221,False,True,0.0377094,0.0392582,False,4.10058,True,4.28506,1.26397,0.274807,1.40696,0.454758,True,0.0299638,0.00975423,0.485501,1.20975,2020-07-17,12,ok,
Gila County,04007,AZ,54018,3,False,2020-09-14,2020-10-17,2020-11-03,33,62.1486,2020-09-14,2020-09-27,14,135,False,True,0.0105869,0.0511519,False,4.32113,True,5.68168,1.07411,0.358063,1.10822,0.534264,True,0.049094,0.00729226,0.751344,1.34366,2020-09-30,17,ok,
Gila County,04007,AZ,54018,4,True,2020-11-04,2020-12-31,2021-02-16,57,179.57,2020-11-07,2020-11-20,14,422,False,True,0.00135411,0.0208066,False,2.23789,True,2.5212,1.00948,0.145646,1.01358,0.209249,True,0.03215,0.0042823,0.701361,1.22505,2020-12-02,26,ok,
Maricopa County,04013,AZ,4485414,1,False,2020-05-30,2020-07-03,2020-08-23,34,62.8609,2020-05-30,2020-06-12,14,7898,False,True,0.0716454,0.0372324,False,126.028,True,155.806,1.50152,0.260626,1.82425,0.48436,True,0.0765393,0.00332821,0.970635,1.53578,2020-06-16,18,ok,
Maricopa County,04013,AZ,4485414,2,True,2020-11-07,2020-12-31,2021-02-14,54,200.998,2020-11-09,2020-11-22,14,23184,False,True,0.0558623,0.0287619,False,226.185,True,235.937,1.39104,0.201334,1.62416,0.355101,True,0.0403624,0.00200716,0.943975,1.28254,2020-12-04,26,ok,
Mohave County,04015,AZ,212181,1,True,2020-11-14,2020-12-31,2021-02-12,47,245.949,2020-11-14,2020-11-27,14,1106,False,True,0.0227813,0.0227114,False,6.9442,True,7.1811,1.15947,0.15898,1.23871,0.248845,True,0.0460724,0.00299287,0.91505,1.32251,2020-12-07,24,ok,
Navajo County,04017,AZ,110924,1,True,2020-10-12,2020-12-31,2021-03-02,80,201.425,2020-10-19,2020-11-01,14,442,False,True,0.0129371,0.0535677,False,15.5051,True,19.1648,1.09056,0.374974,1.13289,0.564783,True,0.0332243,0.00178469,0.915471,1.23257,2020-11-21,34,ok,
Pima County,04019,AZ,1047279,1,False,2020-05-31,2020-07-03,2020-10-04,33,31.442,2020-06-01,2020-06-14,14,1528,False,True,0.0179743,0.0614821,False,70.4757,True,80.7581,1.12582,0.430375,1.18653,0.661235,True,0.0507711,0.00619526,0.827502,1.3554,2020-06-16,16,ok,
Pima County,04019,AZ,1047279,2,True,2020-11-07,2020-12-31,2021-02-15,54,204.503,2020-11-07,2020-11-20,14,5221,False,True,0.0554652,0.0248721,False,38.1111,True,38.5233,1.38826,0.174105,1.61926,0.306662,True,0.0348038,0.00219418,0.90634,1.24363,2020-12-04,28,ok,
Pinal County,04021,AZ,462789,1,False,2020-05-30,2020-07-08,2020-08-07,39,39.3885,2020-05-30,2020-06-12,14,549,False,True,0.0750606,0.0367195,False,8.46966,True,10.135,1.52542,0.257036,1.86892,0.482955,True,0.0907021,0.00303512,0.980243,1.63491,2020-06-18,20,ok,
Pinal County,04021,AZ,462789,2,True,2020-11-07,2020-12-31,2021-02-18,54,165.179,2020-11-09,2020-11-22,14,2364,False,True,0.0885404,0.0542381,False,77.5062,True,82.0382,1.61978,0.379666,2.05003,0.744076,True,0.0394203,0.00448897,0.76265,1.27594,2020-12-04,26,ok,
Yavapai County,04025,AZ,235099,1,False,2020-04-29,2020-05-11,2020-05-30,12,5.52959,2020-04-29,2020-05-11,13,103,True,True,0.173771,0.0725575,False,3.18403,True,3.40117,2.2164,0.507903,3.37183,1.25513,True,0.393844,0.0522094,0.919231,3.75691,2020-05-05,7,ok,
Yavapai County,04025,AZ,235099,2,False,2020-06-06,2020-06-26,2020-08-21,20,16.1026,2020-06-14,2020-06-26,13,223,True,True,0.188601,0.0501548,False,4.18297,True,6.2895,2.3202,0.351083,3.63298,0.898835,False,,,,,2020-06-16,3,ok,
Yavapai County,04025,AZ,235099,3,True,2020-11-10,2020-12-31,2021-02-03,51,166.556,2020-11-11,2020-11-24,14,1333,False,True,0.079356,0.0530085,False,42.5183,True,54.8455,1.55549,0.371059,1.92581,0.706759,True,0.0555547,0.00410001,0.888674,1.38888,2020-12-05,25,ok,
Yuma County,04027,AZ,213787,1,True,2020-11-02,2020-12-31,2021-02-09,59,289.273,2020-11-04,2020-11-17,14,1571,False,True,0.0603527,0.0406171,False,30.3735,True,32.6316,1.42247,0.28432,1.68002,0.509128,True,0.0383384,0.00360861,0.812777,1.26837,2020-12-01,28,ok,
Benton County,05007,AR,279141,1,False,2020-09-10,2020-09-21,2020-10-07,11,21.9039,2020-09-10,2020-09-21,12,581,True,True,0.0696719,0.073445,False,28.658,True,35.8613,1.4877,0.514115,1.79866,0.949366,False,,,,,2020-09-15,6,ok,
Benton County,05007,AR,279141,2,True,2020-10-15,2021-01-08,2021-02-12,85,140.328,2020-10-16,2020-10-29,14,895,False,True,0.0265728,0.0198717,False,4.29219,True,4.37373,1.18601,0.139102,1.28056,0.220895,True,0.0215868,0.00200706,0.743061,1.15111,2020-11-26,42,ok,
Crawford County,05033,AR,63257,1,False,2020-06-10,2020-08-06,2020-09-07,57,43.1347,2020-06-10,2020-06-23,14,62,False,True,0.0854053,0.0562333,False,2.19925,True,2.82105,1.59784,0.393633,2.00723,0.764043,True,0.0491787,0.0049014,0.788522,1.34425,2020-07-08,29,ok,
Crawford County,05033,AR,63257,2,False,2020-09-08,2020-09-16,2020-10-16,8,42.683,2020-09-09,2020-09-16,8,144,True,False,0.114008,0.147443,False,15.763,True,16.3716,1.79806,1.0321,2.41304,2.18044,False,,,,,2020-09-12,4,ok,
Crawford County,05033,AR,63257,3,True,2020-10-17,2021-01-12,2021-02-15,87,117.886,2020-10-24,2020-11-06,14,354,False,True,0.0623092,0.0225675,False,2.10675,True,2.1961,1.43616,0.157972,1.70462,0.284734,True,0.00831919,0.00279397,0.202112,1.05823,2020-11-29,37,ok,
Faulkner County,05045,AR,126007,1,True,2020-08-18,2020-09-16,2020-10-01,29,37.1861,2020-08-18,2020-08-31,14,291,False,True,0.0246066,0.0415706,False,6.11482,True,6.4261,1.17225,0.290994,1.25878,0.458668,True,0.0115076,0.0123625,0.062488,1.08055,2020-09-01,15,ok,
Garland County,05051,AR,99386,1,False,2020-03-20,2020-04-10,2020-04-16,21,8.04942,2020-03-20,2020-04-02,14,36,False,True,-6.52256e-16,0.0762346,True,2.56296,True,3.1511,1,0.533642,1,0.762346,True,0.0608234,0.0220558,0.457992,1.42576,2020-03-30,11,ok,
Garland County,05051,AR,99386,2,False,2020-06-22,2020-07-28,2020-09-07,36,30.1853,2020-06-22,2020-07-05,14,108,False,True,-0.0318777,0.0276642,True,1.5864,False,1.63442,0.776856,0.193649,0.702563,0.239603,True,-0.0026489,0.00912891,0.0049283,0.981458,2020-07-10,19,ok,
Garland County,05051,AR,99386,3,True,2020-10-11,2021-01-08,2021-03-12,89,133.247,2020-10-11,2020-10-24,14,335,False,True,0.0490915,0.0363129,False,5.25466,True,5.4557,1.34364,0.25419,1.54152,0.438001,True,0.0235698,0.00195433,0.771823,1.16499,2020-11-24,45,ok,
Jefferson County,05069,AR,66824,1,False,2020-03-29,2020-05-14,2020-05-24,46,54.9418,2020-04-13,2020-04-26,14,58,False,True,0.0599791,0.0383458,False,1.49031,False,1.75834,1.41985,0.268421,1.67534,0.480056,True,0.0596141,0.0123147,0.769997,1.4173,2020-04-21,9,ok,
Jefferson County,05069,AR,66824,2,True,2020-07-02,2020-12-20,2021-02-27,171,118.221,2020-07-03,2020-07-16,14,217,False,True,0.0546394,0.0302613,False,2.34738,True,2.41083,1.38248,0.211829,1.60909,0.372058,True,0.0130253,0.000895194,0.718369,1.09118,2020-09-25,85,ok,
Lonoke County,05085,AR,73309,1,False,2020-06-20,2020-07-26,2020-08-05,36,20.8511,2020-06-20,2020-07-03,14,78,False,True,0.0294074,0.0325223,False,1.91099,False,2.20469,1.20585,0.227656,1.31224,0.365391,True,0.00616266,0.0131671,0.0127217,1.04314,2020-07-08,19,ok,
Lonoke County,05085,AR,73309,2,True,2020-09-09,2021-01-04,2021-03-05,117,112.44,2020-09-09,2020-09-22,14,256,False,True,-0.0473025,0.084217,True,21.6434,True,26.7492,0.668883,0.589519,0.573963,0.674855,True,0.00466533,0.00182982,0.10237,1.03266,2020-11-06,59,ok,
Pope County,05115,AR,64072,1,True,2020-05-14,2020-07-19,2020-08-08,66,46.3764,2020-05-14,2020-05-27,14,74,False,True,0.0709196,0.0589735,False,2.96616,True,3.46491,1.49644,0.412814,1.81482,0.765395,True,0.0237885,0.00222566,0.781182,1.16652,2020-06-16,34,ok,
Pulaski County,05119,AR,391911,1,True,2020-03-15,2020-04-12,2020-04-24,28,5.54062,2020-03-15,2020-03-28,14,91,False,True,0.123292,0.0837617,False,6.52814,True,8.06344,1.86305,0.586332,2.55214,1.27136,True,0.0632168,0.0376224,0.190468,1.44252,2020-03-29,14,ok,
Sebastian County,05131,AR,127827,1,False,2020-06-04,2020-08-03,2020-09-07,60,48.8383,2020-06-04,2020-06-17,14,134,False,True,0.0786901,0.025624,False,1.94108,False,1.99527,1.55083,0.179368,1.91694,0.340927,True,0.0541398,0.00318213,0.908939,1.37898,2020-07-04,31,ok,
Sebastian County,05131,AR,127827,2,True,2020-10-20,2021-01-09,2021-03-06,81,158.808,2020-10-25,2020-11-07,14,708,False,True,0.0505616,0.0186264,False,2.91672,True,2.90335,1.35393,0.130385,1.5593,0.225818,True,0.0125384,0.00343453,0.2816,1.08777,2020-11-29,36,ok,
Washington County,05143,AR,239187,1,False,2020-05-21,2020-06-23,2020-08-12,33,54.8286,2020-05-21,2020-06-03,14,498,False,True,0.0913433,0.0134631,False,1.82876,False,1.81162,1.6394,0.0942414,2.08865,0.18628,True,0.101675,0.00251401,0.990913,1.71172,2020-06-06,17,ok,
Washington County,05143,AR,239187,2,False,2020-08-26,2020-09-16,2020-09-22,21,58.4719,2020-08-26,2020-09-08,14,1072,False,True,0.141711,0.0469302,False,22.8303,True,24.596,1.99197,0.328511,2.83882,0.748623,True,0.139088,0.0161433,0.89187,1.97361,2020-09-05,11,ok,
Washington County,05143,AR,239187,3,True,2020-11-02,2021-01-07,2021-03-03,66,121.543,2020-11-02,2020-11-15,14,1593,False,True,0.0561323,0.0211073,False,8.36685,True,8.34269,1.39293,0.147751,1.62749,0.260835,True,0.0165686,0.00264575,0.55067,1.11598,2020-12-05,34,ok,
White County,05145,AR,78753,1,True,2020-09-10,2020-11-20,2020-11-27,71,90.6995,2020-09-10,2020-09-23,14,192,False,True,0.0268646,0.0778674,False,14.1356,True,17.2096,1.18805,0.545072,1.2838,0.866533,True,0.0213587,0.00192528,0.783539,1.14951,2020-10-15,36,ok,
White County,05145,AR,78753,2,False,2020-11-28,2021-01-03,2021-02-17,36,128.068,2020-11-28,2020-12-11,14,486,False,True,0.0188397,0.0363125,False,7.81622,True,8.16929,1.13188,0.254187,1.19585,0.391858,True,0.0395219,0.00507609,0.780984,1.27665,2020-12-16,19,ok,
Alameda County,06001,CA,1671329,1,True,2020-11-05,2021-01-06,2021-02-16,62,56.935,2020-11-06,2020-11-19,14,3286,False,True,0.0594468,0.00983204,False,3.72755,True,3.8461,1.41613,0.0688243,1.66868,0.122869,True,0.0473396,0.00168733,0.964467,1.33138,2020-12-06,31,ok,
Butte County,06007,CA,219186,1,False,2020-06-14,2020-07-11,2020-07-29,27,15.903,2020-06-14,2020-06-27,14,129,False,True,0.0843142,0.026259,False,1.36999,False,1.38772,1.5902,0.183813,1.99243,0.355579,True,0.0795782,0.00600675,0.936004,1.55705,2020-06-27,14,ok,
Butte County,06007,CA,219186,2,True,2020-07-30,2020-08-26,2020-09-16,27,31.7408,2020-07-30,2020-08-12,14,375,False,True,-0.0114347,0.014766,True,1.9344,False,1.95428,0.919957,0.103362,0.888399,0.140569,True,0.00233823,0.00305936,0.0464184,1.01637,2020-08-12,14,ok,
Butte County,06007,CA,219186,3,False,2020-11-05,2021-01-02,2021-02-15,58,63.0906,2020-11-06,2020-11-19,14,472,False,True,0.0377484,0.0216928,False,2.67393,True,2.74458,1.26424,0.15185,1.40741,0.25132,True,0.047086,0.00165959,0.967547,1.3296,2020-12-04,29,ok,
Contra Costa County,06013,CA,1153526,1,False,2020-03-02,2020-04-02,2020-04-10,31,2.48926,2020-03-02,2020-03-15,14,119,False,True,0.125067,0.028741,False,0.935383,False,0.909613,1.87547,0.201187,2.57915,0.438381,True,0.134487,0.00389211,0.98841,1.94141,2020-03-17,16,ok,
Contra Costa County,06013,CA,1153526,2,True,2020-11-03,2021-01-07,2021-02-20,65,65.1047,2020-11-03,2020-11-16,14,2368,False,True,0.0249182,0.00589374,False,1.19075,False,1.1905,1.17443,0.0412562,1.26222,0.0651055,True,0.0381115,0.00161397,0.947333,1.26678,2020-12-05,33,ok,
El Dorado County,06017,CA,192843,1,True,2020-06-11,2020-07-12,2020-09-10,31,10.8897,2020-06-11,2020-06-24,14,84,False,True,0.0480675,0.0447506,False,2.00345,True,2.5458,1.33647,0.313255,1.52919,0.537851,True,0.0700044,0.00417237,0.952623,1.49003,2020-06-26,16,ok,
El Dorado County,06017,CA,192843,2,False,2020-09-11,2020-09-22,2020-10-09,11,6.29676,2020-09-13,2020-09-22,10,75,True,False,0.132221,0.0419704,False,0.819394,False,0.846211,1.92555,0.293793,2.68934,0.652777,False,,,,,2020-09-16,4,ok,
Fresno County,06019,CA,999101,1,True,2020-10-30,2020-12-12,2021-03-09,43,102.306,2020-10-30,2020-11-12,14,3021,False,True,0.0373802,0.0112025,False,4.56564,True,4.59886,1.26166,0.0784173,1.40315,0.129612,True,0.0531716,0.00229391,0.964112,1.3722,2020-11-20,22,ok,
Humboldt County,06023,CA,135558,1,True,2020-11-04,2021-01-15,2021-02-13,72,29.1915,2020-11-04,2020-11-17,14,180,False,True,0.0849582,0.0222443,False,0.903322,False,0.963057,1.59471,0.15571,2.00116,0.301816,True,0.0365365,0.00296688,0.812487,1.25576,2020-12-10,37,ok,
Imperial County,06025,CA,181215,1,True,2020-04-25,2020-05-31,2020-08-20,36,101.537,2020-04-25,2020-05-08,14,524,False,True,0.0925264,0.0131417,False,0.54838,False,0.551772,1.64768,0.091992,2.10505,0.182487,True,0.0827913,0.00157983,0.993848,1.57954,2020-05-13,19,ok,
Imperial County,06025,CA,181215,2,False,2020-10-15,2020-12-07,2021-02-05,53,180.212,2020-10-15,2020-10-28,14,638,False,True,0.0197358,0.0187405,False,2.73181,True,2.75998,1.13815,0.131184,1.20554,0.202939,True,0.0329548,0.00336217,0.793511,1.23068,2020-11-10,27,ok,
Kern County,06029,CA,900202,1,True,2020-05-20,2020-07-11,2020-09-14,52,67.6356,2020-05-21,2020-06-03,14,1034,False,True,0.0254888,0.0161225,False,3.2664,True,3.29381,1.17842,0.112857,1.26853,0.178484,True,0.0376888,0.00163659,0.956704,1.26382,2020-06-15,26,ok,
Kern County,06029,CA,900202,2,False,2020-11-01,2021-01-06,2021-02-23,66,106.69,2020-11-01,2020-11-14,14,2651,False,True,0.0551,0.00565267,False,1.80003,False,1.80464,1.3857,0.0395687,1.61476,0.0696081,True,0.04986,0.0014753,0.972748,1.34902,2020-12-04,34,ok,
Kings County,06031,CA,152940,1,True,2020-04-23,2020-05-31,2020-06-09,38,71.1764,2020-04-23,2020-05-06,14,238,False,True,-0.0435515,0.0187357,True,0.804229,False,0.852752,0.69514,0.13115,0.604317,0.153086,True,-0.0095143,0.00371031,0.267565,0.9334,2020-05-12,20,ok,
Lake County,06033,CA,64386,1,True,2020-11-11,2021-01-12,2021-02-24,62,68.5597,2020-11-11,2020-11-24,14,165,False,True,0.0725135,0.022963,False,0.32528,False,0.329993,1.50759,0.160741,1.83556,0.299566,True,0.0467124,0.00169981,0.961793,1.32699,2020-12-12,32,ok,
Los Angeles County,06037,CA,10039107,1,True,2020-11-02,2021-01-06,2021-02-11,65,161.742,2020-11-02,2020-11-15,14,36505,False,True,0.0460318,0.00681727,False,20.2528,True,20.2413,1.32222,0.0477209,1.50482,0.0813527,True,0.0484619,0.00127259,0.979071,1.33923,2020-12-04,33,ok,
Madera County,06039,CA,157327,1,True,2020-10-27,2021-01-03,2021-03-05,68,109.508,2020-10-27,2020-11-09,14,362,False,True,0.0429408,0.0151867,False,0.148308,False,0.148724,1.30059,0.106307,1.46813,0.179257,True,0.049836,0.00178833,0.959239,1.34885,2020-11-30,35,ok,
Marin County,06041,CA,258826,1,True,2020-06-08,2020-06-27,2020-08-30,19,70.6487,2020-06-08,2020-06-21,14,877,False,True,0.194405,0.044653,False,13.919,True,13.1672,2.36083,0.312571,3.7377,0.811122,True,0.195076,0.017847,0.937243,2.36553,2020-06-17,10,ok,
Marin County,06041,CA,258826,2,False,2020-11-03,2021-01-08,2021-03-05,66,44.7626,2020-11-03,2020-11-16,14,265,False,True,0.0292119,0.0176431,False,1.10806,False,1.11589,1.20448,0.123502,1.31004,0.198077,True,0.038945,0.000999723,0.979349,1.27261,2020-12-06,34,ok,
Mendocino County,06045,CA,86749,1,True,2020-10-30,2021-01-06,2021-02-16,68,48.7449,2020-10-30,2020-11-12,14,131,False,True,0.0372877,0.0462547,False,3.37554,True,3.89257,1.26101,0.323783,1.40207,0.534986,True,0.0419038,0.0025492,0.891164,1.29333,2020-12-03,35,ok,
Merced County,06047,CA,277680,1,False,2020-06-07,2020-07-19,2020-09-12,42,54.6878,2020-06-07,2020-06-20,14,492,False,True,0.0874142,0.0283663,False,4.42255,True,5.36252,1.6119,0.198564,2.03461,0.387807,True,0.0758227,0.0028557,0.972413,1.53076,2020-06-28,22,ok,
Merced County,06047,CA,277680,2,True,2020-10-28,2021-01-08,2021-03-26,72,114.983,2020-10-28,2020-11-10,14,661,False,True,0.0334347,0.0111892,False,0.795254,False,0.80542,1.23404,0.0783242,1.35782,0.127604,True,0.0472825,0.00112843,0.980455,1.33098,2020-12-03,37,ok,
Monterey County,06053,CA,434061,1,False,2020-03-12,2020-04-12,2020-04-26,31,2.36965,2020-03-12,2020-03-25,14,49,False,True,0.0175146,0.0675715,False,2.73042,True,2.94026,1.1226,0.473001,1.18159,0.725422,True,0.0136842,0.0128696,0.0747219,1.09579,2020-03-27,16,ok,
Monterey County,06053,CA,434061,2,True,2020-10-25,2021-01-07,2021-02-18,74,112.032,2020-10-25,2020-11-07,14,1167,False,True,0.0706945,0.0240058,False,7.75386,True,8.07532,1.49486,0.168041,1.8119,0.311335,True,0.0422404,0.00156401,0.952967,1.29568,2020-12-01,38,ok,
Nevada County,06057,CA,99755,1,True,2020-10-30,2020-12-02,2021-01-29,33,61.1498,2020-10-30,2020-11-12,14,229,False,True,0.0620949,0.0308667,False,2.55034,True,2.58754,1.43466,0.216067,1.70192,0.389166,True,0.072208,0.004579,0.943111,1.50546,2020-11-15,17,ok,
Orange County,06059,CA,3175692,1,False,2020-04-22,2020-06-28,2020-08-14,67,27.1482,2020-04-22,2020-05-05,14,1891,False,True,0.0280416,0.0155291,False,5.53276,True,5.59594,1.19629,0.108704,1.29693,0.17358,True,0.0151442,0.00119364,0.834171,1.10601,2020-05-25,34,ok,
Orange County,06059,CA,3175692,2,True,2020-11-04,2021-01-06,2021-02-12,63,103.914,2020-11-04,2020-11-17,14,7685,False,True,0.0736794,0.00873183,False,6.72085,True,6.72366,1.51576,0.0611228,1.8508,0.114339,True,0.0569382,0.00158187,0.977369,1.39857,2020-12-05,32,ok,
Placer County,06061,CA,398329,1,True,2020-03-06,2020-03-20,2020-03-31,14,1.93666,2020-03-06,2020-03-19,14,46,False,True,0.201956,0.0530956,False,0.545755,False,0.740496,2.41369,0.371669,3.87607,0.981322,False,,,,,2020-03-13,5,ok,
Riverside County,06065,CA,2470546,1,True,2020-10-30,2021-01-06,2021-02-12,68,153.078,2020-10-30,2020-11-12,14,7582,False,True,0.0338463,0.0119574,False,13.0952,True,13.2299,1.23692,0.0837018,1.36252,0.136572,True,0.0507859,0.00138716,0.975972,1.3555,2020-12-03,35,ok,
Sacramento County,06067,CA,1552058,1,True,2020-10-30,2020-12-08,2021-02-20,39,63.8231,2020-10-30,2020-11-12,14,4508,False,True,0.0588749,0.0122623,False,7.96066,True,7.93,1.41212,0.0858358,1.66154,0.152944,True,0.0492232,0.00291553,0.940602,1.34456,2020-11-18,20,ok,
San Benito County,06069,CA,62808,1,True,2020-11-04,2021-01-06,2021-02-15,63,129.419,2020-11-04,2020-11-17,14,198,False,True,0.0318777,0.0204313,False,0.505373,False,0.504887,1.22314,0.143019,1.34012,0.231668,True,0.0498636,0.00185338,0.960203,1.34905,2020-12-05,32,ok,
San Diego County,06073,CA,3338330,1,False,2020-03-05,2020-03-20,2020-04-07,15,2.32794,2020-03-05,2020-03-18,14,581,False,True,0.176293,0.021051,False,2.20317,True,2.3003,2.23405,0.147357,3.41559,0.366377,True,0.237783,0.0102424,0.98899,2.66448,2020-03-12,8,ok,
San Diego County,06073,CA,3338330,2,False,2020-04-08,2020-04-23,2020-05-04,15,4.1338,2020-04-08,2020-04-21,14,1278,False,True,0.0423371,0.0119939,False,2.20337,True,2.21631,1.29636,0.0839574,1.46101,0.141266,True,0.0188676,0.00140666,0.967726,1.13207,2020-04-15,8,ok,
San Diego County,06073,CA,3338330,3,False,2020-06-12,2020-07-08,2020-09-03,26,17.9303,2020-06-12,2020-06-25,14,4856,False,True,0.0739801,0.0103088,False,5.9161,True,5.97773,1.51786,0.0721618,1.85474,0.135119,True,0.0735147,0.00484853,0.950392,1.5146,2020-06-25,14,ok,
San Diego County,06073,CA,3338330,4,True,2020-11-03,2021-01-06,2021-02-12,64,113.008,2020-11-03,2020-11-16,14,10505,False,True,0.0473451,0.00653219,False,5.34292,True,5.34104,1.33142,0.0457253,1.52052,0.0783111,True,0.0387699,0.00126726,0.967941,1.27139,2020-12-05,33,ok,
San Francisco County,06075,CA,881549,1,True,2020-10-23,2021-01-06,2021-02-25,75,40.4321,2020-10-23,2020-11-05,14,1009,False,True,0.0582776,0.00918245,False,0.746209,False,0.74267,1.40794,0.0642772,1.6541,0.1143,True,0.0322848,0.00122329,0.950855,1.22599,2020-11-29,38,ok,
San Joaquin County,06077,CA,762148,1,False,2020-05-30,2020-07-18,2020-09-04,49,46.9163,2020-05-30,2020-06-12,14,996,False,True,0.0745071,0.00936277,False,1.22852,False,1.21375,1.52155,0.0655394,1.86165,0.122927,True,0.0602243,0.00123169,0.990471,1.42157,2020-06-23,25,ok,
San Joaquin County,06077,CA,762148,2,True,2020-11-04,2021-01-07,2021-02-14,64,93.9825,2020-11-04,2020-11-17,14,2035,False,True,0.016445,0.00634408,False,0.886386,False,0.885258,1.11511,0.0444086,1.17013,0.0678226,True,0.0525761,0.00278544,0.919954,1.36803,2020-12-06,33,ok,
San Luis Obispo County,06079,CA,283111,1,False,2020-03-08,2020-03-17,2020-04-25,9,2.47253,2020-03-08,2020-03-17,10,50,True,False,0.129583,0.0513177,False,1.23282,False,1.6586,1.90708,0.359224,2.64845,0.792472,False,,,,,2020-03-12,5,ok,
San Luis Obispo County,06079,CA,283111,2,False,2020-06-08,2020-07-10,2020-09-09,32,18.9224,2020-06-08,2020-06-21,14,197,False,True,0.0423673,0.0205805,False,0.759666,False,0.76234,1.29657,0.144064,1.46137,0.242427,True,0.0599135,0.00363521,0.947669,1.41939,2020-06-24,17,ok,
San Luis Obispo County,06079,CA,283111,3,True,2020-11-01,2021-01-06,2021-02-15,66,118.177,2020-11-01,2020-11-14,14,972,False,True,-0.0152997,0.00917743,True,1.99956,False,2.00391,0.892902,0.064242,0.851918,0.085877,True,0.0137249,0.00206388,0.580179,1.09607,2020-12-04,34,ok,
San Mateo County,06081,CA,766573,1,False,2020-03-09,2020-07-12,2020-08-09,125,13.8837,2020-03-09,2020-03-22,14,341,False,True,0.0763366,0.0160278,False,1.77029,False,1.77552,1.53436,0.112195,1.88574,0.211666,True,0.00337802,0.00179696,0.0547595,1.02365,2020-05-10,63,ok,
San Mateo County,06081,CA,766573,2,True,2020-11-04,2021-01-06,2021-02-14,63,62.5045,2020-11-04,2020-11-17,14,1473,False,True,0.0341054,0.00749752,False,1.80719,False,1.81253,1.23874,0.0524826,1.36548,0.0857148,True,0.0447746,0.00172916,0.957173,1.31342,2020-12-05,32,ok,
Santa Barbara County,06083,CA,446499,1,False,2020-05-02,2020-05-07,2020-05-11,5,30.2352,2020-05-02,2020-05-07,6,,True,False,,,False,,False,,,,,,False,,,,,2020-05-04,3,dropped,rise too short
Santa Barbara County,06083,CA,446499,2,True,2020-11-09,2021-01-06,2021-02-28,58,101.296,2020-11-09,2020-11-22,14,930,False,True,0.0308412,0.00942358,False,0.197582,False,0.197373,1.21589,0.065965,1.32839,0.106442,True,0.0399907,0.00116002,0.976983,1.27993,2020-12-08,30,ok,
Santa Clara County,06085,CA,1927852,1,False,2020-02-26,2020-03-18,2020-04-20,21,3.21601,2020-02-26,2020-03-10,14,233,False,True,0.120751,0.030555,False,2.24021,True,2.4464,1.84525,0.213885,2.5137,0.46051,True,0.118723,0.0067129,0.972031,1.83106,2020-03-07,11,ok,
Santa Clara County,06085,CA,1927852,2,False,2020-06-10,2020-07-15,2020-09-04,35,13.7607,2020-06-10,2020-06-23,14,1083,False,True,0.0753015,0.00898524,False,0.73187,False,0.742381,1.52711,0.0628967,1.87209,0.11827,True,0.0644043,0.002142,0.98261,1.45083,2020-06-27,18,ok,
Santa Clara County,06085,CA,1927852,3,True,2020-10-28,2021-01-06,2021-02-27,70,73.3311,2020-10-28,2020-11-10,14,3134,False,True,0.0641432,0.00892014,False,2.90584,True,2.90158,1.449,0.062441,1.72783,0.113232,True,0.0508078,0.00101291,0.986667,1.35565,2020-12-02,36,ok,
Santa Cruz County,06087,CA,273213,1,False,2020-06-05,2020-07-15,2020-07-25,40,13.3334,2020-06-10,2020-06-23,14,115,False,True,0.073638,0.0477545,False,3.00835,True,3.18758,1.51547,0.334282,1.85025,0.62524,True,0.0554388,0.0114488,0.626148,1.38807,2020-06-25,16,ok,
Santa Cruz County,06087,CA,273213,2,True,2020-10-31,2021-01-06,2021-02-14,67,84.3926,2020-10-31,2020-11-13,14,619,False,True,0.0470394,0.0116398,False,1.18925,False,1.19826,1.32928,0.0814787,1.51686,0.139394,True,0.0401316,0.00194388,0.930165,1.28092,2020-12-03,34,ok,
Shasta County,06089,CA,180080,1,False,2020-09-07,2020-10-03,2020-10-15,26,30.4627,2020-09-07,2020-09-20,14,216,False,True,0.143165,0.0219324,False,1.06877,False,1.15522,2.00215,0.153527,2.86206,0.351202,True,0.140388,0.00345666,0.992778,1.98271,2020-09-20,14,ok,
Shasta County,06089,CA,180080,2,True,2020-10-24,2020-11-17,2020-12-14,24,73.6974,2020-10-24,2020-11-06,14,1036,False,True,0.0598798,0.0152268,False,2.81693,True,2.82606,1.41916,0.106588,1.6741,0.190563,True,0.0695903,0.0037624,0.968848,1.48713,2020-11-05,13,ok,
Shasta County,06089,CA,180080,3,False,2020-12-15,2021-01-02,2021-02-19,18,53.4683,2020-12-17,2020-12-30,14,1040,False,True,0.025341,0.0218055,False,6.01021,True,6.07714,1.17739,0.152639,1.2669,0.241263,True,0.010879,0.00670031,0.305253,1.07615,2020-12-24,8,ok,
Solano County,06095,CA,447643,1,False,2020-05-26,2020-07-11,2020-09-05,46,21.4137,2020-05-26,2020-06-08,14,221,False,True,0.0482891,0.0194944,False,1.67537,False,1.72432,1.33802,0.136461,1.53186,0.234481,True,0.0609179,0.00339327,0.936101,1.42643,2020-06-18,24,ok,
Solano County,06095,CA,447643,2,True,2020-10-28,2021-01-06,2021-02-15,70,84.0912,2020-10-28,2020-11-10,14,1107,False,True,0.0350175,0.00865191,False,1.81499,False,1.81187,1.24512,0.0605633,1.37593,0.0992437,True,0.0292832,0.00107929,0.955852,1.20498,2020-12-02,36,ok,
Sonoma County,06097,CA,494336,1,False,2020-03-05,2020-03-19,2020-04-06,14,1.67613,2020-03-05,2020-03-18,14,60,False,True,0.144514,0.0417053,False,0.618885,False,0.786922,2.0116,0.291937,2.88372,0.670188,True,0.211623,0.0174481,0.960811,2.48136,2020-03-12,8,ok,
Sonoma County,06097,CA,494336,2,True,2020-11-15,2021-01-06,2021-03-09,52,57.8554,2020-11-15,2020-11-28,14,1616,False,True,0.0258839,0.0196036,False,7.54554,True,7.587,1.18119,0.137225,1.27291,0.217348,True,0.0403392,0.00148205,0.967356,1.28237,2020-12-11,27,ok,
Stanislaus County,06099,CA,550660,1,True,2020-05-30,2020-07-09,2020-09-18,40,52.0414,2020-05-30,2020-06-12,14,773,False,True,0.0824195,0.010707,False,1.32694,False,1.31224,1.57694,0.0749488,1.96685,0.144133,True,0.07129,0.00133368,0.993394,1.49903,2020-06-19,21,ok,
Stanislaus County,06099,CA,550660,2,False,2020-11-04,2021-01-07,2021-02-16,64,88.8285,2020-11-04,2020-11-17,14,1930,False,True,0.045989,0.00658802,False,1.14917,False,1.14696,1.32192,0.0461162,1.5043,0.0786052,True,0.0453471,0.00151883,0.966392,1.31743,2020-12-06,33,ok,
Sutter County,06101,CA,96971,1,True,2020-11-02,2020-12-01,2021-02-18,29,119.329,2020-11-02,2020-11-15,14,622,False,True,0.122797,0.0181404,False,2.09581,True,2.08076,1.85958,0.126983,2.54463,0.274962,True,0.104548,0.00666572,0.949807,1.73184,2020-11-16,15,ok,
Tulare County,06107,CA,466195,1,False,2020-03-28,2020-05-03,2020-05-17,36,14.341,2020-03-28,2020-04-10,14,258,False,True,0.0560802,0.0259325,False,2.0456,True,2.11527,1.39256,0.181528,1.62685,0.320406,True,0.0536201,0.00725427,0.762684,1.37534,2020-04-15,19,ok,
Tulare County,06107,CA,466195,2,True,2020-10-29,2021-01-06,2021-02-17,69,104.677,2020-10-29,2020-11-11,14,1161,False,True,0.0454137,0.00849139,False,1.51471,False,1.52764,1.3179,0.0594398,1.49745,0.10111,True,0.0467734,0.00117361,0.979647,1.32741,2020-12-02,35,ok,
Tuolumne County,06109,CA,54478,1,True,2020-11-02,2020-12-09,2021-02-25,37,156.289,2020-11-02,2020-11-15,14,411,False,True,0.0882051,0.0147702,False,1.40626,False,1.40681,1.61744,0.103391,2.04543,0.20242,True,0.0550635,0.00851258,0.711087,1.38544,2020-11-20,19,ok,
Ventura County,06111,CA,846006,1,False,2020-03-04,2020-03-22,2020-04-21,18,1.90813,2020-03-04,2020-03-17,14,78,False,True,0.205012,0.0410425,False,0.26538,False,0.273263,2.43508,0.287297,3.93275,0.763821,True,0.209319,0.00797215,0.988529,2.46523,2020-03-13,10,ok,
Ventura County,06111,CA,846006,2,False,2020-05-10,2020-06-26,2020-09-17,47,20.1789,2020-05-27,2020-06-09,14,547,False,True,0.057706,0.0124663,False,1.56198,False,1.6264,1.40394,0.0872639,1.64699,0.154877,True,0.0858846,0.0111141,0.922738,1.60119,2020-06-02,7,ok,
Ventura County,06111,CA,846006,3,True,2020-11-10,2021-01-06,2021-02-16,57,162.36,2020-11-10,2020-11-23,14,3224,False,True,0.0501361,0.0051096,False,1.91847,False,1.91131,1.35095,0.0357672,1.55415,0.0618554,True,0.0467327,0.00193733,0.955656,1.32713,2020-12-08,29,ok,
Yolo County,06113,CA,220500,1,False,2020-03-20,2020-04-10,2020-04-17,21,3.88727,2020-03-20,2020-04-02,14,42,False,True,0.0136157,0.0441367,False,0.447769,False,0.515274,1.09531,0.308957,1.14005,0.466607,True,0.0055567,0.00663694,0.0722575,1.0389,2020-03-30,11,ok,
Yolo County,06113,CA,220500,2,False,2020-06-08,2020-07-08,2020-09-20,30,20.2786,2020-06-08,2020-06-21,14,215,False,True,0.129043,0.021507,False,1.61881,False,1.80075,1.9033,0.150549,2.64013,0.331634,True,0.101027,0.00653728,0.944625,1.70719,2020-06-23,16,ok,
Yolo County,06113,CA,220500,3,True,2020-10-30,2021-01-06,2021-02-23,68,66.9258,2020-10-30,2020-11-12,14,591,False,True,0.0403927,0.0118704,False,0.998811,False,1.00023,1.28275,0.0830925,1.43819,0.138842,True,0.0376652,0.00296818,0.829921,1.26366,2020-12-03,35,ok,
Adams County,08001,CO,517421,1,False,2020-03-24,2020-04-27,2020-06-17,34,13.8876,2020-03-24,2020-04-06,14,342,False,True,0.0752073,0.0513554,False,10.3177,True,10.8554,1.52645,0.359488,1.87085,0.67577,True,0.0763067,0.0103854,0.771383,1.53415,2020-04-10,18,ok,
Adams County,08001,CO,517421,2,True,2020-09-24,2020-11-13,2021-05-22,50,116.374,2020-09-30,2020-10-13,14,1706,False,True,0.03637,0.0404523,False,33.6498,True,44.8842,1.25459,0.283166,1.39148,0.466315,True,0.0362309,0.00173773,0.960239,1.25362,2020-10-19,20,ok,
Arapahoe County,08005,CO,656590,1,False,2020-03-23,2020-04-19,2020-06-17,27,15.6436,2020-03-23,2020-04-05,14,563,False,True,0.0896067,0.0237942,False,3.54447,True,3.64035,1.62725,0.166559,2.06468,0.327491,True,0.0981844,0.0116379,0.855728,1.68729,2020-04-05,14,ok,
Arapahoe County,08005,CO,656590,2,False,2020-06-23,2020-07-26,2020-08-05,33,12.0101,2020-06-23,2020-07-06,14,394,False,True,-3.36536e-16,0.0143941,True,0.876645,False,0.883003,1,0.100759,1,0.143941,True,0.0216897,0.00478572,0.577948,1.15183,2020-07-09,17,ok,
Arapahoe County,08005,CO,656590,3,True,2020-10-07,2020-11-16,2021-02-08,40,86.921,2020-10-08,2020-10-21,14,1620,False,True,0.0190759,0.0141777,False,3.97128,True,3.98881,1.13353,0.0992442,1.1984,0.153136,True,0.0394293,0.00351753,0.874696,1.27601,2020-10-27,20,ok,
Boulder County,08013,CO,326196,1,False,2020-03-15,2020-06-20,2020-08-15,97,7.97067,2020-03-15,2020-03-28,14,84,False,True,0.0839695,0.047427,False,2.12561,True,2.33759,1.58779,0.331989,1.98776,0.641532,True,0.0408964,0.00325943,0.770092,1.28628,2020-05-02,49,ok,
Boulder County,08013,CO,326196,2,True,2020-09-04,2020-09-21,2020-10-09,17,42.6124,2020-09-05,2020-09-18,14,842,False,True,0.139808,0.0416549,False,14.2133,True,16.9274,1.97865,0.291584,2.80854,0.661143,True,0.134329,0.0132919,0.944513,1.94031,2020-09-12,8,ok,
Boulder County,08013,CO,326196,3,False,2020-10-21,2020-11-14,2020-12-22,24,69.8966,2020-10-21,2020-11-03,14,1061,False,True,0.0677563,0.0602537,False,44.6293,True,50.1755,1.47429,0.421776,1.77397,0.774004,True,0.0535981,0.00700839,0.841698,1.37519,2020-11-02,13,ok,
Denver County,08031,CO,727211,1,True,2020-09-15,2020-11-18,2020-12-26,64,100.167,2020-09-15,2020-09-28,14,1325,False,True,0.0222551,0.007873,False,0.809132,False,0.80854,1.15579,0.055111,1.23295,0.086089,True,0.0243313,0.00165958,0.873958,1.17032,2020-10-17,33,ok,
Denver County,08031,CO,727211,2,False,2020-12-27,2021-01-08,2021-05-17,12,63.2554,2020-12-27,2021-01-08,13,4502,True,True,0.0782167,0.0606047,False,178.79,True,206.464,1.54752,0.424233,1.91064,0.80514,True,0.0688699,0.0215033,0.672295,1.48209,2021-01-02,7,ok,
Douglas County,08035,CO,351154,1,False,2020-03-15,2020-04-02,2020-05-09,18,4.92255,2020-03-15,2020-03-28,14,88,False,True,0.148413,0.0492485,False,2.01902,True,2.78658,2.03889,0.344739,2.94669,0.799468,True,0.239492,0.0214234,0.939836,2.67644,2020-03-24,10,ok,
Douglas County,08035,CO,351154,2,False,2020-06-21,2020-07-23,2020-07-31,32,7.64825,2020-06-21,2020-07-04,14,167,False,True,0.00171088,0.0221096,False,1.47168,False,1.52095,1.01198,0.154767,1.01717,0.222685,True,0.022764,0.00678036,0.429045,1.15935,2020-07-07,17,ok,
Douglas County,08035,CO,351154,3,True,2020-10-07,2020-11-16,2021-06-11,40,77.6216,2020-10-08,2020-10-21,14,561,False,True,0.0188713,0.018135,False,2.2503,True,2.27661,1.1321,0.126945,1.19619,0.195724,True,0.0525246,0.0056732,0.826452,1.36767,2020-10-27,20,ok,
Eagle County,08037,CO,55127,1,True,2020-03-11,2020-03-29,2020-04-29,18,45.3498,2020-03-11,2020-03-24,14,93,False,True,0.099021,0.0548288,False,3.04428,True,3.59327,1.69315,0.383802,2.19612,0.776314,True,0.138427,0.00888889,0.968066,1.96899,2020-03-20,10,ok,
Eagle County,08037,CO,55127,2,False,2020-07-05,2020-07-25,2020-08-14,20,33.1702,2020-07-05,2020-07-18,14,130,False,True,0.0220215,0.0398893,False,2.51892,True,2.59186,1.15415,0.279225,1.2304,0.435787,True,0.0528774,0.0107665,0.728267,1.37014,2020-07-15,11,ok,
Eagle County,08037,CO,55127,3,False,2020-10-20,2020-11-27,2020-12-23,38,83.962,2020-10-20,2020-11-02,14,181,False,True,0.0269144,0.0573299,False,7.2232,True,8.57965,1.1884,0.40131,1.28436,0.638105,True,0.0561048,0.00324633,0.943161,1.39273,2020-11-08,20,ok,
El Paso County,08041,CO,720403,1,False,2020-03-20,2020-07-23,2020-09-08,125,12.1162,2020-03-20,2020-04-02,14,325,False,True,0.0727407,0.016365,False,0.840614,False,0.834324,1.50918,0.114555,1.83852,0.213647,True,0.00154121,0.00178455,0.0120797,1.01079,2020-05-21,63,ok,
El Paso County,08041,CO,720403,2,True,2020-10-13,2020-12-01,2021-02-08,49,94.1735,2020-10-13,2020-10-26,14,2156,False,True,0.0641357,0.0197196,False,9.76964,True,10.3589,1.44895,0.138037,1.72774,0.250315,True,0.0589053,0.0046537,0.874467,1.41234,2020-11-06,25,ok,
Garfield County,08045,CO,60061,1,False,2020-06-14,2020-07-13,2020-08-07,29,28.5424,2020-06-14,2020-06-27,14,85,False,True,0.0440431,0.0459593,False,2.14794,True,2.29388,1.3083,0.321715,1.48117,0.544608,True,0.0514773,0.00485345,0.89641,1.36034,2020-06-28,15,ok,
Garfield County,08045,CO,60061,2,True,2020-10-21,2020-12-13,2021-02-08,53,122.495,2020-10-22,2020-11-04,14,201,False,True,0.00142148,0.044111,False,4.79089,True,5.9938,1.00995,0.308777,1.01426,0.443744,True,0.048278,0.00304881,0.912647,1.33795,2020-11-16,26,ok,
Jefferson County,08059,CO,582881,1,False,2020-06-25,2020-07-25,2020-08-10,30,9.58294,2020-06-25,2020-07-08,14,318,False,True,0.0306653,0.032125,False,3.97426,True,4.13015,1.21466,0.224875,1.3264,0.362625,True,0.0456466,0.0058819,0.811386,1.31953,2020-07-10,16,ok,
Jefferson County,08059,CO,582881,2,True,2020-10-07,2020-11-18,2021-05-22,42,77.7909,2020-10-08,2020-10-21,14,1270,False,True,0.0229967,0.0140983,False,3.0723,True,3.07913,1.16098,0.0986882,1.24107,0.1546,True,0.0457566,0.0033442,0.90786,1.3203,2020-10-28,21,ok,
La Plata County,08067,CO,56221,1,True,2020-11-04,2020-11-27,2021-01-28,23,134.927,2020-11-04,2020-11-17,14,259,False,True,0.0570049,0.038267,False,4.46592,True,4.55405,1.39903,0.267869,1.63829,0.474289,True,0.0737508,0.0104906,0.831717,1.51626,2020-11-15,12,ok,
Larimer County,08069,CO,356899,1,True,2020-10-06,2020-11-17,2021-01-15,42,71.9691,2020-10-06,2020-10-19,14,772,False,True,0.0014804,0.0232448,False,5.10967,True,5.19323,1.01036,0.162713,1.01485,0.233893,True,0.0147737,0.00204378,0.723194,1.10342,2020-10-27,22,ok,
Mesa County,08077,CO,154210,1,True,2020-10-13,2020-11-16,2021-03-04,34,121.263,2020-10-13,2020-10-26,14,553,False,True,0.0442671,0.0255463,False,4.3165,True,4.34679,1.30987,0.178824,1.48382,0.302959,True,0.0421377,0.00492024,0.820919,1.29496,2020-10-30,18,ok,
Pueblo County,08101,CO,168424,1,True,2020-10-16,2020-11-20,2021-01-12,35,166.841,2020-10-17,2020-10-30,14,713,False,True,0.0898012,0.0322583,False,8.24694,True,8.08799,1.62861,0.225808,2.06736,0.444249,True,0.0708014,0.00398804,0.954571,1.49561,2020-11-02,17,ok,
Weld County,08123,CO,324492,1,False,2020-03-21,2020-04-27,2020-06-21,37,22.5848,2020-03-21,2020-04-03,14,364,False,True,0.11218,0.0231608,False,2.05801,True,2.12353,1.78526,0.162126,2.38608,0.340732,True,0.0754662,0.00772755,0.848717,1.52826,2020-04-08,19,ok,
Weld County,08123,CO,324492,2,False,2020-06-28,2020-07-17,2020-08-08,19,9.64144,2020-06-28,2020-07-11,14,205,False,True,0.0666906,0.0205012,False,1.42059,False,1.42592,1.46683,0.143509,1.76031,0.262436,True,0.0367322,0.00878167,0.686226,1.25713,2020-07-07,10,ok,
Weld County,08123,CO,324492,3,True,2020-10-18,2020-11-18,2020-12-23,31,99.0559,2020-10-18,2020-10-31,14,1027,False,True,0.0394759,0.0492843,False,29.982,True,36.4821,1.27633,0.34499,1.42748,0.574556,True,0.0756548,0.00431794,0.956385,1.52958,2020-11-02,16,ok,
Weld County,08123,CO,324492,4,False,2020-12-24,2021-01-07,2021-02-10,14,55.9996,2020-12-28,2021-01-07,11,1809,True,False,0.0560767,0.0358305,False,22.7856,True,20.1244,1.39254,0.250814,1.6268,0.442694,False,,,,,2020-12-31,4,ok,
Fairfield County,09001,CT,943332,1,True,2020-03-22,2020-04-19,2020-06-07,28,51.5347,2020-03-22,2020-04-04,14,2684,False,True,0.130601,0.0441434,False,52.3483,True,48.6951,1.91421,0.309004,2.6642,0.683571,True,0.118354,0.00954461,0.922045,1.82848,2020-04-05,15,ok,
Fairfield County,09001,CT,943332,2,False,2020-10-19,2020-12-05,2020-12-24,47,85.1087,2020-10-19,2020-11-01,14,2787,False,True,0.0932922,0.0225331,False,15.6103,True,15.704,1.65305,0.157732,2.11569,0.313622,True,0.0568691,0.00324359,0.933211,1.39808,2020-11-11,24,ok,
Fairfield County,09001,CT,943332,3,False,2020-12-25,2021-01-10,2021-02-11,16,82.307,2020-12-27,2021-01-09,14,8184,False,True,-0.0191601,0.0655026,True,428.22,True,561.263,0.865879,0.458518,0.816109,0.602314,True,0.0358741,0.0263702,0.270147,1.25112,2021-01-02,7,ok,
Hartford County,09003,CT,891720,1,True,2020-10-02,2021-01-10,2021-05-14,100,87.904,2020-10-06,2020-10-19,14,1333,False,True,0.0281694,0.0316889,False,16.2392,True,16.7339,1.19719,0.221822,1.29836,0.35438,True,0.0419278,0.000971866,0.976393,1.29349,2020-11-21,47,ok,
Litchfield County,09005,CT,180333,1,False,2020-03-19,2020-04-23,2020-06-01,35,20.9137,2020-03-19,2020-04-01,14,126,False,True,0.178966,0.0696357,False,5.17456,True,5.20806,2.25276,0.48745,3.46227,1.21978,True,0.157723,0.0180324,0.827035,2.10406,2020-04-05,18,ok,
Litchfield County,09005,CT,180333,2,True,2020-10-18,2020-12-05,2021-05-08,48,73.1979,2020-10-18,2020-10-31,14,314,False,True,0.0590619,0.0164695,False,1.6888,False,1.68186,1.41343,0.115287,1.66387,0.205549,True,0.0557892,0.00215079,0.966946,1.39052,2020-11-11,25,ok,
Middlesex County,09007,CT,162436,1,True,2020-03-21,2020-04-11,2020-06-04,21,18.0291,2020-03-21,2020-04-03,14,86,False,True,0.17056,0.036464,False,1.51912,False,2.06695,2.19392,0.255248,3.31651,0.625851,True,0.201501,0.0139221,0.958806,2.41051,2020-03-31,11,ok,
New Haven County,09009,CT,854757,1,False,2020-03-26,2020-04-14,2020-06-09,19,35.7161,2020-03-26,2020-04-08,14,1818,False,True,0.144836,0.028299,False,13.9362,True,13.9729,2.01385,0.198093,2.88889,0.455136,True,0.166155,0.00824513,0.980681,2.16309,2020-04-04,10,ok,
New Haven County,09009,CT,854757,2,True,2020-10-23,2020-12-04,2021-02-19,42,88.9476,2020-10-23,2020-11-05,14,2910,False,True,0.049786,0.00537707,False,1.66617,False,1.65906,1.3485,0.0376395,1.54991,0.0650142,True,0.057786,0.00183876,0.980152,1.4045,2020-11-13,22,ok,
New London County,09011,CT,265206,1,True,2020-09-26,2021-01-10,2021-05-06,106,108.649,2020-09-26,2020-10-09,14,727,False,True,0.000393005,0.0407729,False,14.8052,True,15.4732,1.00275,0.28541,1.00393,0.408402,True,0.00782454,0.00175855,0.27574,1.05477,2020-11-18,54,ok,
Tolland County,09013,CT,150721,1,True,2020-03-22,2020-05-17,2020-06-09,56,21.4208,2020-03-26,2020-04-08,14,101,False,True,0.0969046,0.0452008,False,2.25799,True,2.84907,1.67833,0.316406,2.16625,0.635975,True,0.0570363,0.00369816,0.911832,1.39925,2020-04-19,25,ok,
Tolland County,09013,CT,150721,2,False,2020-08-15,2020-09-11,2020-09-27,27,10.3313,2020-08-23,2020-09-05,14,78,False,True,-0.0294074,0.0737281,True,5.1393,True,5.6433,0.794148,0.516097,0.724086,0.646218,False,,,,,2020-08-28,6,ok,
Windham County,09015,CT,116782,1,False,2020-05-31,2020-06-22,2020-06-28,22,15.0464,2020-05-31,2020-06-13,14,82,False,True,0.0421142,0.0318952,False,1.42135,False,1.84803,1.2948,0.223267,1.45839,0.375368,True,0.0753291,0.0106684,0.832936,1.5273,2020-06-11,12,ok,
Windham County,09015,CT,116782,2,True,2020-10-23,2021-01-09,2021-02-12,78,129.178,2020-10-23,2020-11-05,14,284,False,True,0.00402441,0.0169557,False,1.18011,False,1.19897,1.02817,0.11869,1.04058,0.172423,True,0.0306907,0.00210744,0.84805,1.21483,2020-12-01,40,ok,
Kent County,10001,DE,180786,1,True,2020-10-25,2020-12-06,2020-12-27,42,90.636,2020-10-25,2020-11-07,14,331,False,True,0.0060432,0.0381915,False,5.91157,True,6.16184,1.0423,0.26734,1.0612,0.391608,True,0.039921,0.00301372,0.897681,1.27945,2020-11-15,22,ok,
Sussex County,10005,DE,234225,1,True,2020-04-04,2020-04-25,2020-06-03,21,59.4666,2020-04-04,2020-04-17,14,694,False,True,0.110606,0.0468295,False,16.107,True,16.8375,1.77424,0.327807,2.36297,0.68584,True,0.127286,0.0131572,0.912273,1.891,2020-04-14,11,ok,
Sussex County,10005,DE,234225,2,False,2020-09-29,2021-01-07,2021-02-23,100,103.015,2020-09-29,2020-10-12,14,506,False,True,-0.0112989,0.0388743,True,9.35261,True,9.71378,0.920907,0.27212,0.889692,0.370295,True,0.0182044,0.00103621,0.862991,1.12743,2020-11-18,51,ok,
Washington,11001,DC,705749,1,True,2020-07-04,2020-07-24,2020-08-14,20,12.2666,2020-07-04,2020-07-17,14,680,False,True,-0.0218915,0.0527249,True,23.0213,True,27.8216,0.84676,0.369075,0.791149,0.478772,True,0.034022,0.0156293,0.344907,1.23815,2020-07-14,11,ok,
Alachua County,12001,FL,269043,1,True,2020-08-29,2021-01-05,2021-02-20,129,73.7004,2020-08-29,2020-09-11,14,912,False,True,0.107567,0.0204808,False,4.08011,True,5.02206,1.75297,0.143366,2.31865,0.297337,True,0.00117414,0.00250777,0.00346753,1.00822,2020-11-01,65,ok,
Bay County,12005,FL,174705,1,True,2020-06-23,2020-07-22,2020-10-07,29,82.5882,2020-06-23,2020-07-06,14,539,False,True,0.146873,0.0516892,False,13.6926,True,15.8608,2.02811,0.361824,2.92173,0.835744,True,0.111329,0.0137756,0.833999,1.7793,2020-07-07,15,ok,
Bay County,12005,FL,174705,2,False,2020-10-14,2021-01-22,2021-03-08,100,121.92,2020-10-17,2020-10-30,14,450,False,True,0.0165263,0.0390319,False,8.37019,True,8.86676,1.11568,0.273223,1.171,0.417411,True,0.0245342,0.00246058,0.683672,1.17174,2020-12-03,48,ok,
Brevard County,12009,FL,601942,1,True,2020-06-17,2021-01-05,2021-02-27,202,58.8334,2020-06-17,2020-06-30,14,1185,False,True,0.148236,0.00944227,False,1.63078,False,1.61701,2.03765,0.0660959,2.94381,0.153209,True,-0.00773986,0.00100625,0.371716,0.945821,2020-09-26,102,ok,
Broward County,12011,FL,1952778,1,False,2020-03-17,2020-04-10,2020-05-25,24,8.06178,2020-03-18,2020-03-31,14,1164,False,True,0.180867,0.0316948,False,9.82984,True,10.8242,2.26607,0.221864,3.49564,0.557715,True,0.188109,0.0103475,0.97063,2.31676,2020-03-29,12,ok,
Broward County,12011,FL,1952778,2,True,2020-06-13,2020-07-13,2020-09-04,30,76.5503,2020-06-13,2020-06-26,14,4731,False,True,0.0621386,0.0224546,False,27.8815,True,29.5435,1.43497,0.157182,1.70247,0.283148,True,0.0661752,0.00247232,0.980834,1.46323,2020-06-28,16,ok,
Charlotte County,12015,FL,188910,1,False,2020-06-22,2020-07-31,2020-09-04,39,26.0895,2020-06-22,2020-07-05,14,335,False,True,0.0704787,0.036666,False,5.19453,True,5.40476,1.49335,0.256662,1.8091,0.475196,True,0.0421079,0.00803138,0.604293,1.29475,2020-07-11,20,ok,
Charlotte County,12015,FL,188910,2,True,2020-10-23,2021-01-05,2021-02-24,74,66.774,2020-10-23,2020-11-05,14,444,False,True,0.0310092,0.0229004,False,2.81903,True,2.86247,1.21706,0.160303,1.33029,0.258829,True,0.0206327,0.000995751,0.922639,1.14443,2020-11-29,38,ok,
Citrus County,12017,FL,149657,1,True,2020-06-16,2020-07-22,2020-09-29,36,27.6823,2020-06-16,2020-06-29,14,134,False,True,0.0786901,0.025624,False,0.957921,False,0.944027,1.55083,0.179368,1.91694,0.340927,True,0.0686897,0.00493312,0.919387,1.48083,2020-07-04,19,ok,
Clay County,12019,FL,219252,1,False,2020-06-19,2020-07-19,2020-08-13,30,39.6152,2020-06-20,2020-07-03,14,403,False,True,0.136403,0.0325182,False,4.19041,True,5.46794,1.95482,0.227628,2.75476,0.511478,True,0.125618,0.00698359,0.961373,1.87932,2020-07-04,15,ok,
Clay County,12019,FL,219252,2,False,2020-08-14,2020-08-28,2020-09-07,14,26.193,2020-08-15,2020-08-28,14,475,False,True,0.0210909,0.0131452,False,1.92034,False,1.93754,1.14764,0.0920164,1.22025,0.143096,True,0.0141112,0.00926865,0.316745,1.09878,2020-08-21,7,ok,
Clay County,12019,FL,219252,3,True,2020-10-14,2021-01-05,2021-02-21,83,98.191,2020-10-24,2020-11-06,14,534,False,True,0.0289915,0.0318469,False,6.56672,True,6.76879,1.20294,0.222929,1.30757,0.357248,True,0.0313915,0.00137717,0.945412,1.21974,2020-11-24,32,ok,
Collier County,12021,FL,384902,1,False,2020-03-14,2020-04-08,2020-04-22,25,4.86209,2020-03-14,2020-03-27,14,82,False,True,0.126056,0.0346728,False,0.876055,False,1.08585,1.88239,0.24271,2.59425,0.530298,True,0.165767,0.0110877,0.957177,2.16037,2020-03-26,12,ok,
Collier County,12021,FL,384902,2,True,2020-05-15,2020-07-15,2020-09-07,61,59.7184,2020-05-16,2020-05-29,14,539,False,True,0.0260459,0.0296425,False,5.75375,True,6.00197,1.18232,0.207498,1.27471,0.328852,True,0.036613,0.00213453,0.913102,1.25629,2020-06-14,30,ok,
Collier County,12021,FL,384902,3,False,2020-10-09,2021-01-10,2021-02-02,93,57.3059,2020-10-09,2020-10-22,14,775,False,True,0.0329564,0.049727,False,23.1663,True,29.3347,1.2307,0.348089,1.35237,0.5661,True,0.0215686,0.000858857,0.933399,1.15098,2020-11-24,47,ok,
Columbia County,12023,FL,71686,1,True,2020-07-02,2020-07-22,2020-09-04,20,177.959,2020-07-03,2020-07-16,14,771,False,True,0.263904,0.0705519,False,22.1219,True,18.9204,2.84733,0.493864,5.1016,1.48752,True,0.172656,0.0342379,0.760694,2.20859,2020-07-12,10,ok,
Columbia County,12023,FL,71686,2,False,2020-10-08,2021-01-05,2021-02-28,89,87.8833,2020-11-07,2020-11-20,14,225,False,True,-0.0241846,0.0191159,True,1.22584,False,1.245,0.830708,0.133811,0.770437,0.171742,True,0.00968737,0.0100403,0.0668249,1.06781,2020-11-21,15,ok,
Duval County,12031,FL,957755,1,True,2020-06-15,2020-07-13,2020-09-06,28,59.1264,2020-06-15,2020-06-28,14,3598,False,True,0.15431,0.0143089,False,6.83046,True,6.52069,2.08017,0.100163,3.04314,0.235826,True,0.146765,0.00681469,0.972736,2.02736,2020-06-29,15,ok,
Duval County,12031,FL,957755,2,False,2020-11-12,2021-01-05,2021-02-16,54,114.106,2020-11-15,2020-11-28,14,5243,False,True,0.0273853,0.0577842,False,212.496,True,246.769,1.1917,0.404489,1.2896,0.644304,True,0.0236772,0.00280874,0.75548,1.16574,2020-12-09,25,ok,
Escambia County,12033,FL,318316,1,False,2020-03-18,2020-04-24,2020-05-06,37,6.95625,2020-03-18,2020-03-31,14,93,False,True,0.319085,0.0501052,False,0.878371,False,1.02333,3.23359,0.350736,6.32896,1.17254,True,0.145802,0.0207767,0.766523,2.02061,2020-04-05,17,ok,
Escambia County,12033,FL,318316,2,True,2020-06-21,2020-07-15,2020-09-14,24,85.0458,2020-06-21,2020-07-04,14,1427,False,True,0.114944,0.0369764,False,20.4144,True,21.216,1.80461,0.258835,2.4269,0.548274,True,0.124398,0.00627192,0.972799,1.87078,2020-07-03,13,ok,
Escambia County,12033,FL,318316,3,False,2020-10-29,2021-01-05,2021-03-06,68,113.05,2020-10-30,2020-11-12,14,1231,False,True,0.0465965,0.0156412,False,3.59282,True,3.65419,1.32618,0.109489,1.51156,0.187023,True,0.0158786,0.00246198,0.565197,1.11115,2020-12-02,34,ok,
Highlands County,12055,FL,106221,1,True,2020-06-12,2020-07-22,2020-08-20,40,41.6921,2020-06-12,2020-06-25,14,119,False,True,0.0972241,0.0504579,False,3.3128,True,3.62939,1.68057,0.353205,2.17074,0.71062,True,0.0585716,0.00846595,0.715848,1.41,2020-07-02,21,ok,
Highlands County,12055,FL,106221,2,False,2020-10-21,2020-11-17,2020-11-22,27,46.1302,2020-10-21,2020-11-03,14,288,False,True,0.0238649,0.0287574,False,2.89736,True,3.04011,1.16705,0.201302,1.25061,0.316399,True,0.0418128,0.00614493,0.79417,1.29269,2020-11-03,14,ok,
Highlands County,12055,FL,106221,3,False,2020-12-29,2021-01-05,2021-02-27,7,64.8244,2020-12-29,2021-01-05,8,357,True,False,-0.0478709,0.113749,True,24.0709,True,28.8695,0.664904,0.796241,0.569415,0.908787,False,,,,,2021-01-01,4,ok,
Hillsborough County,12057,FL,1471968,1,True,2020-06-04,2020-07-10,2020-09-02,36,49.9914,2020-06-04,2020-06-17,14,1889,False,True,0.094507,0.0188752,False,7.40417,True,7.36966,1.66155,0.132126,2.13263,0.263673,True,0.0945433,0.00285277,0.984758,1.6618,2020-06-22,19,ok,
Hillsborough County,12057,FL,1471968,2,False,2020-10-29,2021-01-05,2021-02-02,68,73.7205,2020-10-29,2020-11-11,14,4039,False,True,0.0340441,0.0160782,False,12.6105,True,12.7714,1.23831,0.112547,1.36478,0.183771,True,0.0136431,0.00112962,0.815507,1.0955,2020-12-02,35,ok,
Indian River County,12061,FL,159923,1,False,2020-06-12,2020-07-22,2020-10-13,40,39.0366,2020-06-12,2020-06-25,14,302,False,True,0.0857387,0.0399207,False,5.39517,True,5.71259,1.60017,0.279445,2.01176,0.542963,True,0.0742445,0.00866212,0.794517,1.51971,2020-07-02,21,ok,
Indian River County,12061,FL,159923,2,True,2020-10-25,2021-01-05,2021-03-01,72,92.9912,2020-11-03,2020-11-16,14,535,False,True,0.032719,0.0124336,False,1.93224,False,1.92537,1.22903,0.0870351,1.34967,0.141422,True,0.00148216,0.00292526,0.0097774,1.01038,2020-11-30,28,ok,
Lake County,12069,FL,367118,1,True,2020-03-18,2020-04-05,2020-04-20,18,2.64609,2020-03-18,2020-03-31,14,65,False,True,0.198042,0.0442981,False,0.56713,False,0.753391,2.38629,0.310087,3.80405,0.811443,True,0.221318,0.0266966,0.919706,2.54922,2020-03-27,8,ok,
Lee County,12071,FL,770577,1,True,2020-06-03,2020-07-15,2020-09-07,42,65.7949,2020-06-07,2020-06-20,14,1303,False,True,0.126249,0.0298019,False,11.7326,True,12.2043,1.88375,0.208613,2.59721,0.456042,True,0.0687861,0.00941094,0.769532,1.4815,2020-06-24,18,ok,
Lee County,12071,FL,770577,2,False,2020-10-14,2021-01-05,2021-02-08,83,69.7066,2020-10-15,2020-10-28,14,1706,False,True,0.0486993,0.0198406,False,7.99221,True,8.21171,1.3409,0.138884,1.5368,0.238987,True,0.0277761,0.00123708,0.928195,1.19443,2020-11-24,41,ok,
Leon County,12073,FL,293582,1,False,2020-06-17,2020-07-03,2020-08-26,16,42.4316,2020-06-17,2020-06-30,14,631,False,True,0.217512,0.047281,False,10.1613,True,9.82799,2.52259,0.330967,4.16867,0.904746,True,0.151666,0.0222699,0.868868,2.06166,2020-06-25,9,ok,
Leon County,12073,FL,293582,2,True,2020-08-27,2020-09-06,2020-09-26,10,73.6713,2020-08-28,2020-09-06,10,1638,True,False,0.19213,0.0446563,False,22.5759,True,25.5252,2.34491,0.312594,3.69649,0.806915,False,,,,,2020-09-01,5,ok,
Leon County,12073,FL,293582,3,False,2020-12-24,2021-01-05,2021-03-01,12,103.549,2020-12-24,2021-01-05,13,2381,True,True,0.055497,0.0422211,False,44.2965,True,45.3065,1.38848,0.295548,1.61965,0.520623,True,0.0783499,0.0105081,0.917484,1.54845,2020-12-30,7,ok,
Manatee County,12081,FL,403253,1,False,2020-03-26,2020-04-18,2020-05-29,23,6.44757,2020-03-26,2020-04-08,14,147,False,True,0.116901,0.0598356,False,5.47786,True,6.28371,1.81831,0.418849,2.456,0.89214,True,0.137827,0.0200979,0.824652,1.96479,2020-04-06,12,ok,
Manatee County,12081,FL,403253,2,True,2020-06-13,2020-07-14,2020-09-06,31,60.2599,2020-06-13,2020-06-26,14,1059,False,True,0.106988,0.0317229,False,11.3829,True,10.9916,1.74892,0.222061,2.31025,0.459776,True,0.0879844,0.00623075,0.934396,1.61589,2020-06-28,16,ok,
Marion County,12083,FL,365579,1,True,2020-06-24,2020-07-29,2020-10-07,35,72.097,2020-06-24,2020-07-07,14,619,False,True,0.057539,0.0308193,False,6.91793,True,6.99113,1.40277,0.215735,1.64492,0.382672,True,0.0678191,0.00456459,0.932418,1.47473,2020-07-11,18,ok,
Marion County,12083,FL,365579,2,False,2020-11-12,2021-01-05,2021-03-08,54,87.5715,2020-11-13,2020-11-26,14,1120,False,True,0.00357161,0.0424703,False,24.7433,True,31.8182,1.025,0.297292,1.03598,0.431074,True,0.0269915,0.0028426,0.782913,1.18894,2020-12-09,27,ok,
Martin County,12085,FL,161000,1,True,2020-08-14,2020-08-28,2020-09-01,14,34.8713,2020-08-14,2020-08-27,14,339,False,True,0.0642738,0.031346,False,3.88066,True,3.88644,1.44992,0.219422,1.72949,0.398079,True,0.0620601,0.00994456,0.866504,1.43442,2020-08-21,8,ok,
Martin County,12085,FL,161000,2,False,2020-10-25,2021-01-05,2021-03-23,72,55.9006,2020-10-28,2020-11-10,14,289,False,True,0.0108802,0.0168189,False,0.533369,False,0.535895,1.07616,0.117732,1.11129,0.175875,True,0.028377,0.00173631,0.893013,1.19864,2020-11-30,34,ok,
Miami-Dade County,12086,FL,2716940,1,False,2020-03-22,2020-04-05,2020-05-25,14,17.1359,2020-03-22,2020-04-04,14,3721,False,True,0.152525,0.0395462,False,54.2882,True,50.7566,2.06768,0.276823,3.01379,0.648797,True,0.215178,0.0180111,0.959658,2.50625,2020-03-29,8,ok,
Miami-Dade County,12086,FL,2716940,2,True,2020-06-15,2020-07-27,2020-09-04,42,109.619,2020-06-15,2020-06-28,14,11797,False,True,0.102267,0.0199565,False,50.7675,True,50.4783,1.71587,0.139696,2.24229,0.285282,True,0.0860378,0.00343206,0.969157,1.60226,2020-07-06,22,ok,
Monroe County,12087,FL,74228,1,True,2020-06-19,2020-07-21,2020-09-07,32,60.4316,2020-06-19,2020-07-02,14,150,False,True,0.134923,0.053505,False,4.24197,True,4.39497,1.94446,0.374535,2.73152,0.838251,True,0.10864,0.00596516,0.956734,1.76048,2020-07-05,17,ok,
Monroe County,12087,FL,74228,2,False,2020-10-05,2021-01-10,2021-02-09,97,69.2846,2020-10-05,2020-10-18,14,180,False,True,0.00317473,0.0556792,False,6.83504,True,8.651,1.02222,0.389754,1.03196,0.564216,True,0.0322127,0.0011015,0.947908,1.22549,2020-11-22,49,ok,
Nassau County,12089,FL,88625,1,False,2020-06-20,2020-07-18,2020-08-11,28,38.8475,2020-06-20,2020-07-03,14,152,False,True,0.123738,0.025382,False,1.55388,False,1.56101,1.86617,0.177674,2.55891,0.38573,True,0.124318,0.00555906,0.974664,1.87022,2020-07-04,15,ok,
Nassau County,12089,FL,88625,2,False,2020-08-12,2020-08-29,2020-09-17,17,33.2057,2020-08-12,2020-08-25,14,269,False,True,0.0726919,0.0179872,False,1.5567,False,1.55595,1.50884,0.12591,1.83789,0.234787,True,0.0626788,0.0105902,0.833451,1.43875,2020-08-20,9,ok,
Nassau County,12089,FL,88625,3,True,2020-11-07,2021-01-05,2021-02-24,59,127.342,2020-11-09,2020-11-22,14,321,False,True,0.0133609,0.0305235,False,3.65562,True,3.75803,1.09353,0.213665,1.13736,0.322364,True,0.0336792,0.00192409,0.921778,1.23575,2020-12-06,28,ok,
Okaloosa County,12091,FL,210738,1,True,2020-06-15,2020-08-04,2020-09-19,50,42.4359,2020-06-18,2020-07-01,14,353,False,True,0.12085,0.0282566,False,2.90178,True,3.56918,1.84595,0.197796,2.5152,0.425988,True,0.0650623,0.0073123,0.790353,1.45544,2020-07-10,23,ok,
Orange County,12095,FL,1393452,1,True,2020-06-10,2020-07-14,2020-12-05,34,60.4972,2020-06-10,2020-06-23,14,3053,False,True,0.105315,0.0158782,False,8.2556,True,8.64418,1.7372,0.111147,2.28606,0.229015,True,0.121852,0.00330241,0.988384,1.85296,2020-06-27,18,ok,
Orange County,12095,FL,1393452,2,False,2020-12-06,2021-01-05,2021-02-22,30,86.0761,2020-12-06,2020-12-19,14,8076,False,True,0.0758883,0.052959,False,258.778,True,367.142,1.53122,0.370713,1.87982,0.698387,True,0.0628715,0.0121969,0.654927,1.4401,2020-12-21,16,ok,
Osceola County,12097,FL,375751,1,False,2020-03-17,2020-04-03,2020-04-28,17,5.58881,2020-03-17,2020-03-30,14,90,False,True,0.169941,0.0532848,False,2.2399,True,2.1281,2.18958,0.372993,3.30588,0.913168,True,0.148286,0.0218307,0.868269,2.038,2020-03-25,9,ok,
Osceola County,12097,FL,375751,2,True,2020-06-19,2020-07-19,2020-09-04,30,73.605,2020-06-19,2020-07-02,14,1423,False,True,0.136641,0.023258,False,7.56353,True,7.66363,1.95648,0.162806,2.75849,0.366055,True,0.107794,0.0106585,0.879603,1.75456,2020-07-04,16,ok,
Osceola County,12097,FL,375751,3,False,2020-11-02,2021-01-05,2021-02-08,64,98.4695,2020-11-02,2020-11-15,14,1608,False,True,0.027806,0.0123363,False,2.96951,True,2.98356,1.19464,0.0863541,1.2943,0.13777,True,0.0242899,0.00205145,0.818918,1.17003,2020-12-04,33,ok,
Palm Beach County,12099,FL,1496770,1,True,2020-05-31,2020-07-15,2020-09-24,45,49.6116,2020-05-31,2020-06-13,14,2544,False,True,0.0216044,0.0250305,False,19.4138,True,19.6636,1.15123,0.175213,1.22585,0.273017,True,0.0339882,0.00224429,0.916117,1.23792,2020-06-22,23,ok,
Palm Beach County,12099,FL,1496770,2,False,2020-10-21,2021-01-05,2021-02-02,76,68.414,2020-10-21,2020-11-03,14,4213,False,True,0.031664,0.0201454,False,20.6898,True,21.1812,1.22165,0.141018,1.3377,0.228245,True,0.0190705,0.00132884,0.84771,1.13349,2020-11-28,39,ok,
Pinellas County,12103,FL,974996,1,False,2020-03-14,2020-04-02,2020-04-27,19,3.56045,2020-03-14,2020-03-27,14,80,False,True,0.112637,0.0344584,False,1.66035,False,2.3696,1.78846,0.241209,2.3928,0.507598,True,0.182621,0.0274974,0.863036,2.27835,2020-03-23,9,ok,
Pinellas County,12103,FL,974996,2,True,2020-06-06,2020-07-11,2020-08-22,35,39.8829,2020-06-06,2020-06-19,14,1675,False,True,0.137471,0.0138874,False,3.16597,True,3.0935,1.9623,0.0972118,2.77158,0.219057,True,0.103582,0.00396798,0.977059,1.72507,2020-06-23,18,ok,
Pinellas County,12103,FL,974996,3,False,2020-10-14,2021-01-05,2021-03-16,83,70.2714,2020-10-18,2020-10-31,14,2004,False,True,-0.000570289,0.0302091,True,22.4031,True,23.0483,0.996008,0.211464,0.994304,0.301367,True,0.0198359,0.00109284,0.901491,1.13885,2020-11-24,38,ok,
Polk County,12105,FL,724777,1,True,2020-06-09,2020-07-12,2020-09-20,33,45.551,2020-06-09,2020-06-22,14,1019,False,True,0.12285,0.0241289,False,6.07371,True,6.11007,1.85995,0.168903,2.54543,0.365787,True,0.108711,0.00391098,0.980956,1.76098,2020-06-25,17,ok,
Polk County,12105,FL,724777,2,False,2020-11-12,2021-01-05,2021-03-02,54,83.1192,2020-11-23,2020-12-06,14,2783,False,True,0.054552,0.0395545,False,51.4404,True,68.9346,1.38186,0.276881,1.60801,0.486172,True,0.0513702,0.00289647,0.954483,1.35959,2020-12-09,17,ok,
Putnam County,12107,FL,74521,1,True,2020-06-15,2020-07-11,2020-08-27,26,51.5674,2020-06-15,2020-06-28,14,128,False,True,0.0777574,0.0261948,False,1.24233,False,1.24429,1.5443,0.183364,1.90454,0.347496,True,0.10498,0.00481542,0.975373,1.73486,2020-06-28,14,ok,
Putnam County,12107,FL,74521,2,False,2020-08-28,2020-09-14,2020-10-03,17,24.5377,2020-08-28,2020-09-10,14,139,False,True,0.00616745,0.0242396,False,1.81251,False,1.86937,1.04317,0.169677,1.06247,0.248675,True,0.0494985,0.00743194,0.863704,1.34649,2020-09-05,9,ok,
Putnam County,12107,FL,74521,3,False,2020-11-17,2021-01-13,2021-02-16,57,95.8503,2020-11-23,2020-12-06,14,295,False,True,0.0975707,0.0512911,False,8.4791,True,10.4137,1.68299,0.359038,2.17563,0.7231,True,0.0606404,0.00423934,0.906919,1.42448,2020-12-15,23,ok,
St. Johns County,12109,FL,264672,1,False,2020-03-16,2020-04-03,2020-04-10,18,4.64186,2020-03-16,2020-03-29,14,58,False,True,0.15045,0.0428387,False,1.36515,False,1.67878,2.05315,0.299871,2.97984,0.69908,True,0.207413,0.0125803,0.974895,2.45189,2020-03-25,9,ok,
St. Johns County,12109,FL,264672,2,False,2020-06-15,2020-07-17,2020-10-07,32,34.3282,2020-06-15,2020-06-28,14,530,False,True,0.12752,0.0218123,False,2.54701,True,2.37828,1.89264,0.152686,2.61668,0.334946,True,0.113686,0.00626782,0.956394,1.7958,2020-07-01,17,ok,
St. Johns County,12109,FL,264672,3,True,2020-10-27,2021-01-05,2021-02-17,70,104.064,2020-10-29,2020-11-11,14,783,False,True,-0.00255435,0.0198876,True,3.79341,True,3.8637,0.98212,0.139214,0.974594,0.196743,True,0.0248884,0.00159597,0.883716,1.17422,2020-12-01,34,ok,
St. Lucie County,12111,FL,328297,1,True,2020-06-05,2021-01-05,2021-03-06,214,73.1916,2020-06-06,2020-06-19,14,570,False,True,0.0537584,0.0428172,False,12.3584,True,12.5531,1.37631,0.299721,1.59827,0.524847,True,-0.00283415,0.00134574,0.0405287,0.980161,2020-09-20,107,ok,
Santa Rosa County,12113,FL,184313,1,True,2020-06-25,2020-07-27,2020-08-20,32,87.7389,2020-06-25,2020-07-08,14,622,False,True,0.0606082,0.0525349,False,20.1106,True,21.5775,1.42426,0.367744,1.68322,0.659079,True,0.0648541,0.0114016,0.683244,1.45398,2020-07-11,17,ok,
Santa Rosa County,12113,FL,184313,2,False,2020-08-21,2020-09-04,2020-09-14,14,21.6247,2020-08-25,2020-09-04,11,383,True,False,0.030869,0.0339216,False,4.38158,True,4.93264,1.21608,0.237451,1.3287,0.383195,False,,,,,2020-08-28,4,ok,
Sarasota County,12115,FL,433742,1,True,2020-06-16,2020-07-15,2020-08-22,29,46.9008,2020-06-16,2020-06-29,14,667,False,True,0.109102,0.0217638,False,3.3565,True,3.4964,1.76371,0.152347,2.34098,0.317366,True,0.0972053,0.00532,0.96252,1.68044,2020-06-30,15,ok,
Sarasota County,12115,FL,433742,2,False,2020-12-23,2021-01-05,2021-02-05,13,71.3723,2020-12-25,2021-01-05,12,2312,True,True,0.0810694,0.0136063,False,3.87298,True,4.01538,1.56749,0.0952439,1.94871,0.182391,False,,,,,2020-12-29,5,ok,
Seminole County,12117,FL,471826,1,False,2020-03-19,2020-04-01,2020-04-30,13,3.33053,2020-03-19,2020-04-01,14,121,False,True,0.19221,0.0320767,False,1.35913,False,1.48611,2.34547,0.224537,3.69794,0.579716,True,0.202425,0.0248217,0.930076,2.41697,2020-03-25,7,ok,
Seminole County,12117,FL,471826,2,True,2020-06-09,2020-06-26,2020-09-25,17,33.7897,2020-06-09,2020-06-22,14,819,False,True,0.119137,0.0184425,False,2.88163,True,2.83486,1.83396,0.129097,2.48944,0.276707,True,0.138298,0.00750741,0.979789,1.96808,2020-06-17,9,ok,
Seminole County,12117,FL,471826,3,False,2020-10-19,2020-12-10,2020-12-22,52,50.1093,2020-10-20,2020-11-02,14,775,False,True,0.0225351,0.0359749,False,12.2106,True,12.6882,1.15775,0.251824,1.23602,0.393798,True,0.0229081,0.00109151,0.948329,1.16036,2020-11-14,26,ok,
Seminole County,12117,FL,471826,4,False,2020-12-23,2021-01-05,2021-02-21,13,61.1606,2020-12-25,2021-01-05,12,2218,True,True,0.0796609,0.00704295,False,1.98546,False,2.03944,1.55763,0.0493006,1.92987,0.0939935,False,,,,,2020-12-29,5,ok,
Sumter County,12119,FL,132420,1,False,2020-03-19,2020-05-01,2020-05-07,43,6.47291,2020-03-19,2020-04-01,14,56,False,True,0.118621,0.0652898,False,2.47293,True,2.72036,1.83035,0.457029,2.4817,0.978178,True,0.0459266,0.0131218,0.392003,1.32149,2020-04-09,21,ok,
Sumter County,12119,FL,132420,2,True,2020-11-18,2021-01-05,2021-03-08,48,80.2641,2020-11-23,2020-12-06,14,424,False,True,0.0860704,0.0510267,False,12.3671,True,15.8284,1.60249,0.357187,2.01627,0.694727,True,0.0456833,0.00566282,0.783342,1.31978,2020-12-12,20,ok,
Volusia County,12127,FL,553284,1,True,2020-06-14,2020-07-16,2020-08-27,32,35.7089,2020-06-14,2020-06-27,14,831,False,True,0.117215,0.0107572,False,1.91986,False,1.89833,1.82051,0.0753001,2.46068,0.16053,True,0.113636,0.00459286,0.976082,1.79545,2020-06-30,17,ok,
Volusia County,12127,FL,553284,2,False,2020-12-26,2021-01-05,2021-02-17,10,67.1058,2020-12-27,2021-01-05,10,2582,True,False,0.118324,0.0765031,False,116.324,True,145.201,1.82827,0.535522,2.47726,1.14522,False,,,,,2020-12-31,5,ok,
Walton County,12131,FL,74071,1,True,2020-06-18,2020-07-23,2020-08-27,35,51.3021,2020-06-26,2020-07-09,14,229,False,True,0.0726425,0.0194941,False,1.6824,False,1.93717,1.5085,0.136458,1.83724,0.254417,True,0.146493,0.0233447,0.831146,2.02545,2020-07-05,10,ok,
Walton County,12131,FL,74071,2,False,2020-10-11,2021-01-05,2021-01-19,86,98.5541,2020-10-11,2020-10-24,14,275,False,True,0.0072743,0.0423213,False,6.02983,True,6.33315,1.05092,0.296249,1.07385,0.436143,True,0.0237654,0.00407205,0.447816,1.16636,2020-11-23,44,ok,
Barrow County,13013,GA,83240,1,True,2020-11-12,2021-01-11,2021-03-03,60,121.679,2020-11-12,2020-11-25,14,318,False,True,0.0564277,0.0163355,False,1.57342,False,1.63022,1.39499,0.114349,1.63114,0.20207,True,0.0380983,0.00214641,0.915711,1.26669,2020-12-12,31,ok,
Bibb County,13021,GA,153159,1,False,2020-03-27,2020-04-14,2020-05-28,18,12.4054,2020-03-27,2020-04-09,14,48,False,True,0.0858248,0.0431139,False,0.346544,False,0.346279,1.60077,0.301797,2.01293,0.586549,True,0.0782926,0.00805342,0.921959,1.54805,2020-04-05,10,ok,
Bibb County,13021,GA,153159,2,False,2020-06-22,2020-07-06,2020-07-28,14,52.7929,2020-06-22,2020-07-05,14,625,False,True,0.178819,0.0372221,False,7.33785,True,7.28061,2.25173,0.260555,3.4597,0.651774,True,0.186401,0.0165203,0.954992,2.30481,2020-06-29,8,ok,
Bibb County,13021,GA,153159,3,True,2020-07-29,2020-08-21,2020-08-27,23,108.944,2020-08-03,2020-08-16,14,911,False,True,-0.00658734,0.0222864,True,5.53992,True,5.62312,0.953889,0.156005,0.935038,0.216698,True,0.0146912,0.00839452,0.379869,1.10284,2020-08-09,7,ok,
Bulloch County,13031,GA,79608,1,True,2020-06-20,2020-08-30,2020-09-26,71,106.055,2020-06-20,2020-07-03,14,325,False,True,0.0765026,0.0164201,False,0.896769,False,0.919617,1.53552,0.114941,1.88793,0.216961,True,0.00127382,0.00337244,0.00417861,1.00892,2020-07-25,36,ok,
Bulloch County,13031,GA,79608,2,False,2020-11-28,2021-01-09,2021-03-07,42,47.1955,2020-11-28,2020-12-11,14,140,False,True,0.0708023,0.0248925,False,1.19216,False,1.3497,1.49562,0.174247,1.8133,0.322948,True,0.0487163,0.00595122,0.77014,1.34101,2020-12-19,22,ok,
Camden County,13039,GA,54666,1,True,2020-06-13,2020-07-31,2020-10-20,48,47.3002,2020-06-13,2020-06-26,14,40,False,True,0.0286672,0.0670609,False,2.18157,True,2.76259,1.20067,0.469426,1.30393,0.751352,True,0.0886695,0.00984547,0.79434,1.62069,2020-07-07,23,ok,
Carroll County,13045,GA,119992,1,False,2020-03-16,2020-03-28,2020-05-10,12,11.5484,2020-03-16,2020-03-28,13,64,True,True,0.176021,0.101698,False,5.49281,True,6.41768,2.23214,0.711883,3.41085,1.76881,False,,,,,2020-03-22,5,ok,
Carroll County,13045,GA,119992,2,False,2020-05-16,2020-05-24,2020-06-17,8,10.3578,2020-05-16,2020-05-24,9,45,True,False,0.16593,0.130193,False,4.55817,True,4.94753,2.16151,0.911352,3.23748,2.20925,False,,,,,2020-05-20,5,ok,
Carroll County,13045,GA,119992,3,True,2020-06-27,2020-12-10,2021-03-01,166,42.6219,2020-06-27,2020-07-10,14,345,False,True,0.114206,0.0533809,False,10.3065,True,10.8853,1.79944,0.373666,2.41596,0.789859,True,-0.00815219,0.00128454,0.329388,0.942935,2020-09-18,84,ok,
Catoosa County,13047,GA,67580,1,True,2020-05-09,2020-06-13,2020-07-03,35,16.6998,2020-05-09,2020-05-22,14,45,False,True,0.0448082,0.0810818,False,3.53636,True,4.34477,1.31366,0.567572,1.49025,0.963409,True,0.0706961,0.0142189,0.607078,1.49487,2020-05-26,18,ok,
Chatham County,13051,GA,289430,1,True,2020-03-25,2020-04-03,2020-06-05,9,4.49159,2020-03-25,2020-04-03,10,58,True,False,0.307546,0.105395,False,3.48875,True,3.52924,3.15282,0.737767,6.06174,2.41534,False,,,,,2020-03-29,5,ok,
Cherokee County,13057,GA,258773,1,False,2020-06-23,2020-08-07,2020-09-15,45,35.8836,2020-06-23,2020-07-06,14,385,False,True,0.0155999,0.0219997,False,2.27581,True,2.32885,1.1092,0.153998,1.16111,0.234411,True,0.0367376,0.0030882,0.870783,1.25716,2020-07-15,23,ok,
Cherokee County,13057,GA,258773,2,True,2020-11-06,2021-01-10,2021-03-01,65,83.1948,2020-11-08,2020-11-21,14,976,False,True,0.0370922,0.0296206,False,10.3152,True,11.2211,1.25965,0.207344,1.39981,0.342352,True,0.0125656,0.00282139,0.406167,1.08796,2020-12-08,31,ok,
Clarke County,13059,GA,128331,1,True,2020-06-24,2020-09-06,2020-09-28,74,106.867,2020-06-25,2020-07-08,14,392,False,True,0.0455721,0.0295297,False,4.0826,True,4.35954,1.319,0.206708,1.49933,0.351817,True,0.0138939,0.00254643,0.45963,1.09726,2020-07-31,37,ok,
Clarke County,13059,GA,128331,2,False,2020-09-29,2021-01-11,2021-03-13,104,85.6045,2020-10-20,2020-11-02,14,326,False,True,0.0105218,0.015835,False,1.73994,False,1.75287,1.07365,0.110845,1.10754,0.165348,True,0.0131375,0.00140734,0.743902,1.09196,2020-11-20,32,ok,
Clayton County,13063,GA,292256,1,False,2020-10-01,2020-10-13,2020-10-26,12,19.8945,2020-10-02,2020-10-13,12,455,True,True,0.202183,0.0648073,False,11.2598,True,13.5312,2.41528,0.453651,3.88027,1.1984,False,,,,,2020-10-07,6,ok,
Clayton County,13063,GA,292256,2,True,2020-12-01,2021-02-05,2021-03-01,66,83.0974,2020-12-01,2020-12-14,14,1551,False,True,0.0634721,0.0305243,False,16.857,True,16.9378,1.4443,0.21367,1.71932,0.386615,True,0.011016,0.00275951,0.332447,1.07711,2021-01-03,34,ok,
Cobb County,13067,GA,760141,1,False,2020-03-28,2020-08-05,2020-09-29,130,35.7077,2020-03-29,2020-04-11,14,520,False,True,-0.00879398,0.0374718,True,8.93587,True,9.22022,0.938442,0.262303,0.913684,0.360878,True,0.000107581,0.00128971,0.000110432,1.00075,2020-06-01,65,ok,
Cobb County,13067,GA,760141,2,True,2020-11-11,2021-01-09,2021-03-01,59,75.9821,2020-11-11,2020-11-24,14,2283,False,True,0.0237073,0.0284946,False,22.5517,True,22.9024,1.16595,0.199462,1.24888,0.313318,True,0.025701,0.0034205,0.668471,1.17991,2020-12-10,30,ok,
Columbia County,13073,GA,156714,1,True,2020-09-23,2021-01-11,2021-03-05,110,62.8989,2020-09-23,2020-10-06,14,238,False,True,0.00960746,0.0185306,False,0.559084,False,0.562729,1.06725,0.129714,1.09801,0.192783,True,0.0140906,0.00149148,0.623043,1.09863,2020-11-17,56,ok,
Coweta County,13077,GA,148509,1,False,2020-03-25,2020-05-24,2020-06-17,60,10.6776,2020-03-25,2020-04-07,14,70,False,True,0.0327963,0.0343746,False,1.30191,False,1.47744,1.22957,0.240622,1.35055,0.391095,True,0.0102654,0.00739235,0.0623493,1.07186,2020-04-24,31,ok,
Coweta County,13077,GA,148509,2,True,2020-06-18,2020-08-16,2020-11-03,59,29.5316,2020-06-18,2020-07-01,14,178,False,True,0.048618,0.0635116,False,8.5457,True,10.1983,1.34033,0.444582,1.53582,0.764804,True,0.0246317,0.0051896,0.445851,1.17242,2020-07-17,30,ok,
DeKalb County,13089,GA,759297,1,False,2020-03-20,2020-04-16,2020-05-11,27,10.9123,2020-03-20,2020-04-02,14,387,False,True,0.122981,0.0383354,False,5.8204,True,5.81414,1.86087,0.268348,2.54743,0.581365,True,0.105598,0.0135795,0.834414,1.73918,2020-04-02,14,ok,
DeKalb County,13089,GA,759297,2,False,2020-05-17,2020-05-26,2020-06-02,9,12.0036,2020-05-19,2020-05-26,8,578,True,False,0.0921196,0.0629025,False,11.6825,True,12.8608,1.64484,0.440318,2.0994,0.872396,False,,,,,2020-05-21,3,ok,
DeKalb County,13089,GA,759297,3,False,2020-06-19,2020-07-12,2020-08-23,23,30.3852,2020-06-19,2020-07-02,14,1668,False,True,0.0501843,0.0319644,False,20.2458,True,21.4409,1.35129,0.223751,1.55473,0.387017,True,0.0536539,0.00633912,0.877508,1.37558,2020-06-30,12,ok,
DeKalb County,13089,GA,759297,4,True,2020-10-19,2021-01-11,2021-05-01,84,62.7272,2020-10-19,2020-11-01,14,1403,False,True,-0.000203645,0.0240444,True,9.93624,True,10.0878,0.998574,0.168311,0.997964,0.240238,True,0.0151529,0.00164391,0.674511,1.10607,2020-11-30,43,ok,
Dougherty County,13095,GA,87956,1,True,2020-03-20,2020-04-10,2020-04-26,21,84.9451,2020-03-20,2020-04-02,14,501,False,True,0.129703,0.0468571,False,11.0393,True,10.9916,1.90792,0.328,2.65031,0.723827,True,0.167882,0.0131587,0.947605,2.17517,2020-03-30,11,ok,
Dougherty County,13095,GA,87956,2,False,2020-04-27,2020-05-23,2020-06-11,26,15.5922,2020-04-27,2020-05-10,14,123,False,True,-0.0209434,0.0258312,True,0.922572,False,0.937804,0.853397,0.180818,0.799778,0.23559,True,0.0271041,0.0120395,0.296938,1.18973,2020-05-10,14,ok,
Dougherty County,13095,GA,87956,3,False,2020-06-23,2020-07-07,2020-09-22,14,32.3214,2020-06-23,2020-07-06,14,148,False,True,0.156945,0.048049,False,3.13927,True,3.92643,2.09861,0.336343,3.08671,0.797214,True,0.107303,0.0152766,0.891572,1.75112,2020-06-30,8,ok,
Dougherty County,13095,GA,87956,4,False,2020-11-27,2021-01-07,2021-03-02,41,48.5632,2020-11-27,2020-12-10,14,143,False,True,0.0463566,0.0431272,False,3.17389,True,3.45434,1.3245,0.30189,1.50869,0.51524,True,0.0722639,0.00323139,0.963399,1.50585,2020-12-17,21,ok,
Douglas County,13097,GA,146343,1,True,2020-05-19,2020-08-07,2020-08-26,80,33.8735,2020-05-30,2020-06-12,14,110,False,True,0.020816,0.0507896,False,3.4576,True,3.67427,1.14571,0.355527,1.21726,0.5523,True,0.0489886,0.00409411,0.836426,1.34292,2020-06-28,30,ok,
Effingham County,13103,GA,64296,1,True,2020-06-20,2020-07-13,2020-08-14,23,32.4393,2020-06-21,2020-07-04,14,97,False,True,0.128843,0.0568472,False,3.15391,True,3.63786,1.9019,0.39793,2.63704,0.876095,True,0.0989531,0.0141722,0.844159,1.69267,2020-07-01,11,ok,
Floyd County,13115,GA,98498,1,True,2020-08-31,2020-09-16,2020-10-07,16,41.7702,2020-09-07,2020-09-16,10,304,True,False,0.100136,0.0657256,False,10.3067,True,11.3418,1.70095,0.460079,2.21193,0.933678,False,,,,,2020-09-08,2,ok,
Forsyth County,13117,GA,244252,1,True,2020-06-24,2021-01-08,2021-03-01,198,83.4033,2020-06-28,2020-07-11,14,341,False,True,0.0379254,0.0332376,False,4.5344,True,5.36269,1.26548,0.232663,1.40946,0.385319,True,0.00197887,0.000829198,0.0571272,1.01385,2020-10-01,96,ok,
Fulton County,13121,GA,1063937,1,False,2020-03-17,2020-04-12,2020-06-12,26,8.60685,2020-03-17,2020-03-30,14,476,False,True,0.147496,0.0347178,False,5.4439,True,5.32243,2.03247,0.243025,2.93182,0.562249,True,0.150369,0.00612713,0.980465,2.05258,2020-03-30,14,ok,
Fulton County,13121,GA,1063937,2,True,2020-10-18,2021-01-10,2021-03-03,84,69.8215,2020-10-18,2020-10-31,14,1977,False,True,-0.00708289,0.0253714,True,15.5799,True,15.9517,0.95042,0.1776,0.930225,0.246166,True,0.0183822,0.00190846,0.693515,1.12868,2020-11-29,43,ok,
Glynn County,13127,GA,85292,1,True,2020-06-16,2020-07-02,2020-09-19,16,108.367,2020-06-16,2020-06-29,14,431,False,True,0.104526,0.0742845,False,25.5586,True,27.8425,1.73168,0.519992,2.2747,1.06896,True,0.142495,0.0209352,0.868737,1.99746,2020-06-24,9,ok,
Glynn County,13127,GA,85292,2,False,2020-12-09,2021-02-02,2021-03-14,55,48.9076,2020-12-09,2020-12-22,14,305,False,True,0.0520919,0.0384554,False,5.34555,True,5.42861,1.36464,0.269187,1.5779,0.468688,True,0.0260202,0.00250602,0.805692,1.18214,2021-01-05,28,ok,
Gordon County,13129,GA,57963,1,True,2020-05-28,2020-07-28,2020-09-08,61,52.4965,2020-05-28,2020-06-10,14,86,False,True,0.0819066,0.0544693,False,2.88221,True,2.91536,1.57335,0.381285,1.95995,0.732072,True,0.0213677,0.00285773,0.658453,1.14957,2020-06-27,31,ok,
Gwinnett County,13135,GA,936250,1,True,2020-11-11,2021-01-10,2021-02-27,60,93.9615,2020-11-11,2020-11-24,14,2986,False,True,0.00344481,0.0155875,False,8.88619,True,8.99923,1.02411,0.109112,1.0347,0.15813,True,0.0315846,0.00233782,0.862902,1.22109,2020-12-11,31,ok,
Hall County,13139,GA,204441,1,False,2020-04-01,2020-05-01,2020-05-15,30,47.3067,2020-04-02,2020-04-15,14,331,False,True,0.0060432,0.0553436,False,12.4138,True,14.1091,1.0423,0.387405,1.0612,0.567483,True,0.0804043,0.0121829,0.770144,1.56283,2020-04-16,15,ok,
Hall County,13139,GA,204441,2,False,2020-08-12,2020-08-28,2020-09-05,16,48.4946,2020-08-20,2020-08-28,9,711,True,False,0.0939411,0.0654711,False,19.6031,True,23.2713,1.65759,0.458298,2.12473,0.913029,False,,,,,2020-08-20,1,ok,
Hall County,13139,GA,204441,3,True,2020-12-29,2021-01-11,2021-02-16,13,104.187,2020-12-31,2021-01-11,12,2222,True,True,0.0200831,0.0277293,False,17.096,True,17.2865,1.14058,0.194105,1.2093,0.300682,False,,,,,2021-01-04,5,ok,
Houston County,13153,GA,157863,1,False,2020-03-22,2020-04-06,2020-05-05,15,5.33917,2020-03-22,2020-04-04,14,58,False,True,0.191962,0.081623,False,3.10693,True,3.18584,2.34373,0.571361,3.69346,1.47431,True,0.266132,0.0231233,0.963627,2.86293,2020-03-29,7,ok,
Houston County,13153,GA,157863,2,True,2020-10-07,2021-01-09,2021-03-09,94,67.6898,2020-10-07,2020-10-20,14,262,False,True,0.0306514,0.0177532,False,0.446994,False,0.447665,1.21456,0.124272,1.32624,0.200386,True,0.00549161,0.00169121,0.186474,1.03844,2020-11-23,48,ok,
Jackson County,13157,GA,72977,1,False,2020-05-20,2020-07-27,2020-09-18,68,37.1937,2020-05-22,2020-06-04,14,79,False,True,0.025383,0.0777412,False,5.80286,True,6.79317,1.17768,0.544188,1.26736,0.860291,True,0.0129473,0.00397495,0.254979,1.09063,2020-06-23,33,ok,
Jackson County,13157,GA,72977,2,True,2020-10-24,2021-01-11,2021-03-05,79,130.961,2020-10-24,2020-11-06,14,257,False,True,0.0574605,0.018184,False,0.893576,False,0.900036,1.40222,0.127288,1.64394,0.225724,True,0.0192396,0.00135279,0.841843,1.13468,2020-12-02,40,ok,
Liberty County,13179,GA,61435,1,True,2020-06-27,2020-07-20,2020-09-02,23,33.2523,2020-06-27,2020-07-10,14,92,False,True,0.110834,0.0320573,False,1.93032,False,2.41786,1.77584,0.224401,2.36631,0.4698,True,0.158632,0.0181557,0.884179,2.11042,2020-07-08,12,ok,
Liberty County,13179,GA,61435,2,False,2020-12-03,2021-01-25,2021-02-17,53,46.7393,2020-12-03,2020-12-16,14,141,False,True,-0.0264175,0.0346552,True,2.05677,True,2.18099,0.815078,0.242587,0.750481,0.308101,True,-0.000184574,0.00354778,0.000108253,0.998708,2020-12-29,27,ok,
Lowndes County,13185,GA,117406,1,True,2020-05-25,2020-07-07,2020-09-27,43,61.6907,2020-05-28,2020-06-10,14,253,False,True,0.110181,0.0464601,False,5.78592,True,6.34937,1.77126,0.325221,2.35674,0.6796,True,0.0838092,0.00639264,0.909995,1.58666,2020-06-15,19,ok,
Muscogee County,13215,GA,195769,1,False,2020-03-25,2020-04-11,2020-05-06,17,8.82965,2020-03-25,2020-04-07,14,50,False,True,0.121043,0.0440867,False,0.489418,False,0.637059,1.8473,0.308607,2.5181,0.664994,True,0.181834,0.0238882,0.906163,2.27284,2020-04-02,8,ok,
Muscogee County,13215,GA,195769,2,True,2020-06-01,2020-07-11,2020-09-28,40,55.6049,2020-06-01,2020-06-14,14,402,False,True,0.0299601,0.0340782,False,5.65653,True,5.84026,1.20972,0.238548,1.31845,0.383664,True,0.0106406,0.00675625,0.115472,1.07448,2020-06-21,21,ok,
Muscogee County,13215,GA,195769,3,False,2020-11-22,2021-01-03,2021-04-01,42,60.1292,2020-11-24,2020-12-07,14,462,False,True,0.0976318,0.0370204,False,6.91681,True,7.17777,1.68342,0.259143,2.17649,0.522007,True,0.066389,0.00386701,0.942444,1.46472,2020-12-13,20,ok,
Newton County,13217,GA,111744,1,True,2020-06-13,2020-07-15,2020-09-08,32,34.262,2020-06-13,2020-06-26,14,147,False,True,0.0818576,0.0536119,False,4.77314,True,5.09418,1.573,0.375283,1.95929,0.720437,True,0.06162,0.00936043,0.74287,1.43134,2020-06-29,17,ok,
Richmond County,13245,GA,202518,1,False,2020-03-26,2020-04-19,2020-06-02,24,10.1578,2020-03-26,2020-04-08,14,69,False,True,0.0290856,0.0345743,False,1.48262,False,1.94024,1.2036,0.24202,1.30862,0.387979,True,0.0665294,0.018575,0.587692,1.46571,2020-04-07,11,ok,
Richmond County,13245,GA,202518,2,True,2020-06-26,2020-07-30,2020-09-21,34,63.7686,2020-06-26,2020-07-09,14,654,False,True,0.0667176,0.0524192,False,20.8558,True,22.1001,1.46702,0.366935,1.76065,0.671078,True,0.0472501,0.0081724,0.676295,1.33075,2020-07-13,18,ok,
Richmond County,13245,GA,202518,3,False,2020-10-24,2021-01-13,2021-03-03,81,86.4121,2020-10-24,2020-11-06,14,506,False,True,0.063119,0.0209987,False,2.60403,True,2.62222,1.44183,0.146991,1.71485,0.265654,True,0.0190053,0.00193156,0.71284,1.13304,2020-12-03,41,ok,
Rockdale County,13247,GA,90896,1,False,2020-03-19,2020-04-02,2020-05-17,14,9.27276,2020-03-19,2020-04-01,14,47,False,True,0.186905,0.0509155,False,0.735221,False,0.785899,2.30833,0.356409,3.60265,0.908842,False,,,,,2020-03-26,6,ok,
Rockdale County,13247,GA,90896,2,True,2020-10-05,2021-01-10,2021-03-08,97,67.1097,2020-10-05,2020-10-18,14,129,False,True,0.0653464,0.0258165,False,1.85828,False,2.12115,1.45742,0.180716,1.74314,0.32902,True,0.012297,0.00164122,0.544303,1.08608,2020-11-22,49,ok,
Spalding County,13255,GA,66703,1,True,2020-04-02,2020-04-28,2020-04-30,26,14.9918,2020-04-02,2020-04-15,14,79,False,True,0.00361683,0.0660225,False,4.21772,True,4.97084,1.02532,0.462158,1.03644,0.670254,True,0.0604979,0.0189724,0.458679,1.42349,2020-04-15,14,ok,
Troup County,13285,GA,69922,1,True,2020-05-19,2020-06-21,2020-08-29,33,77.4332,2020-05-19,2020-06-01,14,118,False,True,-3.91354e-15,0.0263021,True,1.22771,False,1.37006,1,0.184115,1,0.263021,True,0.060135,0.00694339,0.83335,1.42095,2020-06-04,17,ok,
Troup County,13285,GA,69922,2,False,2020-11-12,2021-01-11,2021-03-04,60,74.7772,2020-11-26,2020-12-09,14,178,False,True,0.0354945,0.0215806,False,1.14169,False,1.17319,1.24846,0.151065,1.3814,0.247978,True,0.0674059,0.0034037,0.963162,1.47184,2020-12-12,17,ok,
Walker County,13295,GA,69761,1,False,2020-05-19,2020-08-07,2020-08-24,80,31.5362,2020-05-19,2020-06-01,14,93,False,True,0.167377,0.034858,False,1.47758,False,1.68694,2.17164,0.244006,3.26208,0.593626,True,0.00454654,0.00521452,0.0191198,1.03183,2020-06-28,41,ok,
Walker County,13295,GA,69761,2,False,2020-08-25,2020-09-12,2020-10-04,18,40.137,2020-09-02,2020-09-12,11,228,True,False,0.0699856,0.0459725,False,4.67806,True,5.28804,1.4899,0.321808,1.80271,0.594857,False,,,,,2020-09-03,2,ok,
Walker County,13295,GA,69761,3,True,2020-10-11,2021-01-09,2021-03-02,90,91.9466,2020-10-11,2020-10-24,14,170,False,True,0.0337698,0.0566076,False,6.58084,True,7.64328,1.23639,0.396253,1.36165,0.646364,True,0.0230328,0.00140616,0.85911,1.16123,2020-11-25,46,ok,
Walton County,13297,GA,94593,1,False,2020-03-25,2020-05-27,2020-06-18,63,11.9308,2020-03-25,2020-04-07,14,24,False,False,,,False,,False,,,,,,True,0.0369473,0.00563677,0.614087,1.25863,2020-04-25,29,dropped,< 30 cases in window
Walton County,13297,GA,94593,2,False,2020-06-26,2020-07-31,2020-10-02,35,31.2618,2020-06-26,2020-07-09,14,146,False,True,0.0393866,0.0411388,False,2.97006,True,3.31752,1.27571,0.287972,1.42644,0.479442,True,0.0283188,0.0060745,0.575974,1.19823,2020-07-13,18,ok,
Walton County,13297,GA,94593,3,False,2020-10-03,2020-10-22,2020-10-27,19,41.9844,2020-10-03,2020-10-16,14,172,False,True,-0.00332241,0.021787,True,1.4169,False,1.45794,0.976743,0.152509,0.967008,0.21483,True,0.051899,0.0128687,0.670303,1.36329,2020-10-12,10,ok,
Walton County,13297,GA,94593,4,True,2020-11-12,2021-01-01,2021-03-14,50,98.3159,2020-11-13,2020-11-26,14,275,False,True,0.0365619,0.0265588,False,2.33772,True,2.48638,1.25593,0.185912,1.39369,0.306372,True,0.044754,0.00161639,0.970871,1.31328,2020-12-07,25,ok,
Whitfield County,13313,GA,104628,1,True,2020-05-19,2020-07-29,2020-09-24,71,77.0075,2020-05-19,2020-06-01,14,203,False,True,0.018322,0.0526077,False,6.85404,True,7.37656,1.12825,0.368254,1.19027,0.56656,True,0.0234124,0.00197265,0.805561,1.16389,2020-06-23,36,ok,
Whitfield County,13313,GA,104628,2,False,2020-10-01,2021-01-11,2021-02-15,102,124.113,2020-10-05,2020-10-18,14,374,False,True,0.0493781,0.024192,False,2.60281,True,2.62029,1.34565,0.169344,1.54498,0.292091,True,0.0310898,0.000732228,0.975119,1.21763,2020-11-21,48,ok,
Hawaii County,15001,HI,201513,1,True,2020-08-11,2020-09-01,2020-09-26,21,13.4695,2020-08-12,2020-08-25,14,87,False,True,0.182153,0.0370707,False,1.05961,False,1.12229,2.27507,0.259495,3.5183,0.654312,True,0.15559,0.0146796,0.933522,2.08913,2020-08-21,10,ok,
Hawaii County,15001,HI,201513,2,False,2020-09-27,2020-10-23,2020-12-15,26,12.1226,2020-09-27,2020-10-10,14,231,False,True,0.0335485,0.0559619,False,8.74095,True,9.63468,1.23484,0.391733,1.35912,0.638471,True,0.0690085,0.0128099,0.707469,1.48306,2020-10-10,14,ok,
Honolulu County,15003,HI,974563,1,True,2020-03-16,2020-04-01,2020-04-18,16,2.31606,2020-03-16,2020-03-29,14,119,False,True,0.113686,0.0282923,False,1.4899,False,1.49948,1.7958,0.198046,2.40827,0.418013,True,0.151785,0.0218824,0.87299,2.06249,2020-03-24,9,ok,
Maui County,15009,HI,167417,1,False,2020-03-30,2020-04-08,2020-04-20,9,3.58387,2020-03-30,2020-04-08,10,34,True,False,0.0755834,0.100778,False,2.76847,True,2.78831,1.52908,0.705448,1.8758,1.3277,False,,,,,2020-04-03,5,ok,
Maui County,15009,HI,167417,2,True,2020-07-25,2020-08-16,2020-09-10,22,6.05844,2020-08-04,2020-08-16,13,49,True,True,0.22992,0.0553283,False,0.837039,False,0.982478,2.60944,0.387298,4.40932,1.08757,False,,,,,2020-08-05,2,ok,
Maui County,15009,HI,167417,3,False,2020-10-17,2020-10-25,2020-12-15,8,8.44768,2020-10-17,2020-10-25,9,86,True,False,0.397324,0.13419,False,5.96544,True,5.91618,3.78127,0.939329,8.28845,3.58121,False,,,,,2020-10-21,4,ok,
Ada County,16001,ID,481587,1,False,2020-06-16,2020-07-17,2020-09-14,31,54.3738,2020-06-16,2020-06-29,14,1125,False,True,0.089412,0.0177977,False,3.96426,True,4.01697,1.62588,0.124584,2.062,0.244813,True,0.0830244,0.00924875,0.851983,1.58117,2020-07-01,16,ok,
Ada County,16001,ID,481587,2,True,2020-09-25,2020-12-27,2021-02-13,93,114.413,2020-09-26,2020-10-09,14,1415,False,True,0.0232719,0.0340686,False,19.9858,True,26.0069,1.1629,0.23848,1.24409,0.373985,True,0.0280614,0.00174923,0.853991,1.19643,2020-11-10,46,ok,
Bannock County,16005,ID,87808,1,True,2020-09-14,2020-10-19,2020-11-11,35,91.7586,2020-09-24,2020-10-07,14,404,False,True,0.0859537,0.0557291,False,14.059,True,16.7345,1.60168,0.390103,2.01469,0.758475,True,0.143892,0.0247029,0.849735,2.00725,2020-10-01,8,ok,
Bannock County,16005,ID,87808,2,False,2020-11-12,2020-12-06,2021-01-22,24,105.75,2020-11-13,2020-11-26,14,911,False,True,0.0286356,0.0759696,False,63.7645,True,80.059,1.20045,0.531787,1.30358,0.851064,True,0.0403717,0.00843254,0.696244,1.2826,2020-11-24,12,ok,
Bonneville County,16019,ID,119062,1,True,2020-07-17,2020-12-10,2021-02-15,146,119.986,2020-07-18,2020-07-31,14,423,False,True,0.0169059,0.043987,False,9.99093,True,11.2241,1.11834,0.307909,1.17506,0.471103,True,0.00218666,0.000899374,0.0768584,1.01531,2020-09-28,73,ok,
Canyon County,16027,ID,229849,1,True,2020-06-20,2020-07-18,2020-09-14,28,75.329,2020-06-20,2020-07-03,14,689,False,True,0.0813317,0.025472,False,5.05538,True,5.14147,1.56932,0.178304,1.95223,0.34173,True,0.107137,0.00642889,0.955284,1.74996,2020-07-04,15,ok,
Kootenai County,16055,ID,165697,1,False,2020-06-21,2020-07-18,2020-08-19,27,31.8137,2020-06-21,2020-07-04,14,279,False,True,0.170227,0.0507601,False,6.29454,True,6.04494,2.19159,0.355321,3.31079,0.870512,True,0.126254,0.0103605,0.925234,1.88377,2020-07-04,14,ok,
Kootenai County,16055,ID,165697,2,True,2020-10-11,2020-12-07,2021-02-11,57,142.86,2020-10-11,2020-10-24,14,903,False,True,0.0733971,0.037928,False,14.9071,True,19.677,1.51378,0.265496,1.8471,0.496199,True,0.0307309,0.00351731,0.738717,1.21512,2020-11-08,29,ok,
Twin Falls County,16083,ID,86878,1,False,2020-03-30,2020-08-06,2020-08-17,129,33.8734,2020-06-01,2020-06-14,14,60,False,True,0.0383234,0.0610522,False,2.69092,True,3.23768,1.26826,0.427366,1.41408,0.708791,False,,,,,2020-06-02,2,ok,
Twin Falls County,16083,ID,86878,2,True,2020-09-16,2020-11-08,2020-12-23,53,128.094,2020-09-16,2020-09-29,14,338,False,True,0.0186231,0.0440582,False,8.00317,True,10.2873,1.13036,0.308407,1.19351,0.475043,True,0.0402278,0.00228058,0.925627,1.28159,2020-10-12,27,ok,
Twin Falls County,16083,ID,86878,3,False,2020-12-24,2021-01-07,2021-02-22,14,58.3741,2020-12-24,2021-01-06,14,575,False,True,0.024407,0.0604688,False,25.5682,True,32.6656,1.17085,0.423281,1.25658,0.666674,True,0.0218248,0.0211516,0.150703,1.15277,2020-12-31,8,ok,
Adams County,17001,IL,65435,1,True,2020-09-15,2020-11-14,2020-12-04,60,188.846,2020-09-16,2020-09-29,14,281,False,True,0.0461522,0.027109,False,2.46483,True,2.52517,1.32307,0.189763,1.50625,0.323638,True,0.01195,0.00357636,0.285074,1.08365,2020-10-15,30,ok,
Adams County,17001,IL,65435,2,False,2020-12-05,2021-01-01,2021-02-23,27,117.019,2020-12-05,2020-12-18,14,716,False,True,0.0215893,0.0326216,False,9.28072,True,9.56591,1.15112,0.228351,1.22568,0.355795,True,0.014228,0.00486163,0.416482,1.0996,2020-12-18,14,ok,
Boone County,17007,IL,53544,1,False,2020-04-11,2020-05-20,2020-06-05,39,28.5479,2020-04-11,2020-04-24,14,56,False,True,0.118621,0.0415183,False,0.924418,False,1.09996,1.83035,0.290628,2.4817,0.62203,True,0.0929951,0.00558311,0.939074,1.65097,2020-04-30,20,ok,
Boone County,17007,IL,53544,2,True,2020-09-17,2020-11-14,2021-02-08,58,140.339,2020-09-18,2020-10-01,14,161,False,True,-0.00887597,0.0438968,True,3.79672,True,4.69053,0.937868,0.307277,0.912895,0.422603,True,0.0468362,0.00399434,0.835857,1.32785,2020-10-16,29,ok,
Champaign County,17019,IL,209689,1,False,2020-03-26,2020-04-08,2020-04-14,13,8.03912,2020-03-26,2020-04-08,14,65,False,True,0.030889,0.0570093,False,2.55785,True,2.71029,1.21622,0.399065,1.32893,0.644053,True,0.143671,0.0105564,0.973716,2.0057,2020-04-01,7,ok,
Champaign County,17019,IL,209689,2,False,2020-04-27,2020-05-18,2020-06-08,21,11.718,2020-04-27,2020-05-10,14,158,False,True,0.025383,0.0518152,False,5.15565,True,5.751,1.17768,0.362706,1.26736,0.573391,True,0.104324,0.0211988,0.729066,1.73027,2020-05-07,11,ok,
Champaign County,17019,IL,209689,3,False,2020-06-23,2020-07-17,2020-08-12,24,14.1706,2020-06-23,2020-07-06,14,179,False,True,0.0532828,0.0217277,False,0.845484,False,0.841947,1.37298,0.152094,1.59245,0.265901,True,0.0534301,0.0041225,0.93854,1.37401,2020-07-05,13,ok,
Champaign County,17019,IL,209689,4,True,2020-08-20,2020-09-06,2020-09-15,17,79.778,2020-08-20,2020-09-02,14,730,False,True,0.00391414,0.030676,False,8.41345,True,8.58411,1.0274,0.214732,1.03946,0.311803,True,0.0541351,0.0127317,0.720886,1.37895,2020-08-28,9,ok,
Champaign County,17019,IL,209689,5,False,2020-10-18,2020-11-08,2020-12-25,21,88.4984,2020-10-18,2020-10-31,14,1071,False,True,0.065974,0.022404,False,6.2463,True,6.47699,1.46182,0.156828,1.75114,0.286119,True,0.0814922,0.00481746,0.969507,1.57045,2020-10-28,11,ok,
Coles County,17029,IL,50621,1,False,2020-05-05,2020-05-14,2020-05-27,9,16.0859,2020-05-05,2020-05-14,10,40,True,False,0.279526,0.202254,False,9.46481,True,8.90944,2.95668,1.41577,5.43608,4.39701,False,,,,,2020-05-09,2,ok,
Coles County,17029,IL,50621,2,True,2020-10-14,2020-11-13,2020-12-07,30,101.878,2020-10-14,2020-10-27,14,309,False,True,0.0343767,0.0310449,False,3.59586,True,3.74858,1.24064,0.217314,1.36858,0.355272,True,0.0526404,0.00673168,0.813704,1.36848,2020-10-29,16,ok,
Cook County,17031,IL,5150233,1,True,2020-03-25,2020-04-08,2020-06-08,14,53.7978,2020-03-25,2020-04-07,14,8315,False,True,0.0596437,0.0326784,False,104.167,True,105.135,1.41751,0.228749,1.67114,0.408644,True,0.110671,0.00914355,0.960656,1.7747,2020-04-01,8,ok,
Cook County,17031,IL,5150233,2,False,2020-10-07,2020-11-14,2021-02-10,38,90.3676,2020-10-07,2020-10-20,14,16869,False,True,0.0442691,0.0105106,False,22.2894,True,22.3374,1.30988,0.0735744,1.48385,0.124649,True,0.0442034,0.00171918,0.973494,1.30942,2020-10-26,20,ok,
DeKalb County,17037,IL,104897,1,False,2020-04-03,2020-05-31,2020-06-26,58,13.755,2020-04-03,2020-04-16,14,55,False,True,0.127282,0.0956018,False,5.08101,True,5.25015,1.89097,0.669213,2.61303,1.46709,True,0.0196756,0.00892033,0.148034,1.13773,2020-05-02,30,ok,
DeKalb County,17037,IL,104897,2,True,2020-09-17,2020-11-10,2021-02-05,54,96.1487,2020-09-20,2020-10-03,14,283,False,True,-0.00302889,0.03298,True,3.77029,True,3.93155,0.978798,0.23086,0.969904,0.325604,True,0.0128763,0.00201318,0.640114,1.09013,2020-10-14,25,ok,
DuPage County,17043,IL,922921,1,True,2020-03-26,2020-04-08,2020-06-21,13,23.3111,2020-03-26,2020-04-08,14,744,False,True,0.087928,0.0388186,False,12.5109,True,15.017,1.6155,0.27173,2.04164,0.531542,True,0.0962909,0.013411,0.911587,1.67404,2020-04-01,7,ok,
Grundy County,17063,IL,51054,1,True,2020-10-13,2020-11-14,2021-03-17,32,142.426,2020-10-13,2020-10-26,14,191,False,True,0.013473,0.0334131,False,2.60638,True,2.68955,1.09431,0.233892,1.13854,0.353038,True,0.044846,0.00438793,0.874429,1.31392,2020-10-29,17,ok,
Jackson County,17077,IL,56750,1,False,2020-03-29,2020-05-27,2020-06-02,59,18.8798,2020-03-29,2020-04-11,14,58,False,True,0.261797,0.0785358,False,2.08432,True,1.69796,2.83258,0.549751,5.05727,1.6489,True,0.0214596,0.0146829,0.07592,1.15022,2020-04-27,28,ok,
Jackson County,17077,IL,56750,2,False,2020-07-10,2020-07-28,2020-08-12,18,38.5148,2020-07-10,2020-07-23,14,105,False,True,0.144514,0.0315262,False,1.99479,False,2.26361,2.0116,0.220684,2.88372,0.506614,True,0.164528,0.00792277,0.981787,2.15169,2020-07-19,10,ok,
Jackson County,17077,IL,56750,3,False,2020-08-13,2020-09-03,2020-09-25,21,36.7527,2020-08-13,2020-08-26,14,137,False,True,0.00625752,0.0244161,False,1.66639,False,1.70761,1.0438,0.170912,1.0634,0.250578,True,0.0185905,0.00681564,0.452552,1.13013,2020-08-23,11,ok,
Jackson County,17077,IL,56750,4,True,2020-10-08,2020-11-09,2021-02-13,32,79.0434,2020-10-10,2020-10-23,14,178,False,True,0.0387593,0.0216125,False,1.79944,False,1.87728,1.27132,0.151288,1.41914,0.251308,True,0.0543743,0.00414007,0.929917,1.38062,2020-10-24,15,ok,
Kane County,17089,IL,532403,1,False,2020-04-05,2020-05-11,2020-07-03,36,40.1683,2020-04-05,2020-04-18,14,724,False,True,-0.159057,0.0713942,True,33.6537,True,32.2165,-0.1134,0.49976,-0.0592888,0.237,True,0.0204209,0.0209116,0.0531158,1.14295,2020-04-23,19,ok,
Kane County,17089,IL,532403,2,True,2020-10-08,2020-11-08,2021-02-09,31,109.987,2020-10-08,2020-10-21,14,2046,False,True,0.0627112,0.010456,False,2.61224,True,2.62319,1.43898,0.0731917,1.7097,0.132099,True,0.0558527,0.00348204,0.948394,1.39097,2020-10-23,16,ok,
Kankakee County,17091,IL,109862,1,False,2020-03-26,2020-04-08,2020-04-22,13,39.27,2020-03-26,2020-04-08,14,139,False,True,0.105233,0.0472342,False,3.32687,True,3.6934,1.73663,0.33064,2.28489,0.681108,True,0.0517578,0.0189904,0.59769,1.3623,2020-04-01,7,ok,
Kankakee County,17091,IL,109862,2,False,2020-04-28,2020-05-11,2020-06-22,13,25.3565,2020-04-28,2020-05-11,14,248,False,True,0.122141,0.0566987,False,8.17846,True,10.6809,1.85499,0.396891,2.5347,0.857848,True,0.100934,0.0160162,0.88818,1.70654,2020-05-04,7,ok,
Kankakee County,17091,IL,109862,3,True,2020-10-21,2020-11-13,2020-12-28,23,206.883,2020-10-22,2020-11-04,14,892,False,True,0.110963,0.0193575,False,3.53407,True,3.5502,1.77674,0.135502,2.3682,0.283789,True,0.101973,0.00624605,0.967337,1.71381,2020-11-01,11,ok,
Kendall County,17093,IL,128990,1,False,2020-03-29,2020-04-10,2020-06-03,12,17.7201,2020-03-29,2020-04-10,13,81,True,True,0.0783666,0.0351915,False,1.68489,False,1.73492,1.54857,0.246341,1.91263,0.467745,True,0.0973482,0.0177192,0.857887,1.68144,2020-04-04,7,ok,
Kendall County,17093,IL,128990,2,True,2020-10-07,2020-11-10,2020-12-24,34,108.868,2020-10-08,2020-10-21,14,366,False,True,0.0361003,0.0379171,False,6.34413,True,6.65119,1.2527,0.26542,1.38837,0.436661,True,0.0332155,0.00264943,0.912878,1.23251,2020-10-24,17,ok,
Lake County,17097,IL,696535,1,False,2020-03-26,2020-04-08,2020-06-17,13,40.5887,2020-03-26,2020-04-08,14,902,False,True,0.0731441,0.0246638,False,6.29947,True,6.9182,1.51201,0.172646,1.84379,0.322406,True,0.108649,0.00732113,0.977802,1.76055,2020-04-01,7,ok,
Lake County,17097,IL,696535,2,True,2020-10-13,2020-11-14,2021-02-08,32,93.6062,2020-10-13,2020-10-26,14,2449,False,True,0.0103878,0.0245757,False,18.0951,True,18.328,1.07271,0.17203,1.10614,0.256479,True,0.0326452,0.00446824,0.780633,1.22852,2020-10-29,17,ok,
LaSalle County,17099,IL,108669,1,False,2020-07-10,2020-08-06,2020-09-03,27,32.9967,2020-07-10,2020-07-23,14,140,False,True,0.0452731,0.024451,False,0.971158,False,0.991602,1.31691,0.171157,1.49577,0.291003,True,0.056652,0.00416481,0.939095,1.39656,2020-07-23,14,ok,
LaSalle County,17099,IL,108669,2,True,2020-10-19,2020-11-11,2020-12-20,23,140.532,2020-10-19,2020-11-01,14,619,False,True,0.0546614,0.0271147,False,5.3757,True,5.40533,1.38263,0.189803,1.60936,0.333396,True,0.0587873,0.004062,0.954432,1.41151,2020-10-30,12,ok,
McHenry County,17111,IL,307774,1,False,2020-03-20,2020-04-08,2020-09-12,19,14.7604,2020-03-20,2020-04-02,14,75,False,True,0.134923,0.0367389,False,1.7089,False,1.76029,1.94446,0.257172,2.73152,0.57558,True,0.188746,0.0226781,0.896467,2.32122,2020-03-29,10,ok,
McHenry County,17111,IL,307774,2,True,2020-10-13,2020-11-08,2021-02-12,26,109.31,2020-10-13,2020-10-26,14,1313,False,True,0.0680634,0.0201434,False,6.16947,True,6.13416,1.47644,0.141003,1.77792,0.259017,True,0.062396,0.0027779,0.976768,1.43677,2020-10-26,14,ok,
McLean County,17113,IL,171517,1,False,2020-03-29,2020-04-08,2020-04-14,10,9.16194,2020-03-29,2020-04-08,11,56,True,False,0.0888967,0.0852422,False,3.88014,True,4.21818,1.62228,0.596696,2.05492,1.17069,False,,,,,2020-04-03,6,ok,
McLean County,17113,IL,171517,2,False,2020-05-03,2020-05-18,2020-05-22,15,5.41387,2020-05-03,2020-05-16,14,59,False,True,0.14123,0.0762352,False,3.3208,True,3.48342,1.98861,0.533646,2.83117,1.21455,True,0.0588052,0.012228,0.794008,1.41164,2020-05-10,8,ok,
McLean County,17113,IL,171517,3,True,2020-08-12,2020-09-02,2020-09-26,21,89.6204,2020-08-12,2020-08-25,14,518,False,True,0.109919,0.0358678,False,7.06519,True,7.21153,1.76943,0.251075,2.35291,0.524265,True,0.121383,0.00681779,0.972391,1.84968,2020-08-22,11,ok,
McLean County,17113,IL,171517,4,False,2020-10-21,2020-11-08,2021-02-08,18,116.273,2020-10-21,2020-11-03,14,652,False,True,-0.00964433,0.0255848,True,5.22219,True,5.28448,0.93249,0.179093,0.90551,0.245484,True,0.0158831,0.00753241,0.35724,1.11118,2020-10-30,10,ok,
Macon County,17115,IL,104009,1,True,2020-04-07,2020-04-21,2020-05-20,14,7.27959,2020-04-07,2020-04-20,14,60,False,True,-0.156945,0.0425918,True,1.13333,False,1.06197,-0.0986123,0.298142,-0.0521823,0.145167,True,0.110105,0.056073,0.391217,1.77073,2020-04-14,8,ok,
Madison County,17119,IL,262966,1,False,2020-03-29,2020-04-11,2020-05-25,13,8.74638,2020-03-29,2020-04-11,14,196,False,True,0.208284,0.037892,False,2.11171,True,1.82246,2.45799,0.265244,3.99386,0.710397,True,0.135053,0.0214673,0.887837,1.94537,2020-04-04,7,ok,
Madison County,17119,IL,262966,2,True,2020-07-11,2020-11-13,2021-02-14,125,103.598,2020-07-11,2020-07-24,14,561,False,True,0.000509295,0.0291316,False,5.83212,True,6.11585,1.00357,0.203921,1.0051,0.291939,True,0.0091876,0.000983612,0.588528,1.06431,2020-09-11,63,ok,
Ogle County,17141,IL,50643,1,True,2020-09-01,2020-11-13,2021-01-29,73,119.041,2020-09-08,2020-09-21,14,110,False,True,0.020816,0.0494479,False,3.27734,True,3.61343,1.14571,0.346136,1.21726,0.53771,True,0.0332241,0.00230497,0.881239,1.23257,2020-10-07,30,ok,
Rock Island County,17161,IL,141879,1,False,2020-03-26,2020-04-14,2020-06-17,19,16.5131,2020-03-26,2020-04-08,14,64,False,True,0.181852,0.0431959,False,0.892899,False,1.20326,2.27297,0.302372,3.513,0.761881,True,0.226039,0.012465,0.979157,2.58227,2020-04-04,9,ok,
Rock Island County,17161,IL,141879,2,True,2020-10-12,2020-11-13,2021-02-22,32,129.99,2020-10-12,2020-10-25,14,643,False,True,0.0379917,0.0181349,False,2.54518,True,2.56503,1.26594,0.126944,1.41023,0.210285,True,0.0508782,0.00298234,0.950987,1.35615,2020-10-28,17,ok,
St. Clair County,17163,IL,259686,1,True,2020-03-22,2020-04-11,2020-05-14,20,14.7431,2020-03-22,2020-04-04,14,77,False,True,0.202726,0.084646,False,4.24034,True,4.19612,2.41908,0.592522,3.89032,1.56718,True,0.193609,0.0234608,0.894879,2.35526,2020-04-01,10,ok,
Sangamon County,17167,IL,194672,1,False,2020-03-30,2020-04-28,2020-05-17,29,8.36572,2020-03-30,2020-04-12,14,76,False,True,0.156945,0.0820348,False,4.69902,True,4.47416,2.09861,0.574244,3.08671,1.36109,True,0.135205,0.0161731,0.843161,1.94644,2020-04-13,15,ok,
Sangamon County,17167,IL,194672,2,True,2020-09-25,2020-11-10,2020-12-28,46,125.266,2020-09-26,2020-10-09,14,476,False,True,0.065974,0.0134464,False,1.66597,False,1.67283,1.46182,0.0941246,1.75114,0.171722,True,0.0508707,0.00197009,0.969466,1.35609,2020-10-18,23,ok,
Tazewell County,17179,IL,131803,1,True,2020-08-02,2020-11-21,2021-02-10,111,126.921,2020-09-10,2020-09-23,14,356,False,True,0.0128497,0.0217583,False,2.06043,True,2.08031,1.08995,0.152308,1.13196,0.229326,True,0.029078,0.00491295,0.700181,1.20355,2020-09-26,17,ok,
Vermilion County,17183,IL,75758,1,True,2020-06-27,2020-07-21,2020-08-17,24,11.3142,2020-07-07,2020-07-20,14,51,False,True,0.20157,0.0503843,False,1.18941,False,1.57459,2.41099,0.35269,3.86893,0.930392,False,,,,,2020-07-09,3,ok,
Whiteside County,17195,IL,55175,1,True,2020-09-30,2020-11-10,2020-12-27,41,184.349,2020-10-08,2020-10-21,14,329,False,True,0.0644678,0.0396221,False,6.01564,True,6.33048,1.45127,0.277355,1.73196,0.503504,True,0.0579219,0.00910283,0.78636,1.40545,2020-10-20,13,ok,
Will County,17197,IL,690743,1,False,2020-03-27,2020-04-08,2020-04-20,12,34.5384,2020-03-27,2020-04-08,13,847,True,True,0.104516,0.0567659,False,27.1842,True,31.4902,1.73161,0.397361,2.27456,0.816843,True,0.157696,0.0147173,0.958268,2.10387,2020-04-02,7,ok,
Will County,17197,IL,690743,2,False,2020-04-21,2020-05-03,2020-06-08,12,19.9164,2020-04-21,2020-05-03,13,1176,True,True,0.0672668,0.0269012,False,9.4737,True,9.79907,1.47087,0.188308,1.76769,0.345013,True,0.0493452,0.00575731,0.936273,1.34542,2020-04-27,7,ok,
Will County,17197,IL,690743,3,True,2020-10-13,2020-11-16,2021-02-08,34,111.805,2020-10-14,2020-10-27,14,3041,False,True,0.0340781,0.0231031,False,19.6033,True,19.7198,1.23855,0.161722,1.36517,0.264098,True,0.0440002,0.00212566,0.966176,1.308,2020-10-30,17,ok,
Williamson County,17199,IL,66597,1,False,2020-07-09,2020-09-01,2020-10-02,54,43.9745,2020-07-09,2020-07-22,14,86,False,True,0.0266551,0.0309435,False,1.96494,False,2.35492,1.18659,0.216605,1.28147,0.344077,True,0.0335116,0.00226287,0.894014,1.23458,2020-08-05,28,ok,
Williamson County,17199,IL,66597,2,True,2020-10-03,2020-11-11,2021-02-07,39,98.6745,2020-10-03,2020-10-16,14,202,False,True,0.0937489,0.0482407,False,5.18051,True,6.12341,1.65624,0.337685,2.12206,0.672352,True,0.0597834,0.00298885,0.956947,1.41848,2020-10-22,20,ok,
Winnebago County,17201,IL,282572,1,True,2020-09-01,2020-11-08,2021-02-16,68,113.245,2020-09-01,2020-09-14,14,595,False,True,0.00624349,0.0273113,False,5.43414,True,5.62379,1.0437,0.191179,1.06325,0.280275,True,0.0427125,0.00159539,0.955986,1.29899,2020-10-05,35,ok,
Allen County,18003,IN,379299,1,False,2020-04-03,2020-05-30,2020-06-14,57,15.1407,2020-04-03,2020-04-16,14,178,False,True,0.100227,0.0446454,False,3.85237,True,4.15657,1.70159,0.312518,2.21322,0.634389,True,0.0475431,0.00714479,0.621205,1.3328,2020-05-01,29,ok,
Allen County,18003,IN,379299,2,True,2020-10-13,2020-11-17,2020-12-25,35,115.288,2020-10-13,2020-10-26,14,1490,False,True,0.0335182,0.0131133,False,3.09587,True,3.10252,1.23463,0.0917931,1.35878,0.149593,True,0.0379919,0.00167199,0.969943,1.26594,2020-10-30,18,ok,
Allen County,18003,IN,379299,3,False,2020-12-26,2021-01-07,2021-02-14,12,75.4399,2020-12-28,2021-01-07,11,2562,True,False,0.0183185,0.0244149,False,15.2405,True,16.6694,1.12823,0.170904,1.19023,0.262933,False,,,,,2021-01-01,5,ok,
Bartholomew County,18005,IN,83779,1,False,2020-03-29,2020-04-27,2020-06-03,29,17.7337,2020-03-29,2020-04-11,14,101,False,True,0.0722212,0.0664038,False,5.12136,True,6.33617,1.50555,0.464827,1.83175,0.86546,True,0.117665,0.0273356,0.587674,1.82366,2020-04-12,15,ok,
Bartholomew County,18005,IN,83779,2,False,2020-07-13,2020-08-14,2020-09-07,32,20.9735,2020-07-13,2020-07-26,14,82,False,True,0.0492629,0.032022,False,0.900101,False,1.07875,1.34484,0.224154,1.54359,0.386475,True,0.0580194,0.00444944,0.918934,1.40614,2020-07-29,17,ok,
Bartholomew County,18005,IN,83779,3,True,2020-10-11,2020-11-18,2021-03-05,38,106.743,2020-10-13,2020-10-26,14,186,False,True,-1.86517e-14,0.0209496,True,1.0846,False,1.40721,1,0.146647,1,0.209496,True,0.0270673,0.00373594,0.766394,1.18947,2020-10-30,18,ok,
Clark County,18019,IN,118302,1,True,2020-03-24,2020-04-28,2020-05-13,35,13.1624,2020-03-24,2020-04-06,14,66,False,True,0.099021,0.0373023,False,1.95431,False,2.53779,1.69315,0.261116,2.19612,0.528159,True,0.0813956,0.0138616,0.683048,1.56977,2020-04-10,18,ok,
Delaware County,18035,IN,114135,1,False,2020-03-27,2020-05-18,2020-06-09,52,10.5139,2020-03-27,2020-04-09,14,41,False,True,0.0492629,0.045286,False,1.99222,False,2.65003,1.34484,0.317002,1.54359,0.546558,True,0.0442986,0.00326178,0.880638,1.31009,2020-04-22,27,ok,
Delaware County,18035,IN,114135,2,True,2020-07-22,2020-09-01,2020-09-24,41,55.6985,2020-07-23,2020-08-05,14,147,False,True,0.0490676,0.0239137,False,0.54669,False,0.541294,1.34347,0.167396,1.54124,0.288419,True,0.0309566,0.00510604,0.671274,1.2167,2020-08-11,20,ok,
Delaware County,18035,IN,114135,3,False,2020-12-25,2021-01-09,2021-02-14,15,81.7328,2020-12-30,2021-01-09,11,867,True,False,0.0590064,0.0632271,False,33.9358,True,33.1509,1.41305,0.44259,1.66318,0.788965,False,,,,,2021-01-01,3,ok,
Elkhart County,18039,IN,206341,1,True,2020-09-09,2020-11-15,2021-01-26,67,162.076,2020-09-09,2020-09-22,14,580,False,True,0.00689789,0.0283061,False,5.68944,True,5.80499,1.04829,0.198142,1.06998,0.291261,True,0.0263547,0.00238594,0.792222,1.18448,2020-10-12,34,ok,
Floyd County,18043,IN,78522,1,True,2020-03-26,2020-05-15,2020-05-19,50,12.5534,2020-03-26,2020-04-08,14,71,False,True,0.188186,0.0415328,False,1.61711,False,1.84694,2.3173,0.29073,3.62555,0.743596,True,0.0268618,0.0110355,0.197993,1.18803,2020-04-20,26,ok,
Grant County,18053,IN,65769,1,False,2020-04-05,2020-04-21,2020-05-10,16,14.1187,2020-04-05,2020-04-18,14,40,False,True,-3.91291e-12,0.0451753,True,1.4899,False,1.72271,1,0.316227,1,0.451753,True,0.0344101,0.016059,0.396098,1.24087,2020-04-13,9,ok,
Grant County,18053,IN,65769,2,False,2020-07-08,2020-07-17,2020-08-10,9,17.594,2020-07-08,2020-07-17,10,79,True,False,0.182025,0.1349,False,10.1097,True,9.24961,2.27417,0.944302,3.51604,2.38032,False,,,,,2020-07-12,5,ok,
Grant County,18053,IN,65769,3,True,2020-08-21,2020-08-27,2020-09-24,6,79.7162,2020-08-21,2020-08-27,7,364,True,False,0.474543,0.39655,False,140.528,True,125.687,4.3218,2.77585,10.4745,11.8691,False,,,,,2020-08-24,4,ok,
Hancock County,18059,IN,78168,1,True,2020-03-24,2020-04-07,2020-05-27,14,12.4274,2020-03-24,2020-04-06,14,69,False,True,0.099021,0.0364824,False,1.1658,False,1.38549,1.69315,0.255377,2.19612,0.51655,True,0.0951723,0.0199412,0.791508,1.66621,2020-03-31,8,ok,
Hendricks County,18063,IN,170311,1,True,2020-03-23,2020-05-04,2020-05-24,42,18.9569,2020-03-24,2020-04-06,14,184,False,True,0.156945,0.0465686,False,3.66608,True,4.61118,2.09861,0.32598,3.08671,0.772651,True,0.0748561,0.0129979,0.635787,1.52399,2020-04-13,21,ok,
Howard County,18067,IN,82544,1,False,2020-03-29,2020-04-29,2020-06-03,31,17.6529,2020-04-11,2020-04-24,14,35,False,True,0.0410974,0.0855267,False,3.07222,True,4.05365,1.28768,0.598687,1.44644,1.00289,False,,,,,2020-04-13,3,ok,
Howard County,18067,IN,82544,2,True,2020-10-20,2020-11-22,2021-02-14,33,145.204,2020-10-20,2020-11-02,14,272,False,True,0.0337698,0.0174451,False,1.59834,False,1.60541,1.23639,0.122116,1.36165,0.199194,True,0.0459464,0.00398697,0.898516,1.32162,2020-11-05,17,ok,
Johnson County,18081,IN,158167,1,True,2020-03-18,2020-05-11,2020-05-24,54,17.8834,2020-03-18,2020-03-31,14,98,False,True,0.244399,0.087956,False,4.81582,True,4.48011,2.71079,0.615692,4.69833,1.78241,True,0.0850652,0.0108121,0.712311,1.59546,2020-04-14,27,ok,
Kosciusko County,18085,IN,79456,1,False,2020-05-20,2020-06-03,2020-07-11,14,17.6198,2020-05-20,2020-06-02,14,96,False,True,0.0858248,0.0304861,False,1.52508,False,1.68472,1.60077,0.213403,2.01293,0.414753,True,0.131066,0.0256561,0.81307,1.91746,2020-05-27,8,ok,
Kosciusko County,18085,IN,79456,2,False,2020-07-12,2020-07-21,2020-08-16,9,21.9349,2020-07-12,2020-07-21,10,114,True,False,0.172935,0.0702347,False,4.01396,True,4.23814,2.21055,0.491643,3.35739,1.21248,False,,,,,2020-07-16,5,ok,
Kosciusko County,18085,IN,79456,3,False,2020-08-17,2020-08-27,2020-09-23,10,25.351,2020-08-20,2020-08-27,8,138,True,False,0.154288,0.277714,False,51.8024,True,37.5312,2.08002,1.944,3.04279,4.57677,False,,,,,2020-08-22,3,ok,
Kosciusko County,18085,IN,79456,4,True,2020-10-09,2020-11-19,2021-01-26,41,161.815,2020-10-12,2020-10-25,14,495,False,True,0.0519354,0.0210889,False,2.60963,True,2.67514,1.36355,0.147622,1.576,0.25689,True,0.0535703,0.00376935,0.9266,1.37499,2020-10-29,18,ok,
Lake County,18089,IN,485493,1,False,2020-05-11,2020-05-31,2020-06-06,20,13.5062,2020-05-20,2020-05-31,12,670,True,True,-0.00843336,0.0638114,True,30.4008,True,36.9681,0.940966,0.44668,0.91716,0.615512,False,,,,,2020-05-21,2,ok,
Lake County,18089,IN,485493,2,True,2020-10-09,2020-11-12,2021-02-01,34,111.021,2020-10-09,2020-10-22,14,2149,False,True,0.0449051,0.00623959,False,1.18297,False,1.1873,1.31434,0.0436771,1.4914,0.0741638,True,0.0387466,0.00189513,0.963135,1.27123,2020-10-26,18,ok,
LaPorte County,18091,IN,109888,1,False,2020-03-27,2020-04-16,2020-06-13,20,13.9103,2020-03-27,2020-04-09,14,28,False,False,,,False,,False,,,,,,True,0.059945,0.016265,0.659914,1.41962,2020-04-06,9,dropped,< 30 cases in window
LaPorte County,18091,IN,109888,2,True,2020-12-26,2021-01-11,2021-02-06,16,75.9215,2020-12-26,2021-01-08,14,1035,False,True,-0.00524559,0.0272874,True,9.43744,True,9.624,0.963281,0.191012,0.948122,0.266862,True,0.0133204,0.0046502,0.539633,1.09324,2021-01-03,9,ok,
Madison County,18095,IN,129569,1,True,2020-03-24,2020-04-09,2020-05-23,16,18.5229,2020-03-24,2020-04-06,14,98,False,True,0.14551,0.0491154,False,2.25793,True,2.8027,2.01857,0.343808,2.89974,0.791319,True,0.248976,0.0296358,0.921651,2.74283,2020-04-01,8,ok,
Madison County,18095,IN,129569,2,False,2020-07-11,2020-08-09,2020-09-13,29,17.4204,2020-07-11,2020-07-24,14,80,False,True,0.0286672,0.0562215,False,3.06666,True,3.22712,1.20067,0.39355,1.30393,0.629907,True,0.0532754,0.00856099,0.748677,1.37293,2020-07-25,15,ok,
Monroe County,18105,IN,148431,1,False,2020-06-23,2020-07-21,2020-08-15,28,13.9555,2020-06-23,2020-07-06,14,91,False,True,0.115847,0.0616951,False,3.61538,True,3.94986,1.81093,0.431866,2.4403,0.917133,True,0.0787243,0.0145438,0.692669,1.55107,2020-07-07,15,ok,
Monroe County,18105,IN,148431,2,True,2020-08-21,2020-09-12,2020-10-20,22,63.4253,2020-08-21,2020-09-03,14,456,False,True,0.0467795,0.0366661,False,7.31205,True,7.35129,1.32746,0.256662,1.51375,0.4387,True,0.046939,0.00592665,0.862498,1.32857,2020-09-01,12,ok,
Monroe County,18105,IN,148431,3,False,2020-10-21,2020-11-18,2021-02-13,28,77.3808,2020-10-23,2020-11-05,14,454,False,True,0.0431186,0.0386371,False,8.1161,True,8.87152,1.30183,0.27046,1.47023,0.456342,True,0.0449869,0.00599935,0.836381,1.31491,2020-11-04,13,ok,
Morgan County,18109,IN,70489,1,False,2020-03-24,2020-04-03,2020-04-25,10,10.7413,2020-03-24,2020-04-03,11,49,True,False,0.146884,0.048133,False,1.64569,False,2.12863,2.02819,0.336931,2.92191,0.778269,False,,,,,2020-03-29,6,ok,
Morgan County,18109,IN,70489,2,False,2020-04-26,2020-05-12,2020-05-25,16,11.7546,2020-04-26,2020-05-09,14,64,False,True,0.0178804,0.0541203,False,2.28737,True,2.622,1.12516,0.378842,1.18552,0.581847,True,0.0649498,0.0240158,0.510972,1.45465,2020-05-04,9,ok,
Morgan County,18109,IN,70489,3,True,2020-10-23,2020-12-09,2021-02-22,47,115.317,2020-10-25,2020-11-07,14,319,False,True,0.114073,0.0440624,False,6.49531,True,7.5265,1.79851,0.308437,2.41399,0.651729,True,0.0732297,0.00459118,0.927115,1.51261,2020-11-15,22,ok,
Porter County,18127,IN,170389,1,True,2020-09-28,2020-11-14,2021-02-09,47,127.104,2020-09-28,2020-10-11,14,427,False,True,0.066057,0.0207515,False,2.13626,True,2.12781,1.4624,0.145261,1.7522,0.265088,True,0.0437018,0.00214372,0.949725,1.30591,2020-10-21,24,ok,
St. Joseph County,18141,IN,271826,1,False,2020-03-23,2020-04-17,2020-05-24,25,11.4569,2020-03-24,2020-04-06,14,103,False,True,0.147842,0.032006,False,1.83244,False,2.15746,2.0349,0.224042,2.93743,0.518798,True,0.128938,0.00661149,0.974381,1.90257,2020-04-04,12,ok,
St. Joseph County,18141,IN,271826,2,False,2020-07-09,2020-08-24,2020-09-09,46,47.1941,2020-07-09,2020-07-22,14,604,False,True,0.00851719,0.0270712,False,5.41754,True,5.55503,1.05962,0.189498,1.0867,0.280396,True,0.00870133,0.00300319,0.27619,1.06091,2020-08-01,24,ok,
St. Joseph County,18141,IN,271826,3,True,2020-09-24,2020-12-03,2021-01-24,70,125.238,2020-09-25,2020-10-08,14,1190,False,True,0.0235828,0.00831067,False,1.69911,False,1.69751,1.16508,0.0581747,1.24751,0.0913383,True,0.0188295,0.000868355,0.93442,1.13181,2020-10-29,35,ok,
Tippecanoe County,18157,IN,195732,1,True,2020-04-15,2020-05-06,2020-06-14,21,7.66354,2020-04-20,2020-05-03,14,100,False,True,0.207144,0.0736314,False,4.08847,True,3.89208,2.45001,0.51542,3.97253,1.37691,False,,,,,2020-04-25,6,ok,
Vigo County,18167,IN,107038,1,False,2020-07-13,2020-08-30,2020-09-23,48,37.7703,2020-07-15,2020-07-28,14,123,False,True,0.0686551,0.0446175,False,2.83278,True,3.27238,1.48059,0.312322,1.78554,0.57483,True,0.0703324,0.00332832,0.955084,1.49233,2020-08-06,23,ok,
Vigo County,18167,IN,107038,2,True,2020-10-08,2020-11-13,2021-02-08,36,155.352,2020-10-08,2020-10-21,14,509,False,True,0.0230643,0.0185677,False,2.13571,True,2.15551,1.16145,0.129974,1.24181,0.203664,True,0.0213366,0.00270835,0.784986,1.14936,2020-10-26,19,ok,
Warrick County,18173,IN,62998,1,True,2020-12-29,2021-01-07,2021-02-17,9,130.163,2020-12-29,2021-01-07,10,755,True,False,0.0299871,0.040936,False,10.3907,True,11.9954,1.20991,0.286552,1.31875,0.460918,False,,,,,2021-01-02,5,ok,
Wayne County,18177,IN,65884,1,True,2020-08-20,2020-08-24,2020-09-12,4,88.0335,2020-08-20,2020-08-24,5,,True,False,,,False,,False,,,,,,False,,,,,2020-08-22,3,dropped,rise too short
Black Hawk County,19013,IA,131228,1,False,2020-04-13,2020-04-27,2020-05-22,14,78.3805,2020-04-13,2020-04-26,14,667,False,True,0.182991,0.0389461,False,8.43405,True,7.52507,2.28093,0.272623,3.5331,0.688785,True,0.201094,0.0161292,0.962835,2.40765,2020-04-20,8,ok,
Black Hawk County,19013,IA,131228,2,False,2020-06-19,2020-07-07,2020-08-10,18,28.0863,2020-06-19,2020-07-02,14,312,False,True,0.142647,0.0182336,False,1.39888,False,1.31649,1.99853,0.127635,2.85378,0.291576,True,0.145377,0.00965727,0.965901,2.01764,2020-06-28,10,ok,
Black Hawk County,19013,IA,131228,3,True,2020-10-18,2020-11-12,2020-12-24,25,189.093,2020-10-18,2020-10-31,14,1109,False,True,0.10057,0.0091166,False,1.65114,False,1.68535,1.70399,0.0638162,2.2181,0.129674,True,0.0955541,0.00524834,0.967881,1.66888,2020-10-30,13,ok,
Black Hawk County,19013,IA,131228,4,False,2020-12-25,2021-01-22,2021-03-13,28,48.4435,2020-12-27,2021-01-09,14,742,False,True,0.0379576,0.0278797,False,6.94183,True,7.15959,1.2657,0.195158,1.40983,0.323244,True,0.0208092,0.00391112,0.720159,1.14566,2021-01-08,13,ok,
Dallas County,19049,IA,93453,1,False,2020-04-21,2020-05-02,2020-05-16,11,63.4391,2020-04-21,2020-05-02,12,463,True,True,0.208629,0.0345277,False,3.69799,True,4.13063,2.4604,0.241694,4.00034,0.647824,False,,,,,2020-04-26,6,ok,
Dallas County,19049,IA,93453,2,False,2020-06-21,2020-08-26,2020-08-31,66,40.815,2020-06-21,2020-07-04,14,199,False,True,0.087331,0.0463675,False,4.78034,True,4.87077,1.61132,0.324573,2.03347,0.633747,True,0.0224188,0.00319343,0.606321,1.15693,2020-07-24,34,ok,
Dallas County,19049,IA,93453,3,True,2020-10-05,2020-11-11,2021-03-13,37,159.286,2020-10-05,2020-10-18,14,352,False,True,0.012996,0.031622,False,4.30289,True,4.49105,1.09097,0.221354,1.13351,0.333481,True,0.00276791,0.00598737,0.0124153,1.01938,2020-10-23,19,ok,
Dubuque County,19061,IA,97311,1,False,2020-06-17,2020-07-11,2020-08-23,24,42.133,2020-06-17,2020-06-30,14,116,False,True,-0.0246918,0.0672688,True,6.38238,True,7.14221,0.827157,0.470882,0.765885,0.602927,True,0.0831937,0.0221696,0.561438,1.58236,2020-06-29,13,ok,
Dubuque County,19061,IA,97311,2,True,2020-09-13,2020-11-12,2020-12-24,60,181.01,2020-09-13,2020-09-26,14,901,False,True,0.0418376,0.0280901,False,8.52488,True,8.70711,1.29286,0.196631,1.45513,0.33026,True,0.00905041,0.00370163,0.170905,1.06335,2020-10-13,31,ok,
Johnson County,19103,IA,151140,1,False,2020-03-17,2020-04-21,2020-05-31,35,15.5012,2020-03-17,2020-03-30,14,55,False,True,0.0799451,0.0400437,False,1.94314,False,2.43978,1.55962,0.280306,1.93367,0.534891,True,0.0695116,0.0116211,0.69099,1.48658,2020-04-03,18,ok,
Johnson County,19103,IA,151140,2,False,2020-06-15,2020-06-28,2020-08-14,13,32.1367,2020-06-15,2020-06-28,14,390,False,True,0.121043,0.0157856,False,1.03326,False,1.04265,1.8473,0.110499,2.5181,0.238106,True,0.181164,0.012444,0.976953,2.26815,2020-06-21,7,ok,
Johnson County,19103,IA,151140,3,True,2020-08-20,2020-08-30,2020-09-12,10,126.751,2020-08-20,2020-08-30,11,1454,True,False,0.184796,0.0500561,False,29.9284,True,25.7067,2.29357,0.350393,3.5651,0.889069,False,,,,,2020-08-25,6,ok,
Johnson County,19103,IA,151140,4,False,2020-10-25,2020-11-11,2020-12-16,17,129.681,2020-10-25,2020-11-07,14,873,False,True,0.0539796,0.0500658,False,25.8716,True,31.0081,1.37786,0.350461,1.60099,0.614165,True,0.0889543,0.00468487,0.980954,1.62268,2020-11-02,9,ok,
Linn County,19113,IA,226706,1,True,2020-10-16,2020-11-11,2021-02-05,26,209.522,2020-10-16,2020-10-29,14,1111,False,True,0.0928922,0.0166925,False,3.418,True,3.50367,1.65025,0.116847,2.11013,0.23205,True,0.0921681,0.0060981,0.950091,1.64518,2020-10-29,14,ok,
Polk County,19153,IA,490161,1,False,2020-04-13,2020-05-04,2020-06-13,21,31.1268,2020-04-13,2020-04-26,14,555,False,True,0.134158,0.0269323,False,3.9861,True,4.08599,1.93911,0.188526,2.71954,0.421077,True,0.124519,0.00708492,0.971688,1.87163,2020-04-23,11,ok,
Polk County,19153,IA,490161,2,False,2020-06-23,2020-07-11,2020-07-27,18,28.2997,2020-06-24,2020-07-07,14,1123,False,True,0.0485474,0.0257219,False,8.84391,True,8.90965,1.33983,0.180054,1.53497,0.309666,True,0.0488325,0.00526349,0.924791,1.34183,2020-07-02,9,ok,
Polk County,19153,IA,490161,3,False,2020-08-12,2020-08-29,2020-09-09,17,44.8832,2020-08-14,2020-08-27,14,1649,False,True,0.0332428,0.0133668,False,3.56077,True,3.58801,1.2327,0.0935674,1.35564,0.15233,True,0.0199825,0.00329811,0.88012,1.13988,2020-08-20,7,ok,
Polk County,19153,IA,490161,4,True,2020-10-22,2020-11-12,2021-02-07,21,141.848,2020-10-22,2020-11-04,14,3116,False,True,0.0758186,0.0292986,False,30.5631,True,31.9588,1.53073,0.20509,1.8789,0.386284,True,0.0810771,0.0056236,0.958498,1.56754,2020-11-01,11,ok,
Pottawattamie County,19155,IA,93206,1,False,2020-04-29,2020-06-11,2020-07-06,43,25.7494,2020-04-30,2020-05-13,14,75,False,True,0.0344517,0.0550922,False,2.74839,True,2.96578,1.24116,0.385645,1.36944,0.630639,True,0.0509846,0.0103862,0.559136,1.35689,2020-05-20,21,ok,
Pottawattamie County,19155,IA,93206,2,True,2020-09-27,2020-11-18,2021-01-31,52,158.788,2020-10-04,2020-10-17,14,586,False,True,0.00487614,0.0185325,False,2.46475,True,2.48357,1.03413,0.129727,1.04926,0.18912,True,0.0139843,0.00483864,0.316963,1.09789,2020-10-23,20,ok,
Scott County,19163,IA,172943,1,False,2020-03-26,2020-04-09,2020-05-05,14,6.11267,2020-03-26,2020-04-08,14,74,False,True,0.16214,0.0387068,False,1.38722,False,1.68698,2.13498,0.270948,3.17348,0.650657,True,0.152531,0.0198005,0.908176,2.06772,2020-04-02,8,ok,
Scott County,19163,IA,172943,2,False,2020-06-20,2020-07-11,2020-09-09,21,24.7811,2020-06-20,2020-07-03,14,283,False,True,0.0710936,0.0480099,False,7.51567,True,7.89867,1.49766,0.336069,1.81708,0.623453,True,0.136542,0.0195822,0.843802,1.95579,2020-06-30,11,ok,
Scott County,19163,IA,172943,3,True,2020-10-12,2020-11-12,2021-01-30,31,190.732,2020-10-12,2020-10-25,14,932,False,True,0.0295345,0.0233881,False,6.17886,True,6.211,1.20674,0.163717,1.31366,0.262893,True,0.0388115,0.00412003,0.863734,1.27168,2020-10-27,16,ok,
Story County,19169,IA,97117,1,False,2020-06-03,2020-06-21,2020-08-09,18,36.9216,2020-06-04,2020-06-17,14,173,False,True,0.140876,0.0244169,False,1.30632,False,1.20982,1.98613,0.170918,2.82553,0.388639,True,0.161453,0.00749161,0.985152,2.13017,2020-06-12,9,ok,
Story County,19169,IA,97117,2,True,2020-08-10,2020-08-29,2020-10-02,19,124.298,2020-08-11,2020-08-24,14,406,False,True,-0.0614511,0.0455724,True,9.86571,True,10.0046,0.569842,0.319007,0.46479,0.338104,True,0.0952389,0.0627233,0.247759,1.66667,2020-08-19,9,ok,
Story County,19169,IA,97117,3,False,2020-10-27,2020-11-21,2020-12-23,25,129.005,2020-10-27,2020-11-09,14,847,False,True,0.111608,0.0533562,False,25.4531,True,29.1563,1.78125,0.373494,2.37766,0.783671,True,0.0977731,0.00464107,0.975814,1.68441,2020-11-08,13,ok,
Warren County,19181,IA,51466,1,False,2020-08-18,2020-08-28,2020-09-19,10,33.5867,2020-08-18,2020-08-28,11,143,True,False,0.234562,0.0676336,False,4.81495,True,5.09837,2.64194,0.473435,4.50103,1.34264,False,,,,,2020-08-23,6,ok,
Warren County,19181,IA,51466,2,True,2020-10-12,2020-11-12,2021-02-15,31,144.895,2020-10-18,2020-10-31,14,238,False,True,0.0892264,0.0194306,False,0.6835,False,0.788385,1.62458,0.136014,2.05945,0.267122,True,0.0679859,0.00511979,0.9566,1.4759,2020-10-27,10,ok,
Woodbury County,19193,IA,103107,1,True,2020-04-19,2020-04-29,2020-06-11,10,105.023,2020-04-19,2020-04-29,11,693,True,False,0.208071,0.0736916,False,29.4372,True,32.8179,2.4565,0.515841,3.98987,1.3809,False,,,,,2020-04-24,6,ok,
Woodbury County,19193,IA,103107,2,False,2020-08-20,2020-09-26,2020-10-19,37,72.8785,2020-08-20,2020-09-02,14,314,False,True,-0.00546017,0.0366282,True,5.15867,True,5.33567,0.961779,0.256397,0.946024,0.357882,True,0.0255521,0.00235312,0.873994,1.17886,2020-09-07,19,ok,
Woodbury County,19193,IA,103107,3,False,2020-10-20,2020-11-11,2021-01-16,22,123.727,2020-10-21,2020-11-03,14,993,False,True,0.0373279,0.0157696,False,2.97395,True,2.97167,1.2613,0.110387,1.40254,0.182419,True,0.040431,0.00234504,0.970613,1.28302,2020-10-31,11,ok,
Butler County,20015,KS,66911,1,False,2020-07-06,2020-09-06,2020-09-24,62,45.4762,2020-07-06,2020-07-19,14,65,False,True,-0.00439595,0.0354427,True,0.156917,False,0.157511,0.969228,0.248099,0.956446,0.347883,True,0.0254129,0.00265566,0.753232,1.17789,2020-08-06,32,ok,
Butler County,20015,KS,66911,2,True,2020-10-06,2020-12-29,2021-02-11,84,180.837,2020-10-20,2020-11-02,14,315,False,True,0.0560364,0.0234665,False,2.04524,True,2.15966,1.39225,0.164266,1.62631,0.289894,True,0.0663768,0.00283304,0.95312,1.46464,2020-11-17,29,ok,
Douglas County,20045,KS,122259,1,False,2020-06-22,2020-07-07,2020-08-04,15,26.5245,2020-06-22,2020-07-05,14,98,False,True,0.110101,0.0815962,False,6.91427,True,7.62829,1.77071,0.571174,2.35557,1.19328,True,0.196955,0.0223966,0.928001,2.37869,2020-06-29,8,ok,
Douglas County,20045,KS,122259,2,True,2020-08-21,2020-08-25,2020-10-23,4,49.4267,2020-08-21,2020-08-25,5,,True,False,,,False,,False,,,,,,False,,,,,2020-08-23,3,dropped,rise too short
Douglas County,20045,KS,122259,3,False,2020-10-24,2020-12-06,2021-02-22,43,76.5354,2020-10-24,2020-11-06,14,479,False,True,0.0919211,0.0300635,False,4.79021,True,4.6354,1.64345,0.210445,2.09665,0.416701,True,0.0734788,0.00332391,0.960683,1.51435,2020-11-14,22,ok,
Johnson County,20091,KS,602401,1,False,2020-03-14,2020-04-09,2020-05-14,26,2.65604,2020-03-14,2020-03-27,14,62,False,True,0.11668,0.0393538,False,1.62034,False,1.89471,1.81676,0.275477,2.4527,0.586394,True,0.165178,0.00757255,0.9754,2.15625,2020-03-27,14,ok,
Johnson County,20091,KS,602401,2,False,2020-06-16,2020-07-09,2020-08-25,23,26.0149,2020-06-16,2020-06-29,14,616,False,True,0.100415,0.0274595,False,5.04115,True,6.20935,1.7029,0.192217,2.21589,0.390404,True,0.0793691,0.00524841,0.958105,1.55558,2020-06-27,12,ok,
Johnson County,20091,KS,602401,3,True,2020-10-24,2020-12-29,2021-02-22,66,109.324,2020-10-24,2020-11-06,14,3710,False,True,0.028745,0.0233531,False,24.5364,True,24.5536,1.20122,0.163472,1.3048,0.261725,True,0.0273639,0.00286145,0.740785,1.19155,2020-11-26,34,ok,
Leavenworth County,20103,KS,81758,1,True,2020-04-27,2020-05-03,2020-05-21,6,102.568,2020-04-27,2020-05-03,7,326,True,False,0.271496,0.291793,False,93.169,True,74.1399,2.90047,2.04255,5.26286,6.24519,False,,,,,2020-04-30,4,ok,
Leavenworth County,20103,KS,81758,2,False,2020-06-14,2020-07-21,2020-08-20,37,17.1237,2020-06-14,2020-06-27,14,42,False,True,0.0693583,0.0453921,False,1.22931,False,1.43866,1.48551,0.317744,1.7946,0.58615,True,0.0412776,0.00657944,0.698366,1.28894,2020-07-02,19,ok,
Leavenworth County,20103,KS,81758,3,False,2020-09-11,2020-09-25,2020-10-24,14,44.2071,2020-09-11,2020-09-24,14,229,False,True,0.044013,0.019105,False,0.690037,False,0.700834,1.30809,0.133735,1.48081,0.226366,True,0.0305071,0.00399566,0.906679,1.21355,2020-09-18,8,ok,
Leavenworth County,20103,KS,81758,4,False,2020-10-25,2020-12-29,2021-03-18,65,73.3873,2020-10-25,2020-11-07,14,248,False,True,0.0441263,0.0183597,False,0.110585,False,0.111006,1.30888,0.128518,1.48215,0.217623,True,0.0447505,0.00267328,0.900394,1.31325,2020-11-26,33,ok,
Reno County,20155,KS,61998,1,True,2020-09-15,2020-11-27,2021-02-07,73,179.96,2020-09-15,2020-09-28,14,237,False,True,0.0132705,0.0360715,False,3.76944,True,3.88538,1.09289,0.252501,1.1364,0.38082,True,0.0403961,0.00345483,0.796177,1.28277,2020-10-21,37,ok,
Riley County,20161,KS,74232,1,False,2020-06-13,2020-07-07,2020-08-14,24,17.8976,2020-06-13,2020-06-26,14,105,False,True,0.158764,0.0322995,False,1.36287,False,1.98007,2.11135,0.226097,3.11697,0.538372,True,0.172899,0.0171365,0.90248,2.21029,2020-06-25,13,ok,
Riley County,20161,KS,74232,2,True,2020-09-18,2020-09-22,2020-10-10,4,102.574,2020-09-18,2020-09-22,5,,True,False,,,False,,False,,,,,,False,,,,,2020-09-20,3,dropped,rise too short
Riley County,20161,KS,74232,3,False,2020-10-11,2020-12-01,2021-02-15,51,91.7971,2020-10-27,2020-11-09,14,383,False,True,0.128039,0.0442106,False,7.54992,True,11.4293,1.89627,0.309474,2.62466,0.679854,True,0.157798,0.0153676,0.929476,2.10459,2020-11-05,10,ok,
Saline County,20169,KS,54224,1,False,2020-06-20,2020-07-07,2020-09-08,17,22.6573,2020-06-20,2020-07-03,14,62,False,True,-0.056006,0.0612283,True,2.74063,True,3.61187,0.607958,0.428598,0.50581,0.468259,True,0.10967,0.0316472,0.631752,1.76769,2020-06-28,9,ok,
Saline County,20169,KS,54224,2,True,2020-10-18,2020-12-29,2021-02-11,72,219.723,2020-10-18,2020-10-31,14,218,False,True,-0.0157433,0.0193804,True,0.580624,False,0.584636,0.889797,0.135663,0.847772,0.180989,True,0.0489612,0.00195865,0.94696,1.34273,2020-11-23,37,ok,
Sedgwick County,20173,KS,516042,1,True,2020-10-06,2020-12-29,2021-02-22,84,152.313,2020-10-06,2020-10-19,14,1418,False,True,0.027894,0.0076236,False,1.09193,False,1.10403,1.19526,0.0533652,1.29528,0.0851675,True,0.0551457,0.00135735,0.975762,1.38602,2020-11-17,43,ok,
Shawnee County,20177,KS,176875,1,True,2020-09-25,2020-12-29,2021-02-22,95,124.059,2020-09-27,2020-10-10,14,310,False,True,0.00184334,0.0162278,False,0.633335,False,0.635137,1.0129,0.113595,1.0185,0.163535,True,0.0423854,0.0029301,0.826259,1.2967,2020-11-11,46,ok,
Wyandotte County,20209,KS,165429,1,False,2020-03-24,2020-05-02,2020-05-14,39,27.0293,2020-03-24,2020-04-06,14,170,False,True,0.113126,0.0236535,False,0.370004,False,0.384656,1.79188,0.165574,2.40001,0.348919,True,0.0832027,0.00820492,0.851032,1.58242,2020-04-12,20,ok,
Wyandotte County,20209,KS,165429,2,False,2020-06-12,2020-07-18,2020-08-29,36,65.9756,2020-06-12,2020-06-25,14,423,False,True,0.0484149,0.0207419,False,2.16652,True,2.16322,1.3389,0.145193,1.53337,0.249596,True,0.0437497,0.00470169,0.835883,1.30625,2020-06-30,19,ok,
Wyandotte County,20209,KS,165429,3,True,2020-10-08,2020-12-29,2021-02-22,82,154.317,2020-10-20,2020-11-02,14,807,False,True,0.0475214,0.027315,False,7.17553,True,7.43001,1.33265,0.191205,1.52264,0.327669,True,0.0318582,0.00221449,0.880833,1.22301,2020-11-18,30,ok,
Boone County,21015,KY,133581,1,False,2020-04-01,2020-05-15,2020-06-29,44,13.1541,2020-04-01,2020-04-14,14,53,False,True,-0.0161898,0.0873787,True,4.94116,True,6.35359,0.886671,0.611651,0.843606,0.814372,True,0.00625935,0.00676268,0.0391955,1.04382,2020-04-23,23,ok,
Boone County,21015,KY,133581,2,True,2020-10-21,2021-01-05,2021-03-15,76,102.773,2020-10-21,2020-11-03,14,476,False,True,0.0168261,0.0197272,False,2.26135,True,2.28139,1.11778,0.13809,1.17421,0.211213,True,0.0395545,0.00226889,0.891472,1.27688,2020-11-28,39,ok,
Bullitt County,21029,KY,81676,1,True,2020-12-23,2021-01-05,2021-03-08,13,81.8565,2020-12-23,2021-01-05,14,510,False,True,0.0497979,0.0220448,False,2.94571,True,2.93212,1.34859,0.154313,1.55006,0.266555,True,0.0462461,0.00831384,0.860887,1.32372,2020-12-29,7,ok,
Campbell County,21037,KY,93584,1,True,2020-10-21,2021-01-16,2021-03-14,87,103.345,2020-10-21,2020-11-03,14,391,False,True,0.0374806,0.0307778,False,4.46001,True,4.66402,1.26236,0.215445,1.40431,0.356228,True,0.0241746,0.0022362,0.735631,1.16922,2020-12-03,44,ok,
Christian County,21047,KY,70461,1,False,2020-06-20,2020-07-27,2020-08-03,37,18.0444,2020-06-28,2020-07-11,14,89,False,True,0.159093,0.0907959,False,6.69016,True,7.26695,2.11365,0.635572,3.12245,1.51465,True,0.140984,0.0200753,0.845677,1.98689,2020-07-08,11,ok,
Christian County,21047,KY,70461,2,True,2020-09-08,2021-01-05,2021-02-23,119,117.187,2020-09-08,2020-09-21,14,222,False,True,-0.00772389,0.0617274,True,10.3545,True,11.4299,0.945933,0.432092,0.924014,0.597249,True,0.00647324,0.00136992,0.277963,1.04531,2020-11-06,60,ok,
Daviess County,21059,KY,101511,1,False,2020-03-19,2020-05-02,2020-05-08,44,10.2733,2020-03-19,2020-04-01,14,30,False,True,-1.11022e-15,0.116642,True,5,True,6.93147,1,0.816497,1,1.16642,True,0.0618677,0.0123561,0.58208,1.43307,2020-04-10,20,ok,
Daviess County,21059,KY,101511,2,True,2020-09-13,2021-01-05,2021-02-28,114,123.28,2020-10-16,2020-10-29,14,282,False,True,0.0449467,0.017225,False,1.08755,False,1.08808,1.31463,0.120575,1.49189,0.204767,True,0.0431438,0.00171905,0.964772,1.30201,2020-11-09,25,ok,
Fayette County,21067,KY,323152,1,True,2020-07-07,2020-10-04,2020-10-23,89,109.944,2020-07-19,2020-08-01,14,635,False,True,0.0193772,0.0331976,False,8.53349,True,8.72259,1.13564,0.232383,1.20166,0.358994,True,0.000779617,0.00276576,0.00255659,1.00546,2020-08-20,33,ok,
Fayette County,21067,KY,323152,2,False,2020-10-24,2020-11-30,2020-12-22,37,90.3157,2020-10-24,2020-11-06,14,1834,False,True,0.0662832,0.0350074,False,26.1028,True,26.8925,1.46398,0.245052,1.7551,0.447531,True,0.0443555,0.00604007,0.760319,1.31049,2020-11-11,19,ok,
Fayette County,21067,KY,323152,3,False,2020-12-23,2021-01-05,2021-02-28,13,94.6481,2020-12-26,2021-01-05,11,2120,True,False,0.0157627,0.106829,False,241.575,True,231.943,1.11034,0.7478,1.16284,1.13901,False,,,,,2020-12-29,4,ok,
Franklin County,21073,KY,50991,1,True,2020-12-23,2021-02-01,2021-03-11,40,100.858,2020-12-26,2021-01-08,14,316,False,True,0.0817242,0.0609971,False,13.2857,True,17.7767,1.57207,0.42698,1.9575,0.819338,True,0.0498625,0.00485128,0.868466,1.34904,2021-01-12,18,ok,
Hardin County,21093,KY,110958,1,True,2020-10-04,2021-01-05,2021-03-05,93,94.3729,2020-10-06,2020-10-19,14,273,False,True,0.0115185,0.0370407,False,4.58092,True,4.70454,1.08063,0.259285,1.11797,0.388327,True,0.0392162,0.00145671,0.943991,1.27451,2020-11-19,45,ok,
Jefferson County,21111,KY,766757,1,False,2020-03-24,2020-04-21,2020-05-22,28,9.59514,2020-03-24,2020-04-06,14,344,False,True,0.0983986,0.0633388,False,15.0491,True,17.1277,1.68879,0.443372,2.18731,0.895151,True,0.0701513,0.00838836,0.843258,1.49106,2020-04-07,15,ok,
Jefferson County,21111,KY,766757,2,False,2020-05-23,2020-06-06,2020-07-02,14,11.626,2020-05-23,2020-06-05,14,822,False,True,0.0731605,0.0710315,False,47.6145,True,54.2406,1.51212,0.49722,1.84401,0.928576,True,0.0679178,0.0199806,0.658207,1.47542,2020-05-30,8,ok,
Jefferson County,21111,KY,766757,3,True,2020-10-01,2020-11-30,2020-12-22,60,84.9403,2020-10-10,2020-10-23,14,3182,False,True,0.0547132,0.0141569,False,7.53261,True,7.67037,1.38299,0.0990986,1.61,0.174101,True,0.0381504,0.00292018,0.895111,1.26705,2020-10-31,22,ok,
Jefferson County,21111,KY,766757,4,False,2020-12-23,2021-01-05,2021-03-24,13,89.5795,2020-12-26,2021-01-05,11,4877,True,False,-0.00974147,0.0977509,True,465.74,True,458.405,0.93181,0.684257,0.904578,0.937515,False,,,,,2020-12-29,4,ok,
Jessamine County,21113,KY,54115,1,True,2020-10-04,2021-01-23,2021-03-14,111,78.6684,2020-10-04,2020-10-17,14,175,False,True,0.0179829,0.0416079,False,3.69663,True,3.94296,1.12588,0.291255,1.18662,0.447504,True,0.0213248,0.0011697,0.860237,1.14927,2020-11-28,56,ok,
Kenton County,21117,KY,166998,1,False,2020-06-15,2020-07-22,2020-09-05,37,16.9378,2020-06-15,2020-06-28,14,97,False,True,0.0946251,0.0460533,False,2.26276,True,2.43789,1.66238,0.322373,2.13428,0.64356,True,0.018626,0.0142038,0.0918613,1.13038,2020-07-03,19,ok,
Kenton County,21117,KY,166998,2,True,2020-10-17,2021-01-12,2021-03-22,87,102.054,2020-10-17,2020-10-30,14,555,False,True,0.12043,0.022591,False,2.91958,True,2.82396,1.84301,0.158137,2.50887,0.340176,True,0.0325611,0.00226618,0.83095,1.22793,2020-11-29,44,ok,
Laurel County,21125,KY,60813,1,True,2020-12-23,2021-01-05,2021-02-14,13,113.463,2020-12-26,2021-01-05,11,460,True,False,-0.0438663,0.0972607,True,43.0083,True,52.5664,0.692936,0.680825,0.601746,0.793415,False,,,,,2020-12-29,4,ok,
McCracken County,21145,KY,65418,1,True,2020-10-21,2020-11-30,2020-12-22,40,143.036,2020-10-21,2020-11-03,14,369,False,True,0.0492629,0.0150953,False,1.493,False,1.52209,1.34484,0.105667,1.54359,0.182186,True,0.046237,0.00240284,0.951192,1.32366,2020-11-10,21,ok,
Madison County,21151,KY,92987,1,False,2020-07-07,2020-08-31,2020-09-22,55,45.014,2020-07-07,2020-07-20,14,115,False,True,0.0374806,0.0268726,False,1.74465,False,2.11719,1.26236,0.188108,1.40431,0.311028,True,0.0125202,0.00417193,0.257277,1.08764,2020-08-03,28,ok,
Madison County,21151,KY,92987,2,True,2020-11-01,2020-11-20,2020-12-27,19,86.9553,2020-11-01,2020-11-14,14,448,False,True,0.0410974,0.0262439,False,3.70268,True,3.73785,1.28768,0.183707,1.44644,0.307738,True,0.0528508,0.00638309,0.8955,1.36996,2020-11-10,10,ok,
Madison County,21151,KY,92987,3,False,2020-12-28,2021-01-09,2021-03-04,12,92.7933,2020-12-28,2021-01-09,13,634,True,True,0.0812498,0.0780949,False,41.595,True,51.3263,1.56875,0.546664,1.95113,1.04745,True,0.0744862,0.0127,0.873093,1.5214,2021-01-03,7,ok,
Oldham County,21185,KY,66799,1,False,2020-07-09,2020-07-20,2020-10-10,11,55.3901,2020-07-13,2020-07-20,8,225,True,False,0.37653,0.24346,False,46.5312,True,48.6537,3.63571,1.70422,7.74256,6.28474,False,,,,,2020-07-14,2,ok,
Oldham County,21185,KY,66799,2,True,2020-11-11,2021-01-15,2021-02-09,65,252.784,2020-11-11,2020-11-24,14,605,False,True,0.123865,0.034717,False,7.44368,True,7.83707,1.86705,0.243019,2.56084,0.527779,True,0.00952742,0.00592703,0.0769388,1.06669,2020-12-13,33,ok,
Pike County,21195,KY,57876,1,True,2020-09-26,2021-01-05,2021-03-07,101,113.296,2020-09-30,2020-10-13,14,154,False,True,0.0297921,0.0439987,False,3.61262,True,3.95212,1.20854,0.307991,1.31656,0.495041,True,0.0291186,0.00254963,0.743492,1.20383,2020-11-15,47,ok,
Pulaski County,21199,KY,64979,1,True,2020-11-10,2020-12-11,2021-03-02,31,166.208,2020-11-10,2020-11-23,14,330,False,True,0.068834,0.0294506,False,3.31033,True,3.61458,1.48184,0.206154,1.78784,0.379649,True,0.0290722,0.00925602,0.413373,1.20351,2020-11-25,16,ok,
Scott County,21209,KY,57004,1,True,2020-09-22,2021-01-10,2021-02-13,110,78.4406,2020-09-22,2020-10-05,14,118,False,True,0.0538992,0.0389193,False,2.11341,True,2.16995,1.37729,0.272435,1.6,0.477297,True,0.013712,0.00145836,0.620798,1.09598,2020-11-16,56,ok,
Warren County,21227,KY,132896,1,False,2020-04-11,2020-07-22,2020-08-13,102,30.9587,2020-04-12,2020-04-25,14,142,False,True,0.109721,0.0855563,False,11.0254,True,13.677,1.76805,0.598894,2.35003,1.24983,True,0.0162282,0.0050069,0.176541,1.1136,2020-06-01,51,ok,
Warren County,21227,KY,132896,2,False,2020-08-14,2020-09-08,2020-09-27,25,39.9883,2020-08-16,2020-08-29,14,502,False,True,0.0636386,0.0294393,False,5.0737,True,5.80283,1.44547,0.206075,1.72143,0.373079,True,0.067379,0.00600606,0.933262,1.47165,2020-08-26,11,ok,
Warren County,21227,KY,132896,3,True,2020-10-12,2021-01-05,2021-02-24,85,117.923,2020-10-21,2020-11-03,14,608,False,True,0.0435677,0.0214917,False,3.3614,True,3.49266,1.30497,0.150442,1.47554,0.254243,True,0.0207132,0.00197079,0.775379,1.14499,2020-11-23,34,ok,
Acadia Parish,22001,LA,62045,1,True,2020-05-15,2020-07-20,2020-08-28,66,117.426,2020-05-30,2020-06-12,14,123,False,True,0.0303106,0.0752521,False,8.43723,True,10.7048,1.21217,0.526765,1.3224,0.84832,True,0.0332148,0.00920457,0.433737,1.2325,2020-06-17,19,ok,
Acadia Parish,22001,LA,62045,2,False,2020-10-31,2020-11-21,2020-12-26,21,92.3293,2020-11-08,2020-11-21,14,348,False,True,0.0346517,0.0722495,False,21.9287,True,29.0336,1.24256,0.505746,1.37173,0.827644,False,,,,,2020-11-10,3,ok,
Acadia Parish,22001,LA,62045,3,False,2020-12-27,2021-01-07,2021-02-16,11,71.8373,2020-12-27,2021-01-07,12,494,True,True,0.0150515,0.032977,False,6.56268,True,8.48696,1.10536,0.230839,1.15527,0.350617,False,,,,,2021-01-01,6,ok,
Ascension Parish,22005,LA,126604,1,False,2020-03-20,2020-04-04,2020-05-22,15,22.229,2020-03-20,2020-04-02,14,199,False,True,0.0331705,0.04306,False,4.45961,True,4.86881,1.23219,0.30142,1.35481,0.49059,True,0.223739,0.034586,0.874605,2.56617,2020-03-27,8,ok,
Ascension Parish,22005,LA,126604,2,False,2020-06-20,2020-07-20,2020-10-12,30,42.5398,2020-06-20,2020-07-03,14,317,False,True,0.00811394,0.0501299,False,9.75075,True,11.7655,1.0568,0.350909,1.08252,0.518382,True,0.0491019,0.00640814,0.807462,1.34371,2020-07-05,16,ok,
Ascension Parish,22005,LA,126604,3,True,2020-10-24,2020-11-21,2020-12-23,28,93.6554,2020-11-07,2020-11-20,14,920,False,True,0.109398,0.0745557,False,54.2891,True,66.5821,1.76579,0.52189,2.34531,1.08812,False,,,,,2020-11-07,1,ok,
Ascension Parish,22005,LA,126604,4,False,2020-12-24,2021-01-12,2021-02-08,19,88.4648,2020-12-24,2021-01-06,14,1061,False,True,0.0425909,0.0411566,False,21.5335,True,22.0375,1.29814,0.288096,1.464,0.485187,True,0.032173,0.0111672,0.509214,1.22521,2021-01-02,10,ok,
Bossier Parish,22015,LA,127039,1,True,2020-09-15,2020-11-21,2021-02-14,67,131.006,2020-10-07,2020-10-20,14,510,False,True,0.0614338,0.0301438,False,5.42222,True,5.88682,1.43004,0.211007,1.69359,0.379216,True,0.0797404,0.00977298,0.869407,1.55818,2020-10-18,12,ok,
Caddo Parish,22017,LA,240204,1,True,2020-06-21,2020-11-21,2020-12-12,153,95.4546,2020-08-22,2020-09-04,14,469,False,True,0.032426,0.0685458,False,26.6495,True,32.2575,1.22698,0.479821,1.34634,0.778811,True,0.0252849,0.0109655,0.290275,1.17699,2020-09-05,15,ok,
Caddo Parish,22017,LA,240204,2,False,2020-12-13,2021-01-08,2021-02-14,26,94.3246,2020-12-13,2020-12-26,14,1722,False,True,0.00730207,0.0412813,False,35.9246,True,45.1796,1.05111,0.288969,1.07414,0.425473,True,0.00537904,0.00605381,0.0617303,1.03765,2020-12-26,14,ok,
Calcasieu Parish,22019,LA,203436,1,True,2020-06-12,2020-07-17,2020-09-03,35,87.4266,2020-06-13,2020-06-26,14,437,False,True,0.122759,0.0515646,False,11.8987,True,14.6715,1.85931,0.360952,2.54406,0.781507,True,0.104233,0.0116563,0.842043,1.72963,2020-06-29,17,ok,
Calcasieu Parish,22019,LA,203436,2,False,2020-11-09,2020-11-21,2020-12-26,12,95.5724,2020-11-14,2020-11-21,8,1031,True,False,0.224061,0.278489,False,359.143,True,349.746,2.56843,1.94942,4.29489,5.40562,False,,,,,2020-11-15,2,ok,
Calcasieu Parish,22019,LA,203436,3,False,2020-12-27,2021-01-09,2021-02-16,13,95.9937,2020-12-27,2021-01-09,14,2033,False,True,0.0357415,0.0419913,False,43.2328,True,51.769,1.25019,0.293939,1.38424,0.482948,True,0.0190154,0.0141052,0.266585,1.13311,2021-01-02,7,ok,
East Baton Rouge Parish,22033,LA,440059,1,True,2020-10-15,2020-11-21,2020-12-25,37,73.9187,2020-10-17,2020-10-30,14,566,False,True,-0.0314234,0.0385064,True,10.1573,True,10.4216,0.780036,0.269545,0.706502,0.334244,True,0.00479074,0.0070276,0.0300504,1.03354,2020-11-02,17,ok,
East Baton Rouge Parish,22033,LA,440059,2,False,2020-12-26,2021-01-14,2021-02-16,19,77.9116,2020-12-26,2021-01-08,14,3020,False,True,0.041539,0.0385305,False,53.7781,True,65.7226,1.29077,0.269714,1.45163,0.452527,True,0.0271839,0.00745525,0.624332,1.19029,2021-01-04,10,ok,
Iberia Parish,22045,LA,69830,1,True,2020-06-20,2020-07-12,2020-09-14,22,86.3321,2020-06-20,2020-07-03,14,385,False,True,0.0625773,0.0510596,False,11.7242,True,13.2052,1.43804,0.357417,1.70801,0.644793,True,0.10559,0.0129872,0.868596,1.73913,2020-07-01,12,ok,
Iberia Parish,22045,LA,69830,2,False,2020-11-09,2020-11-21,2020-12-26,12,78.7627,2020-11-09,2020-11-21,13,324,True,True,0.123571,0.114549,False,43.4352,True,48.0612,1.865,0.801845,2.55638,1.74,True,0.072516,0.0603076,0.224307,1.50761,2020-11-15,7,ok,
Iberia Parish,22045,LA,69830,3,False,2020-12-27,2021-01-02,2021-02-14,6,86.9458,2020-12-27,2021-01-02,7,253,True,False,-0.0385853,0.269434,True,73.1932,True,67.8124,0.729903,1.88604,0.645412,2.2577,False,,,,,2020-12-30,4,ok,
Jefferson Parish,22051,LA,432493,1,True,2020-03-22,2020-04-04,2020-05-21,13,90.1418,2020-03-22,2020-04-04,14,2842,False,True,0.195045,0.0355847,False,28.5696,True,27.1346,2.36531,0.249093,3.74934,0.647353,True,0.151447,0.0203292,0.917353,2.06013,2020-03-28,7,ok,
Jefferson Parish,22051,LA,432493,2,False,2020-06-10,2020-07-13,2020-08-21,33,42.6762,2020-06-18,2020-07-01,14,1130,False,True,0.0350676,0.0610405,False,50.8071,True,63.0382,1.24547,0.427283,1.3765,0.700308,True,0.0989723,0.0158236,0.848227,1.69281,2020-06-26,9,ok,
Jefferson Parish,22051,LA,432493,3,False,2020-11-10,2020-11-30,2020-12-23,20,87.9288,2020-11-14,2020-11-27,14,2768,False,True,0.0161195,0.10003,False,338.206,True,454.627,1.11284,0.70021,1.16665,1.06802,True,0.241489,0.0592337,0.768743,2.69042,2020-11-20,7,ok,
Jefferson Parish,22051,LA,432493,4,False,2020-12-24,2021-01-05,2021-03-01,12,98.862,2020-12-25,2021-01-05,12,3629,True,True,0.0445771,0.0201179,False,13.3513,True,13.4731,1.31204,0.140825,1.4875,0.238844,False,,,,,2020-12-30,6,ok,
Lafayette Parish,22055,LA,244390,1,True,2020-06-09,2020-08-01,2020-09-30,53,78.0953,2020-06-09,2020-06-22,14,543,False,True,-0.0354344,0.0571585,True,21.4011,True,23.671,0.751959,0.40011,0.672023,0.486519,True,0.0580436,0.00527083,0.829082,1.40631,2020-07-05,27,ok,
Lafayette Parish,22055,LA,244390,2,False,2020-11-10,2020-11-21,2021-02-10,11,97.0346,2020-11-14,2020-11-21,8,1028,True,False,0.30606,0.283248,False,327.044,True,317.354,3.14242,1.98274,6.02773,6.47351,False,,,,,2020-11-15,2,ok,
Lafourche Parish,22057,LA,97614,1,False,2020-03-27,2020-04-03,2020-05-10,7,37.1727,2020-03-27,2020-04-03,8,157,True,False,0.352294,0.0947222,False,5.14546,True,5.6454,3.46606,0.663055,7.12928,2.34877,False,,,,,2020-03-30,4,ok,
Lafourche Parish,22057,LA,97614,2,True,2020-06-23,2020-07-17,2020-08-29,24,63.3691,2020-06-24,2020-07-07,14,305,False,True,0.0717274,0.0333429,False,3.90261,True,4.29451,1.50209,0.2334,1.82532,0.433877,True,0.0993973,0.00971521,0.912797,1.69578,2020-07-05,12,ok,
Lafourche Parish,22057,LA,97614,3,False,2020-11-15,2020-11-21,2020-12-24,6,81.0774,2020-11-15,2020-11-21,7,415,True,False,0.213752,0.339974,False,171.756,True,161.63,2.49626,2.37982,4.097,6.45188,False,,,,,2020-11-18,4,ok,
Lafourche Parish,22057,LA,97614,4,False,2020-12-25,2021-01-09,2021-03-05,15,88.1021,2020-12-25,2021-01-07,14,763,False,True,0.0198785,0.0320211,False,9.53743,True,10.0551,1.13915,0.224147,1.20708,0.346945,True,0.0882122,0.0154305,0.844885,1.61749,2021-01-01,8,ok,
Livingston Parish,22063,LA,140789,1,True,2020-11-03,2020-11-21,2021-03-05,18,119.328,2020-11-08,2020-11-21,14,1099,False,True,0.182161,0.0849244,False,66.2931,True,74.0297,2.27513,0.594471,3.51845,1.49898,False,,,,,2020-11-12,5,ok,
Orleans Parish,22071,LA,390144,1,True,2020-03-18,2020-04-04,2020-04-23,17,113.804,2020-03-18,2020-03-31,14,1698,False,True,0.109371,0.0239368,False,10.3291,True,10.1635,1.7656,0.167558,2.34491,0.349324,True,0.129468,0.0093903,0.964484,1.90628,2020-03-26,9,ok,
Orleans Parish,22071,LA,390144,2,False,2020-06-22,2020-07-13,2020-08-24,21,25.9245,2020-06-22,2020-07-05,14,589,False,True,0.0514839,0.0119643,False,1.54418,False,1.53477,1.36039,0.0837501,1.5705,0.145514,True,0.0655972,0.00749735,0.894801,1.45918,2020-07-02,11,ok,
Orleans Parish,22071,LA,390144,3,False,2020-08-25,2020-09-01,2020-09-14,7,17.9421,2020-08-25,2020-09-01,8,359,True,False,0.173904,0.18388,False,57.9136,True,53.571,2.21733,1.28716,3.37414,3.18185,False,,,,,2020-08-28,4,ok,
Orleans Parish,22071,LA,390144,4,False,2020-11-07,2020-12-04,2020-12-23,27,45.5509,2020-11-14,2020-11-27,14,1467,False,True,0.00175287,0.103327,False,191.856,True,259.462,1.01227,0.723287,1.01759,1.04087,True,0.20399,0.0563369,0.723923,2.42793,2020-11-20,7,ok,
Orleans Parish,22071,LA,390144,5,False,2020-12-24,2021-01-05,2021-02-28,12,71.6585,2020-12-24,2021-01-05,13,2454,True,True,0.0518506,0.0177909,False,8.13143,True,8.06675,1.36295,0.124536,1.57496,0.216653,True,0.0668788,0.0111059,0.878827,1.46815,2020-12-30,7,ok,
Ouachita Parish,22073,LA,153279,1,False,2020-03-29,2020-07-13,2020-09-30,106,50.2352,2020-05-10,2020-05-23,14,206,False,True,0.0222362,0.0785765,False,15.4868,True,18.4714,1.15565,0.550036,1.23275,0.859149,True,0.0737376,0.0192009,0.595929,1.51616,2020-05-21,12,ok,
Ouachita Parish,22073,LA,153279,2,True,2020-11-08,2020-11-21,2021-02-11,13,157.509,2020-11-08,2020-11-21,14,1970,False,True,0.0847824,0.0597043,False,78.8716,True,98.6493,1.59348,0.41793,1.99877,0.809641,True,0.108945,0.0758612,0.292025,1.76261,2020-11-14,7,ok,
Rapides Parish,22079,LA,129648,1,False,2020-06-20,2020-07-23,2020-09-02,33,45.0671,2020-06-24,2020-07-07,14,401,False,True,0.0321983,0.0313277,False,4.76028,True,4.99734,1.22539,0.219294,1.34375,0.355642,True,0.0382291,0.00656055,0.755312,1.2676,2020-07-06,13,ok,
Rapides Parish,22079,LA,129648,2,True,2020-11-09,2020-11-21,2021-02-12,12,119.004,2020-11-09,2020-11-21,13,1033,True,True,0.230086,0.0879294,False,54.312,True,58.951,2.6106,0.615506,4.41259,1.72901,True,0.112578,0.0834977,0.266631,1.78805,2020-11-15,7,ok,
St. Charles Parish,22089,LA,53100,1,True,2020-03-28,2020-04-03,2020-05-02,6,66.9895,2020-03-28,2020-04-03,7,187,True,False,0.406674,0.216738,False,24.2362,True,23.2744,3.84672,1.51717,8.53981,5.86933,False,,,,,2020-03-31,4,ok,
St. Charles Parish,22089,LA,53100,2,False,2020-06-15,2020-07-24,2020-10-03,39,61.6088,2020-06-15,2020-06-28,14,76,False,True,0.0689788,0.0659405,False,3.82105,True,4.8938,1.48285,0.461583,1.78971,0.850442,True,0.0624825,0.00851785,0.749336,1.43738,2020-07-04,20,ok,
St. Charles Parish,22089,LA,53100,3,False,2020-11-14,2020-11-21,2021-02-14,7,120.527,2020-11-14,2020-11-21,8,359,True,False,0.231253,0.279005,False,124.307,True,113.985,2.61877,1.95304,4.43558,5.49993,False,,,,,2020-11-17,4,ok,
St. Landry Parish,22097,LA,82124,1,False,2020-03-26,2020-04-09,2020-04-21,14,11.4809,2020-03-26,2020-04-08,14,82,False,True,-8.74301e-16,0.0486531,True,2.37778,True,2.9108,1,0.340572,1,0.486531,True,0.210143,0.0678675,0.615076,2.471,2020-04-02,8,ok,
St. Landry Parish,22097,LA,82124,2,True,2020-06-14,2020-08-01,2020-09-15,48,95.5002,2020-06-15,2020-06-28,14,245,False,True,0.0410974,0.0562542,False,9.30374,True,10.974,1.28768,0.39378,1.44644,0.659642,True,0.0451535,0.0061762,0.708412,1.31607,2020-07-08,24,ok,
St. Landry Parish,22097,LA,82124,3,False,2020-11-02,2020-11-21,2021-02-10,19,135.335,2020-11-02,2020-11-15,14,364,False,True,0.0754925,0.0801487,False,26.7336,True,31.5373,1.52845,0.561041,1.87461,1.05561,True,0.0885512,0.022952,0.650424,1.61986,2020-11-11,10,ok,
St. Martin Parish,22099,LA,53431,1,True,2020-03-26,2020-04-08,2020-05-20,13,21.9241,2020-03-26,2020-04-08,14,111,False,True,0.0819715,0.0586955,False,4.31918,True,5.49909,1.5738,0.410868,1.96082,0.789032,True,0.237384,0.0451563,0.846792,2.66169,2020-04-01,7,ok,
St. Tammany Parish,22103,LA,260419,1,False,2020-03-22,2020-04-04,2020-06-16,13,26.3312,2020-03-22,2020-04-04,14,510,False,True,0.181136,0.0288479,False,3.56415,True,3.41475,2.26795,0.201935,3.50038,0.507946,True,0.160895,0.0171773,0.946083,2.12626,2020-03-28,7,ok,
St. Tammany Parish,22103,LA,260419,2,False,2020-06-17,2020-07-11,2020-08-25,24,33.1334,2020-06-17,2020-06-30,14,346,False,True,0.0655352,0.0983134,False,38.8854,True,49.1679,1.45875,0.688194,1.74554,1.25374,True,0.111998,0.0174733,0.788801,1.78398,2020-06-29,13,ok,
St. Tammany Parish,22103,LA,260419,3,False,2020-08-26,2020-09-06,2020-09-21,11,18.7061,2020-08-26,2020-09-06,12,502,True,True,0.0616207,0.0306729,False,4.97437,True,5.03205,1.43134,0.21471,1.69595,0.386113,False,,,,,2020-08-31,6,ok,
St. Tammany Parish,22103,LA,260419,4,True,2020-11-15,2021-01-14,2021-03-10,60,114.87,2020-12-05,2020-12-18,14,2130,False,True,0.0443501,0.014185,False,5.12568,True,5.18842,1.31045,0.099295,1.48481,0.168272,True,0.0503432,0.00854837,0.79397,1.3524,2020-12-15,11,ok,
Tangipahoa Parish,22105,LA,134758,1,False,2020-03-26,2020-04-07,2020-04-24,12,26.5025,2020-03-26,2020-04-07,13,233,True,True,0.332468,0.0799807,False,5.71173,True,5.26872,3.32728,0.559865,6.64592,1.91663,True,0.40667,0.0418438,0.949726,3.84669,2020-04-01,7,ok,
Tangipahoa Parish,22105,LA,134758,2,False,2020-06-22,2020-07-17,2020-08-23,25,56.5034,2020-06-24,2020-07-07,14,461,False,True,0.11708,0.0327571,False,5.14606,True,5.72396,1.81956,0.2293,2.45866,0.48865,True,0.0749804,0.00893316,0.886722,1.52486,2020-07-04,11,ok,
Tangipahoa Parish,22105,LA,134758,3,True,2020-11-15,2020-11-21,2020-12-25,6,122.124,2020-11-15,2020-11-21,7,907,True,False,0.175221,0.303827,False,310.657,True,328.99,2.22655,2.12679,3.39697,5.27423,False,,,,,2020-11-18,4,ok,
Terrebonne Parish,22109,LA,110461,1,False,2020-03-21,2020-04-04,2020-05-03,14,19.9165,2020-03-21,2020-04-03,14,95,False,True,0.228123,0.0572609,False,2.13765,True,1.94647,2.59686,0.400826,4.37407,1.12123,True,0.101321,0.0186535,0.831006,1.70925,2020-03-28,8,ok,
Terrebonne Parish,22109,LA,110461,2,True,2020-06-19,2020-07-13,2020-08-22,24,62.8535,2020-06-19,2020-07-02,14,268,False,True,0.183809,0.0705195,False,11.0746,True,11.5265,2.28666,0.493636,3.54759,1.2496,True,0.153104,0.0128834,0.927739,2.07173,2020-07-01,13,ok,
Terrebonne Parish,22109,LA,110461,3,False,2020-11-10,2021-01-05,2021-03-08,56,92.3403,2020-11-14,2020-11-27,14,424,False,True,-0.0831316,0.1045,True,52.1762,True,68.3345,0.418078,0.731498,0.313812,0.680133,True,0.0199386,0.0104771,0.136041,1.13957,2020-12-08,25,ok,
Vermilion Parish,22113,LA,59511,1,True,2020-06-11,2020-07-24,2020-09-12,43,79.6972,2020-06-11,2020-06-24,14,113,False,True,0.102831,0.075108,False,6.87868,True,7.11257,1.71982,0.525756,2.25037,1.07546,True,0.0702284,0.00991442,0.715,1.4916,2020-07-02,22,ok,
Vermilion Parish,22113,LA,59511,2,False,2020-11-09,2021-01-07,2021-02-16,59,81.6176,2020-11-09,2020-11-22,14,295,False,True,0.0932482,0.0937782,False,28.6221,True,34.1811,1.65274,0.656448,2.11508,1.30506,True,0.0269918,0.00613157,0.409015,1.18894,2020-12-08,30,ok,
Androscoggin County,23001,ME,108277,1,False,2020-04-29,2020-05-20,2020-07-02,21,14.1172,2020-04-29,2020-05-12,14,55,False,True,0.0799451,0.0400437,False,0.395196,False,0.411634,1.55962,0.280306,1.93367,0.534891,True,0.0939745,0.00868757,0.928577,1.65782,2020-05-09,11,ok,
Androscoggin County,23001,ME,108277,2,True,2020-11-03,2021-01-11,2021-02-09,69,68.2113,2020-11-04,2020-11-17,14,355,False,True,0.0495865,0.0470056,False,9.32496,True,9.97591,1.34711,0.329039,1.5475,0.567951,True,0.00336523,0.00401399,0.0214926,1.02356,2020-12-07,34,ok,
Aroostook County,23003,ME,67055,1,True,2020-11-19,2021-01-02,2021-02-16,44,58.8003,2020-11-19,2020-12-02,14,71,False,True,-0.0282608,0.052822,True,2.40316,True,2.93208,0.802174,0.369754,0.734164,0.465523,True,0.0685258,0.00897345,0.735237,1.47968,2020-12-11,23,ok,
Cumberland County,23005,ME,295003,1,False,2020-03-12,2020-03-31,2020-04-18,19,6.29534,2020-03-12,2020-03-25,14,87,False,True,0.137869,0.0580377,False,2.86846,True,3.6482,1.96508,0.406264,2.77785,0.916444,True,0.17727,0.0159456,0.946397,2.24089,2020-03-21,9,ok,
Cumberland County,23005,ME,295003,2,False,2020-06-08,2020-06-28,2020-08-01,20,9.29773,2020-06-18,2020-06-28,11,221,True,False,0.0149389,0.0886973,False,17.3629,True,17.8005,1.10457,0.620881,1.15408,0.942625,False,,,,,2020-06-18,1,ok,
Cumberland County,23005,ME,295003,3,True,2020-10-28,2021-01-10,2021-05-21,74,62.9534,2020-10-29,2020-11-11,14,575,False,True,-0.0114347,0.0533428,True,20.0106,True,21.3239,0.919957,0.3734,0.888399,0.50781,True,0.0031172,0.00329626,0.0249151,1.02182,2020-12-04,37,ok,
Hancock County,23009,ME,54987,1,True,2020-10-31,2020-12-14,2021-01-28,44,28.838,2020-10-31,2020-11-13,14,92,False,True,0.174022,0.0512725,False,2.08764,True,2.29514,2.21816,0.358908,3.37619,0.887473,True,0.0500983,0.014545,0.360996,1.35069,2020-11-22,23,ok,
Kennebec County,23011,ME,122302,1,True,2020-10-30,2021-01-13,2021-02-19,75,50.227,2020-10-30,2020-11-12,14,201,False,True,0.0128017,0.0397395,False,3.88065,True,4.02772,1.08961,0.278176,1.13146,0.418761,True,0.0218501,0.00326539,0.554318,1.15295,2020-12-06,38,ok,
Oxford County,23017,ME,57975,1,False,2020-09-05,2020-09-18,2020-09-30,13,13.3062,2020-09-05,2020-09-18,14,60,False,True,0.156945,0.0830536,False,3.80247,True,4.51272,2.09861,0.581375,3.08671,1.378,True,0.0577585,0.0274267,0.470052,1.40431,2020-09-11,7,ok,
Oxford County,23017,ME,57975,2,True,2020-11-08,2020-12-20,2021-02-15,42,70.9665,2020-11-08,2020-11-21,14,91,False,True,0.0605449,0.0519216,False,2.8742,True,3.4924,1.42381,0.363451,1.68243,0.651247,True,0.0204116,0.00668281,0.318081,1.14288,2020-11-29,22,ok,
Penobscot County,23019,ME,152148,1,False,2020-08-07,2020-08-16,2020-09-12,9,4.413,2020-08-07,2020-08-16,10,28,True,False,,,False,,False,,,,,,False,,,,,2020-08-11,1,dropped,< 30 cases in window
Penobscot County,23019,ME,152148,2,True,2020-11-02,2021-01-02,2021-02-01,61,45.5384,2020-11-02,2020-11-15,14,181,False,True,0.103783,0.0480665,False,4.50209,True,4.77098,1.72648,0.336466,2.26402,0.690182,True,0.0476919,0.00346942,0.86695,1.33384,2020-12-02,31,ok,
Somerset County,23025,ME,50484,1,True,2020-10-23,2020-11-01,2020-11-29,9,28.8635,2020-10-23,2020-11-01,10,70,True,False,0.160694,0.0744149,False,2.8201,True,2.79669,2.12486,0.520904,3.14922,1.24639,False,,,,,2020-10-27,5,ok,
York County,23031,ME,207641,1,False,2020-08-17,2020-09-12,2020-10-13,26,18.7136,2020-08-17,2020-08-30,14,141,False,True,0.0767704,0.0249353,False,1.4371,False,1.46963,1.53739,0.174547,1.89147,0.329753,True,0.0646303,0.00737994,0.864705,1.45241,2020-08-30,14,ok,
York County,23031,ME,207641,2,True,2020-11-06,2021-01-02,2021-02-10,57,86.7569,2020-11-08,2020-11-21,14,449,False,True,0.0494868,0.0323654,False,5.59217,True,7.81746,1.34641,0.226558,1.5463,0.390924,True,0.0145539,0.00324649,0.445639,1.10188,2020-12-04,27,ok,
Allegany County,24001,MD,70416,1,False,2020-04-12,2020-04-24,2020-05-05,12,16.6358,2020-04-12,2020-04-24,13,79,True,True,0.193199,0.0841492,False,4.13516,True,3.76559,2.35239,0.589044,3.71583,1.52431,True,0.166624,0.0439164,0.742205,2.16637,2020-04-18,7,ok,
Allegany County,24001,MD,70416,2,True,2020-10-27,2020-12-03,2021-02-07,37,198.413,2020-10-27,2020-11-09,14,473,False,True,0.116611,0.0273341,False,3.68117,True,3.68381,1.81628,0.191338,2.45168,0.407214,True,0.089274,0.00259545,0.985835,1.62492,2020-11-14,19,ok,
Anne Arundel County,24003,MD,579234,1,False,2020-03-25,2020-05-31,2020-06-22,67,13.836,2020-03-25,2020-04-07,14,346,False,True,0.122619,0.0167965,False,1.90514,False,1.98991,1.85833,0.117575,2.54193,0.254466,True,0.0472558,0.00463087,0.764935,1.33079,2020-04-27,34,ok,
Anne Arundel County,24003,MD,579234,2,False,2020-07-02,2020-07-28,2020-08-17,26,13.3427,2020-07-04,2020-07-17,14,702,False,True,0.109218,0.024741,False,4.56389,True,4.64028,1.76453,0.173187,2.34269,0.360902,True,0.0940087,0.00642788,0.955336,1.65806,2020-07-15,12,ok,
Anne Arundel County,24003,MD,579234,3,True,2020-12-28,2021-01-10,2021-02-10,13,71.3751,2020-12-28,2021-01-10,14,4362,False,True,0.0294482,0.0355424,False,66.7897,True,83.0446,1.20614,0.248797,1.31269,0.399384,True,0.0102052,0.0127214,0.114029,1.07144,2021-01-03,7,ok,
Baltimore County,24005,MD,827370,1,False,2020-03-26,2020-07-28,2020-08-14,124,22.4118,2020-03-26,2020-04-08,14,815,False,True,0.12651,0.045554,False,17.1334,True,16.1956,1.88557,0.318878,2.6012,0.697588,True,0.0139998,0.00217421,0.404653,1.098,2020-05-27,63,ok,
Baltimore County,24005,MD,827370,2,True,2020-10-17,2020-11-19,2020-12-26,33,46.3085,2020-10-20,2020-11-02,14,1703,False,True,0.0771513,0.0143269,False,3.98444,True,3.99276,1.54006,0.100288,1.89651,0.189693,True,0.0574275,0.00312445,0.965697,1.40199,2020-11-02,14,ok,
Baltimore County,24005,MD,827370,3,False,2020-12-27,2021-01-10,2021-02-09,14,48.0697,2020-12-27,2021-01-09,14,4246,False,True,0.0172472,0.0375656,False,73.1333,True,93.1188,1.12073,0.262959,1.17872,0.402868,True,0.0146151,0.0122087,0.192797,1.10231,2021-01-03,8,ok,
Calvert County,24009,MD,92525,1,False,2020-03-25,2020-04-11,2020-04-21,17,8.95511,2020-03-25,2020-04-07,14,38,False,True,0.110456,0.0498559,False,1.85512,False,2.11888,1.77319,0.348991,2.36077,0.729847,True,0.18351,0.0102052,0.981782,2.28457,2020-04-02,8,ok,
Calvert County,24009,MD,92525,2,False,2020-07-04,2020-08-03,2020-08-24,30,15.7486,2020-07-04,2020-07-17,14,64,False,True,0.123175,0.0390849,False,1.41755,False,1.82347,1.86222,0.273594,2.55036,0.593048,True,0.0914231,0.0181061,0.645528,1.63996,2020-07-19,16,ok,
Calvert County,24009,MD,92525,3,True,2020-11-03,2021-01-10,2021-02-10,68,65.9281,2020-11-05,2020-11-18,14,172,False,True,0.0537825,0.0221726,False,1.0621,False,1.10719,1.37648,0.155208,1.59857,0.271811,True,0.0261693,0.00165482,0.889712,1.18319,2020-12-07,33,ok,
Carroll County,24013,MD,168447,1,True,2020-10-21,2021-01-10,2021-03-01,81,50.9698,2020-10-21,2020-11-03,14,178,False,True,0.0721197,0.0221011,False,1.91581,False,1.91939,1.50484,0.154707,1.83042,0.287955,True,0.0423394,0.00278428,0.855685,1.29638,2020-11-30,41,ok,
Cecil County,24015,MD,102855,1,False,2020-03-28,2020-04-15,2020-04-22,18,9.02797,2020-03-28,2020-04-10,14,55,False,True,0.127282,0.0424122,False,0.584342,False,0.762809,1.89097,0.296886,2.61303,0.650851,True,0.128544,0.00662259,0.979207,1.89981,2020-04-06,10,ok,
Cecil County,24015,MD,102855,2,False,2020-04-23,2020-05-13,2020-06-17,20,12.3614,2020-04-23,2020-05-06,14,66,False,True,0.0260459,0.0619648,False,3.07869,True,3.40087,1.18232,0.433754,1.27471,0.687434,True,0.0318365,0.0109041,0.486437,1.22286,2020-05-03,11,ok,
Cecil County,24015,MD,102855,3,True,2020-11-07,2020-12-09,2020-12-26,32,60.8346,2020-11-07,2020-11-20,14,356,False,True,0.134287,0.0286187,False,2.88592,True,2.9377,1.94001,0.200331,2.72156,0.447597,True,0.0749916,0.00734175,0.874303,1.52494,2020-11-23,17,ok,
Cecil County,24015,MD,102855,4,False,2020-12-27,2021-01-13,2021-02-14,17,52.3622,2021-01-03,2021-01-13,11,471,True,False,0.0456272,0.0589156,False,16.1431,True,18.9035,1.31939,0.41241,1.49999,0.702059,False,,,,,2021-01-04,2,ok,
Charles County,24017,MD,163257,1,True,2020-03-21,2020-04-11,2020-06-17,21,13.6507,2020-03-21,2020-04-03,14,86,False,True,0.246501,0.0430049,False,0.844597,False,1.19641,2.72551,0.301034,4.74104,0.875281,True,0.264628,0.0110466,0.987949,2.85239,2020-03-31,9,ok,
Frederick County,24021,MD,259547,1,True,2020-11-07,2021-01-10,2021-02-12,64,81.7909,2020-11-07,2020-11-20,14,874,False,True,0.0428152,0.00977315,False,0.953115,False,0.963514,1.29971,0.068412,1.46665,0.115306,True,0.036838,0.0010793,0.974079,1.25787,2020-12-09,33,ok,
Harford County,24025,MD,255441,1,False,2020-03-22,2020-04-29,2020-06-24,38,9.28366,2020-03-22,2020-04-04,14,39,False,True,0.0518436,0.0717191,False,2.3782,True,3.14591,1.36291,0.502034,1.57488,0.873354,True,0.108823,0.00758622,0.927855,1.76176,2020-04-10,18,ok,
Harford County,24025,MD,255441,2,True,2020-10-26,2020-11-19,2021-03-01,24,47.2572,2020-10-26,2020-11-08,14,547,False,True,0.0821042,0.0127241,False,0.156874,False,0.157022,1.57473,0.089069,1.96261,0.171119,True,0.0925788,0.00261672,0.991289,1.64805,2020-11-07,13,ok,
Howard County,24027,MD,325690,1,False,2020-03-24,2020-05-21,2020-06-15,58,14.8257,2020-03-24,2020-04-06,14,188,False,True,0.0745985,0.0514597,False,5.70102,True,7.13189,1.52219,0.360218,1.86285,0.675827,True,0.0363839,0.00437108,0.712186,1.25469,2020-04-22,30,ok,
Howard County,24027,MD,325690,2,False,2020-06-22,2020-07-15,2020-08-28,23,13.3343,2020-06-25,2020-07-08,14,287,False,True,0.0229462,0.0424524,False,6.29542,True,7.54595,1.16062,0.297167,1.24052,0.465437,True,0.0645004,0.0168051,0.677884,1.4515,2020-07-03,9,ok,
Howard County,24027,MD,325690,3,True,2020-11-03,2021-01-10,2021-03-02,68,53.0741,2020-11-03,2020-11-16,14,824,False,True,0.0383705,0.0214198,False,4.54868,True,4.64453,1.26859,0.149939,1.41462,0.248717,True,0.0266771,0.00178773,0.87093,1.18674,2020-12-07,35,ok,
Montgomery County,24031,MD,1050688,1,False,2020-03-26,2020-05-21,2020-08-19,56,25.9014,2020-03-26,2020-04-08,14,961,False,True,0.0992441,0.0233968,False,5.72525,True,5.86583,1.69471,0.163778,2.19928,0.331492,True,0.0535521,0.00492314,0.814207,1.37486,2020-04-23,29,ok,
Montgomery County,24031,MD,1050688,2,True,2020-12-21,2021-01-10,2021-02-12,20,54.6173,2020-12-21,2021-01-03,14,5795,False,True,0.00369798,0.00870958,False,5.38408,True,5.3928,1.02589,0.0609671,1.03727,0.0884485,True,0.00419469,0.00193366,0.343348,1.02936,2020-12-31,11,ok,
Prince George's County,24033,MD,909327,1,True,2020-03-28,2020-05-04,2020-06-29,37,38.8513,2020-03-28,2020-04-10,14,1568,False,True,0.145978,0.0157644,False,3.71604,True,3.86601,2.02184,0.11035,2.90728,0.254296,True,0.0902986,0.00848539,0.869477,1.63209,2020-04-15,19,ok,
Prince George's County,24033,MD,909327,2,False,2020-12-28,2021-01-10,2021-02-10,13,65.3387,2020-12-28,2021-01-10,14,6497,False,True,0.0232266,0.0374256,False,110.744,True,138.838,1.16259,0.261979,1.24359,0.410765,True,0.0105528,0.0120366,0.133247,1.07387,2021-01-03,7,ok,
Queen Anne's County,24035,MD,50381,1,True,2020-12-16,2021-01-10,2021-02-21,25,75.9924,2020-12-18,2020-12-31,14,278,False,True,0.0372079,0.0393658,False,5.1889,True,5.44837,1.26046,0.275561,1.40115,0.455177,True,0.0216356,0.00983534,0.349667,1.15145,2020-12-28,11,ok,
St. Mary's County,24037,MD,113510,1,False,2020-03-27,2020-05-31,2020-06-22,65,17.1162,2020-03-27,2020-04-09,14,61,False,True,0.0717274,0.0582888,False,2.38532,True,2.65668,1.50209,0.408021,1.82532,0.758486,True,0.00712543,0.0088163,0.0206363,1.04988,2020-04-28,33,ok,
St. Mary's County,24037,MD,113510,2,True,2020-12-21,2021-01-10,2021-05-11,20,55.5017,2020-12-22,2021-01-04,14,467,False,True,0.0437778,0.029879,False,4.98917,True,5.11979,1.30644,0.209153,1.47802,0.353727,True,0.0225197,0.00626126,0.617884,1.15764,2020-12-31,10,ok,
Wicomico County,24045,MD,103609,1,False,2020-04-09,2020-05-14,2020-06-17,35,34.0566,2020-04-09,2020-04-22,14,163,False,True,0.0924967,0.0483483,False,4.21059,True,4.48441,1.64748,0.338438,2.10464,0.67131,True,0.0837784,0.00826339,0.865308,1.58645,2020-04-26,18,ok,
Wicomico County,24045,MD,103609,2,True,2020-12-10,2021-01-10,2021-03-01,31,70.0436,2020-12-14,2020-12-27,14,559,False,True,0.0168865,0.0121055,False,1.63605,False,1.64564,1.11821,0.0847388,1.17485,0.129641,True,0.0147287,0.00399263,0.576426,1.1031,2020-12-25,12,ok,
Worcester County,24047,MD,52276,1,False,2020-07-09,2020-08-02,2020-08-18,24,40.4447,2020-07-09,2020-07-22,14,129,False,True,0.0700295,0.0675383,False,6.79192,True,7.75657,1.49021,0.472768,1.80328,0.874029,True,0.0938692,0.0183135,0.704877,1.65708,2020-07-21,13,ok,
Worcester County,24047,MD,52276,2,True,2020-11-10,2021-01-10,2021-02-15,61,84.9885,2020-11-24,2020-12-07,14,180,False,True,0.0712845,0.0431919,False,3.86772,True,4.03317,1.49899,0.302343,1.81956,0.561233,True,0.0761616,0.00813412,0.853901,1.53313,2020-12-10,17,ok,
Barnstable County,25001,MA,212990,1,False,2020-03-15,2020-03-30,2020-06-04,15,14.4876,2020-03-15,2020-03-28,14,132,False,True,0.357348,0.0469904,False,0.842007,False,1.14506,3.50144,0.328933,7.25513,1.17516,False,,,,,2020-03-22,6,ok,
Barnstable County,25001,MA,212990,2,True,2020-11-07,2021-01-05,2021-02-19,59,71.7002,2020-11-07,2020-11-20,14,377,False,True,0.0883509,0.0230829,False,2.23962,True,2.23209,1.61846,0.16158,2.04743,0.316483,True,0.0500664,0.0044156,0.821158,1.35046,2020-12-06,30,ok,
Berkshire County,25003,MA,124944,1,False,2020-03-21,2020-03-30,2020-06-04,9,16.0072,2020-03-21,2020-03-30,10,142,True,False,0.172866,0.107889,False,11.7992,True,11.108,2.21006,0.755221,3.35619,1.8622,False,,,,,2020-03-25,5,ok,
Berkshire County,25003,MA,124944,2,True,2020-11-07,2021-01-07,2021-02-17,61,82.5513,2020-11-07,2020-11-20,14,372,False,True,0.0215461,0.026072,False,3.08006,True,3.17774,1.15082,0.182504,1.22521,0.284313,True,0.0351797,0.0022604,0.893076,1.24626,2020-12-07,31,ok,
Bristol County,25005,MA,565217,1,False,2020-03-25,2020-04-26,2020-06-15,32,38.4429,2020-03-25,2020-04-07,14,737,False,True,0.0741134,0.017609,False,2.61923,True,2.61655,1.51879,0.123263,1.85648,0.230903,True,0.0818013,0.00563514,0.933547,1.57261,2020-04-10,17,ok,
Bristol County,25005,MA,565217,2,True,2020-10-23,2021-01-07,2021-02-27,76,178.313,2020-10-23,2020-11-05,14,2106,False,True,0.013305,0.0189532,False,9.24741,True,9.29902,1.09313,0.132673,1.13677,0.200124,True,0.0227015,0.00218237,0.745191,1.15891,2020-11-30,39,ok,
Essex County,25009,MA,789034,1,False,2020-03-24,2020-04-26,2020-06-16,33,47.0195,2020-03-24,2020-04-06,14,1580,False,True,0.0778182,0.0164603,False,4.87353,True,4.89717,1.54473,0.115222,1.90535,0.218401,True,0.0887985,0.00478801,0.958212,1.62159,2020-04-09,17,ok,
Essex County,25009,MA,789034,2,True,2020-10-21,2021-01-07,2021-02-28,78,178.03,2020-10-21,2020-11-03,14,2409,False,True,0.0241336,0.0168833,False,8.352,True,8.38265,1.16894,0.118183,1.25357,0.185946,True,0.0292896,0.00147121,0.912513,1.20503,2020-11-29,40,ok,
Franklin County,25011,MA,70180,1,False,2020-03-20,2020-03-30,2020-05-10,10,14.0455,2020-03-20,2020-03-30,11,48,True,False,0.241105,0.102282,False,3.6385,True,3.81114,2.68774,0.715972,4.63182,2.05856,False,,,,,2020-03-25,4,ok,
Franklin County,25011,MA,70180,2,True,2020-11-07,2020-12-12,2021-02-25,35,44.5792,2020-11-07,2020-11-20,14,71,False,True,-0.00402441,0.0339114,True,1.21906,False,1.25932,0.971829,0.23738,0.960096,0.333382,True,0.0150952,0.00448652,0.414355,1.10567,2020-11-24,18,ok,
Hampden County,25013,MA,466372,1,False,2020-03-25,2020-04-26,2020-06-06,32,31.2442,2020-03-25,2020-04-07,14,973,False,True,0.0952932,0.0401172,False,17.1977,True,17.8322,1.66705,0.280821,2.14363,0.561734,True,0.0917769,0.0101249,0.845624,1.64244,2020-04-10,17,ok,
Hampden County,25013,MA,466372,2,True,2020-10-23,2021-01-07,2021-02-09,76,153.587,2020-10-23,2020-11-05,14,1507,False,True,0.0161324,0.0300544,False,16.6219,True,17.0219,1.11293,0.210381,1.16679,0.320908,True,0.0283378,0.00204938,0.837861,1.19836,2020-11-30,39,ok,
Hampshire County,25015,MA,160830,1,False,2020-03-24,2020-04-26,2020-06-04,33,15.3667,2020-03-24,2020-04-06,14,141,False,True,0.13232,0.0477351,False,3.19915,True,3.19538,1.92624,0.334146,2.69088,0.742637,True,0.075847,0.0169022,0.573097,1.53093,2020-04-09,17,ok,
Hampshire County,25015,MA,160830,2,False,2020-08-18,2020-08-24,2020-09-04,6,6.57305,2020-08-18,2020-08-24,7,60,True,False,0.179657,0.44269,False,43.4644,True,32.174,2.2576,3.09883,3.47438,7.76727,False,,,,,2020-08-21,4,ok,
Hampshire County,25015,MA,160830,3,False,2020-09-21,2020-10-01,2020-10-12,10,10.3037,2020-09-21,2020-10-01,11,65,True,False,0.369253,0.0549538,False,1.66071,False,1.72562,3.58477,0.384677,7.55582,1.4018,False,,,,,2020-09-26,6,ok,
Hampshire County,25015,MA,160830,4,True,2020-11-04,2021-01-07,2021-01-26,64,78.1659,2020-11-04,2020-11-17,14,381,False,True,0.0523206,0.0148837,False,1.09844,False,1.11128,1.36624,0.104186,1.58069,0.181543,True,0.0157104,0.00263648,0.533889,1.10997,2020-12-06,33,ok,
Middlesex County,25017,MA,1611699,1,True,2020-10-21,2021-01-07,2021-05-02,78,103.148,2020-10-21,2020-11-03,14,2752,False,True,0.0310603,0.0118531,False,4.68086,True,4.68684,1.21742,0.0829717,1.33086,0.133994,True,0.0361597,0.00169704,0.922765,1.25312,2020-11-29,40,ok,
Norfolk County,25021,MA,706775,1,False,2020-03-22,2020-04-22,2020-06-12,31,30.5816,2020-03-22,2020-04-04,14,1130,False,True,0.0744604,0.0325672,False,13.728,True,15.7353,1.52122,0.227971,1.86104,0.427521,True,0.0957761,0.00981135,0.871903,1.67043,2020-04-06,16,ok,
Norfolk County,25021,MA,706775,2,True,2020-11-03,2021-01-05,2021-04-29,63,111.674,2020-11-03,2020-11-16,14,1770,False,True,0.0479014,0.0148996,False,4.68065,True,4.7221,1.33531,0.104297,1.5272,0.178972,True,0.028871,0.00261132,0.802939,1.2021,2020-12-04,32,ok,
Plymouth County,25023,MA,521202,1,False,2020-03-24,2020-04-25,2020-06-07,32,46.623,2020-03-24,2020-04-06,14,1035,False,True,0.0971617,0.0146318,False,2.42319,True,2.40727,1.68013,0.102423,2.16987,0.206028,True,0.0973904,0.006275,0.941379,1.68173,2020-04-09,17,ok,
Plymouth County,25023,MA,521202,2,True,2020-11-03,2021-01-05,2021-05-04,63,133.209,2020-11-03,2020-11-16,14,1350,False,True,0.0417767,0.0142593,False,3.29166,True,3.32405,1.29244,0.0998152,1.45442,0.167613,True,0.0311325,0.00295195,0.787576,1.21793,2020-12-04,32,ok,
Suffolk County,25025,MA,803907,1,False,2020-03-23,2020-04-24,2020-06-09,32,63.4224,2020-03-23,2020-04-05,14,2532,False,True,0.106708,0.0246771,False,16.4804,True,16.9913,1.74696,0.17274,2.3062,0.357367,True,0.100533,0.00849216,0.903318,1.70373,2020-04-08,17,ok,
Suffolk County,25025,MA,803907,2,False,2020-08-16,2020-08-24,2020-09-23,8,20.2049,2020-08-16,2020-08-24,9,887,True,False,0.278077,0.349628,False,540.28,True,348.553,2.94654,2.4474,5.40463,7.57967,False,,,,,2020-08-20,3,ok,
Suffolk County,25025,MA,803907,3,True,2020-10-22,2021-01-07,2021-02-10,77,134.877,2020-10-22,2020-11-04,14,2687,False,True,-0.00457267,0.0202802,True,13.5344,True,13.6726,0.967991,0.141962,0.954712,0.198908,True,0.0139158,0.0017963,0.618616,1.09741,2020-11-29,39,ok,
Worcester County,25027,MA,830622,1,False,2020-03-24,2020-04-26,2020-06-12,33,31.7146,2020-03-24,2020-04-06,14,1035,False,True,0.0971617,0.0194829,False,4.29633,True,4.28948,1.68013,0.13638,2.16987,0.274334,True,0.0916159,0.00573047,0.944568,1.64131,2020-04-09,17,ok,
Worcester County,25027,MA,830622,2,False,2020-09-28,2020-10-17,2020-10-18,19,41.8447,2020-10-06,2020-10-17,12,2595,True,True,0.343567,0.132193,False,161.003,True,99.2642,3.40497,0.925352,6.91446,3.22945,False,,,,,2020-10-07,2,ok,
Worcester County,25027,MA,830622,3,True,2020-10-29,2021-01-05,2021-02-10,68,110.588,2020-10-31,2020-11-13,14,3016,False,True,0.0776427,0.0166062,False,9.47155,True,9.49668,1.5435,0.116243,1.90302,0.220214,True,0.0278608,0.00333937,0.691873,1.19503,2020-12-02,33,ok,
Allegan County,26005,MI,118081,1,True,2020-10-12,2020-11-14,2020-12-22,33,91.9466,2020-10-12,2020-10-25,14,300,False,True,0.0209901,0.0165403,False,0.760828,False,0.763867,1.14693,0.115782,1.21915,0.179984,True,0.0512111,0.00436115,0.901889,1.35848,2020-10-28,17,ok,
Barry County,26015,MI,61550,1,True,2020-10-03,2020-11-30,2021-02-06,58,111.872,2020-10-04,2020-10-17,14,168,False,True,0.0586326,0.0225091,False,1.65056,False,1.72963,1.41043,0.157564,1.65852,0.280521,True,0.0442431,0.00319432,0.876621,1.3097,2020-11-01,29,ok,
Bay County,26017,MI,103126,1,False,2020-03-29,2020-06-03,2020-06-08,66,9.55835,2020-03-29,2020-04-11,14,49,False,True,0.0530805,0.0677921,False,2.66554,True,3.10542,1.37156,0.474545,1.58997,0.829055,True,0.0330088,0.00402301,0.677817,1.23106,2020-05-01,34,ok,
Bay County,26017,MI,103126,2,False,2020-08-01,2020-08-11,2020-09-02,10,13.4371,2020-08-01,2020-08-11,11,111,True,False,0.0906698,0.0739759,False,5.7814,True,4.61124,1.63469,0.517831,2.07934,1.02147,False,,,,,2020-08-06,6,ok,
Bay County,26017,MI,103126,3,True,2020-10-23,2020-11-11,2021-01-23,19,125.782,2020-10-23,2020-11-05,14,604,False,True,0.109075,0.0124831,False,1.65177,False,1.68397,1.76353,0.0873814,2.3406,0.182018,True,0.116035,0.00438045,0.988727,1.81225,2020-11-01,10,ok,
Berrien County,26021,MI,153401,1,False,2020-03-24,2020-06-03,2020-06-23,71,16.2972,2020-03-24,2020-04-06,14,55,False,True,0.00519538,0.0385321,False,0.801718,False,0.832946,1.03637,0.269725,1.05252,0.393729,True,0.0317633,0.00217419,0.862587,1.22234,2020-04-28,36,ok,
Berrien County,26021,MI,153401,2,False,2020-06-24,2020-07-20,2020-08-01,26,12.1996,2020-06-24,2020-07-07,14,85,False,True,0.10155,0.0731309,False,4.92053,True,5.51867,1.71085,0.511916,2.23205,1.04322,True,0.110526,0.0145008,0.828806,1.77368,2020-07-07,14,ok,
Berrien County,26021,MI,153401,3,True,2020-10-12,2020-11-18,2020-12-22,37,110.076,2020-10-12,2020-10-25,14,514,False,True,0.0494026,0.0364415,False,8.11653,True,8.30468,1.34582,0.25509,1.54528,0.440027,True,0.0400953,0.00305648,0.910094,1.28067,2020-10-30,19,ok,
Berrien County,26021,MI,153401,4,False,2020-12-23,2021-01-05,2021-02-07,13,51.7784,2020-12-26,2021-01-05,11,636,True,False,-0.0149439,0.109273,True,75.8386,True,85.1199,0.895393,0.76491,0.855251,1.02414,False,,,,,2020-12-29,4,ok,
Calhoun County,26025,MI,134159,1,False,2020-03-28,2020-04-16,2020-05-05,19,7.13439,2020-03-28,2020-04-10,14,56,False,True,0.0621883,0.0390882,False,0.876616,False,1.10835,1.43532,0.273617,1.7031,0.492976,True,0.0837714,0.010116,0.895528,1.5864,2020-04-06,10,ok,
Calhoun County,26025,MI,134159,2,False,2020-05-06,2020-06-03,2020-06-09,28,10.2224,2020-05-06,2020-05-19,14,62,False,True,0.0184588,0.0363615,False,1.29233,False,1.33616,1.12921,0.25453,1.19174,0.391805,True,0.0461688,0.00556093,0.841326,1.32318,2020-05-20,15,ok,
Calhoun County,26025,MI,134159,3,True,2020-12-31,2021-04-14,2021-05-27,104,71.5569,2021-02-16,2021-03-01,14,333,False,True,0.0266753,0.0157253,False,1.34543,False,1.36222,1.18673,0.110077,1.2817,0.174871,False,,,,,2021-02-21,6,ok,
Clinton County,26037,MI,79595,1,False,2020-03-23,2020-04-04,2020-04-11,12,8.79452,2020-03-23,2020-04-04,13,52,True,True,0.184426,0.0486363,False,1.87534,False,1.95778,2.29098,0.340454,3.55854,0.863096,False,,,,,2020-03-29,6,ok,
Clinton County,26037,MI,79595,2,True,2020-09-19,2020-11-13,2020-12-21,55,91.8938,2020-09-27,2020-10-10,14,112,False,True,-0.0255783,0.0271057,True,1.48884,False,1.52825,0.820952,0.18974,0.757956,0.241938,True,0.0284998,0.00599002,0.557058,1.1995,2020-10-16,20,ok,
Clinton County,26037,MI,79595,3,False,2020-12-22,2021-01-05,2021-02-11,14,70.1767,2020-12-22,2021-01-04,14,534,False,True,0.135614,0.0137832,False,1.20251,False,1.1484,1.9493,0.0964822,2.74235,0.216338,True,0.0968383,0.0178681,0.830375,1.67787,2020-12-29,8,ok,
Eaton County,26045,MI,110268,1,False,2020-06-01,2020-06-06,2020-06-09,5,8.16193,2020-06-01,2020-06-06,6,,True,False,,,False,,False,,,,,,False,,,,,2020-06-03,3,dropped,rise too short
Eaton County,26045,MI,110268,2,True,2020-10-05,2020-11-30,2020-12-22,56,79.0282,2020-10-05,2020-10-18,14,196,False,True,0.0351619,0.0205629,False,0.585395,False,0.589222,1.24613,0.14394,1.37758,0.235996,True,0.0436967,0.00159892,0.965111,1.30588,2020-11-02,29,ok,
Eaton County,26045,MI,110268,3,False,2020-12-23,2021-01-05,2021-02-02,13,52.4696,2020-12-25,2021-01-05,12,533,True,True,0.0330687,0.0359691,False,7.60021,True,7.62068,1.23148,0.251783,1.35365,0.409647,False,,,,,2020-12-29,5,ok,
Genesee County,26049,MI,405813,1,True,2020-09-22,2020-11-30,2021-02-12,69,83.9232,2020-09-22,2020-10-05,14,634,False,True,0.0316749,0.0238234,False,4.35417,True,4.53095,1.22172,0.166764,1.33782,0.269927,True,0.0308023,0.0015075,0.926748,1.21562,2020-10-26,35,ok,
Grand Traverse County,26055,MI,93088,1,False,2020-07-01,2020-08-25,2020-09-19,55,12.4306,2020-07-01,2020-07-14,14,51,False,True,0.0394648,0.0680719,False,2.84042,True,3.4955,1.27625,0.476504,1.42735,0.79355,True,0.0265276,0.00357341,0.679448,1.18569,2020-07-28,28,ok,
Grand Traverse County,26055,MI,93088,2,True,2020-10-05,2020-12-05,2020-12-27,61,58.3166,2020-10-07,2020-10-20,14,133,False,True,-0.0107462,0.0370256,True,2.23037,True,2.34502,0.924777,0.259179,0.894963,0.353545,True,0.0389421,0.00414017,0.766176,1.2726,2020-11-04,29,ok,
Grand Traverse County,26055,MI,93088,3,False,2020-12-28,2021-04-10,2021-05-25,103,58.47,2021-02-15,2021-02-28,14,157,False,True,0.0842527,0.0383967,False,2.60252,True,2.58383,1.58977,0.268777,1.9916,0.519839,False,,,,,2021-02-17,3,ok,
Ingham County,26065,MI,292406,1,True,2020-08-13,2020-09-13,2020-10-03,31,35.0296,2020-08-18,2020-08-31,14,143,False,True,0.0260459,0.0730009,False,9.25816,True,12.4157,1.18232,0.511006,1.27471,0.809867,True,0.0215255,0.00768649,0.465636,1.15068,2020-08-28,11,ok,
Ingham County,26065,MI,292406,2,False,2020-10-26,2020-11-30,2021-02-11,35,66.395,2020-10-26,2020-11-08,14,868,False,True,0.0250807,0.0515402,False,28.0289,True,34.1569,1.17556,0.360782,1.26402,0.569694,True,0.0708558,0.00576835,0.904126,1.49599,2020-11-12,18,ok,
Ionia County,26067,MI,64697,1,True,2020-10-06,2020-11-30,2020-12-22,55,115.263,2020-10-06,2020-10-19,14,180,False,True,0.0612383,0.0217869,False,1.91842,False,2.13578,1.42867,0.152508,1.69114,0.273905,True,0.0409851,0.00202808,0.940147,1.2869,2020-11-02,28,ok,
Ionia County,26067,MI,64697,2,False,2020-12-23,2021-01-05,2021-01-24,13,56.748,2020-12-23,2021-01-05,14,384,False,True,0.0389296,0.0147158,False,0.759373,False,0.763197,1.27251,0.103011,1.42112,0.17122,True,0.0428137,0.00704602,0.880729,1.2997,2020-12-29,7,ok,
Isabella County,26073,MI,69872,1,False,2020-08-16,2020-08-25,2020-09-28,9,39.4599,2020-08-16,2020-08-25,10,130,True,False,0.244368,0.142419,False,16.4763,True,13.9225,2.71058,0.99693,4.69772,2.88589,False,,,,,2020-08-20,5,ok,
Isabella County,26073,MI,69872,2,True,2020-10-23,2020-11-14,2021-01-14,22,93.4362,2020-10-23,2020-11-05,14,329,False,True,0.0375574,0.0158882,False,0.522893,False,0.522226,1.2629,0.111218,1.4052,0.183945,True,0.0639624,0.0060468,0.91796,1.44774,2020-11-03,12,ok,
Jackson County,26075,MI,158510,1,True,2020-10-05,2020-11-30,2021-02-10,56,109.232,2020-10-05,2020-10-18,14,339,False,True,0.029604,0.026043,False,2.78652,True,2.80905,1.20723,0.182301,1.31444,0.292811,True,0.0347938,0.00196572,0.920658,1.24356,2020-11-02,29,ok,
Kalamazoo County,26077,MI,265066,1,False,2020-03-27,2020-05-04,2020-08-18,38,10.6173,2020-03-27,2020-04-09,14,64,False,True,0.0729751,0.0368855,False,1.5705,False,1.926,1.51083,0.258199,1.84158,0.481908,True,0.0406792,0.00710978,0.645226,1.28475,2020-04-15,20,ok,
Kalamazoo County,26077,MI,265066,2,True,2020-09-08,2020-11-11,2021-02-04,64,66.7758,2020-09-08,2020-09-21,14,525,False,True,0.0300422,0.0218786,False,3.04467,True,3.32905,1.2103,0.15315,1.31938,0.246391,True,0.0195321,0.00141548,0.859988,1.13672,2020-10-10,33,ok,
Kent County,26081,MI,656955,1,False,2020-03-28,2020-04-29,2020-06-18,32,16.7004,2020-03-28,2020-04-10,14,205,False,True,0.0321913,0.0394134,False,3.85192,True,4.00084,1.22534,0.275894,1.34367,0.447423,True,0.0412637,0.00490197,0.825295,1.28885,2020-04-13,17,ok,
Kent County,26081,MI,656955,2,False,2020-06-19,2020-07-12,2020-08-18,23,13.1559,2020-06-19,2020-07-02,14,538,False,True,0.0852931,0.012871,False,1.81455,False,1.792,1.59705,0.0900969,2.0057,0.174818,True,0.082842,0.00522841,0.961693,1.57989,2020-06-30,12,ok,
Kent County,26081,MI,656955,3,True,2020-10-07,2020-11-11,2021-01-29,35,110.575,2020-10-07,2020-10-20,14,2047,False,True,0.0466091,0.0159244,False,6.19259,True,6.18636,1.32626,0.111471,1.51171,0.190417,True,0.0388932,0.00263412,0.931627,1.27225,2020-10-24,18,ok,
Lapeer County,26087,MI,87607,1,False,2020-03-29,2020-04-08,2020-04-23,10,11.0885,2020-03-29,2020-04-08,11,60,True,False,0.165163,0.105567,False,5.70456,True,5.033,2.15614,0.738971,3.22448,1.78798,False,,,,,2020-04-03,6,ok,
Lapeer County,26087,MI,87607,2,True,2020-10-12,2020-11-30,2021-01-30,49,104.362,2020-10-12,2020-10-25,14,177,False,True,-0.00484308,0.0214787,True,1.70502,False,1.74377,0.966098,0.150351,0.952062,0.210418,True,0.0242234,0.00276305,0.769674,1.16956,2020-11-05,25,ok,
Lenawee County,26091,MI,98451,1,True,2020-10-09,2021-04-11,2021-05-22,184,86.7727,2020-10-11,2020-10-24,14,170,False,True,0.0134553,0.0219376,False,1.66012,False,1.68841,1.09419,0.153563,1.13836,0.231773,True,0.0179289,0.00161472,0.580754,1.1255,2021-01-09,91,ok,
Livingston County,26093,MI,191995,1,False,2020-03-21,2020-03-30,2020-05-11,9,6.84542,2020-03-21,2020-03-30,10,61,True,False,0.207362,0.0493768,False,1.77873,False,1.90633,2.45154,0.345638,3.9766,0.923801,False,,,,,2020-03-25,5,ok,
Livingston County,26093,MI,191995,2,False,2020-06-02,2020-06-06,2020-06-08,4,9.07762,2020-06-02,2020-06-06,5,,True,False,,,False,,False,,,,,,False,,,,,2020-06-04,3,dropped,rise too short
Livingston County,26093,MI,191995,3,True,2020-10-13,2020-11-30,2020-12-22,48,83.9308,2020-10-13,2020-10-26,14,421,False,True,0.0334055,0.0249155,False,3.15816,True,3.17028,1.23384,0.174408,1.35749,0.284112,True,0.0514153,0.002977,0.928412,1.35991,2020-11-06,25,ok,
Livingston County,26093,MI,191995,4,False,2020-12-23,2021-01-05,2021-02-07,13,48.5876,2020-12-25,2021-01-05,12,691,True,True,0.0782113,0.0325837,False,7.41585,True,7.55047,1.54748,0.228086,1.91057,0.43287,False,,,,,2020-12-29,5,ok,
Macomb County,26099,MI,873972,1,False,2020-03-20,2020-04-04,2020-06-08,15,25.5157,2020-03-20,2020-04-02,14,1277,False,True,0.173698,0.0218023,False,5.246,True,5.45665,2.21589,0.152616,3.37058,0.377078,True,0.163795,0.0094771,0.980309,2.14657,2020-03-27,8,ok,
Macomb County,26099,MI,873972,2,True,2020-10-12,2020-11-30,2020-12-22,49,95.5408,2020-10-20,2020-11-02,14,3304,False,True,0.0689306,0.0146248,False,8.17181,True,8.07956,1.48251,0.102373,1.78909,0.188588,True,0.0599184,0.00362626,0.947921,1.41943,2020-11-05,17,ok,
Marquette County,26103,MI,66699,1,True,2020-09-29,2020-11-11,2021-01-23,43,117.157,2020-09-29,2020-10-12,14,163,False,True,0.0441698,0.0226468,False,0.340736,False,0.342588,1.30919,0.158528,1.48267,0.268481,True,0.0862355,0.00703815,0.88244,1.60365,2020-10-20,22,ok,
Midland County,26111,MI,83156,1,True,2020-10-17,2020-11-11,2020-12-22,25,105.653,2020-10-17,2020-10-30,14,357,False,True,0.0693583,0.0225482,False,2.09741,True,2.08643,1.48551,0.157838,1.7946,0.291166,True,0.0729715,0.00468513,0.956622,1.5108,2020-10-29,13,ok,
Midland County,26111,MI,83156,2,False,2020-12-23,2021-01-05,2021-02-15,13,50.1639,2020-12-25,2021-01-05,12,366,True,True,0.023217,0.0452138,False,8.28433,True,8.40397,1.16252,0.316496,1.24349,0.496226,False,,,,,2020-12-29,5,ok,
Monroe County,26115,MI,150500,1,True,2020-10-12,2020-11-21,2021-02-15,40,93.5928,2020-10-12,2020-10-25,14,283,False,True,0.0171837,0.0322822,False,3.5998,True,3.81852,1.12029,0.225975,1.17804,0.34612,True,0.0480242,0.0036906,0.899112,1.33617,2020-11-01,21,ok,
Montcalm County,26117,MI,63888,1,True,2020-10-12,2020-11-30,2021-01-23,49,100.846,2020-10-12,2020-10-25,14,210,False,True,0.0466692,0.0446571,False,4.99574,True,5.16162,1.32668,0.3126,1.51243,0.534104,True,0.0410427,0.00444769,0.78734,1.2873,2020-11-05,25,ok,
Muskegon County,26121,MI,173566,1,False,2020-03-23,2020-05-15,2020-07-21,53,10.6176,2020-03-23,2020-04-05,14,31,False,True,0.0464889,0.0912633,False,3.08065,True,4.07085,1.32542,0.638843,1.51027,1.09083,True,0.0851928,0.00623047,0.890459,1.59635,2020-04-18,25,ok,
Muskegon County,26121,MI,173566,2,True,2020-10-21,2020-11-14,2021-01-14,24,128.399,2020-10-21,2020-11-03,14,1009,False,True,0.114826,0.0231562,False,5.66272,True,5.76565,1.80378,0.162093,2.42515,0.343237,True,0.113344,0.00560005,0.97385,1.79341,2020-11-02,13,ok,
Oakland County,26125,MI,1257584,1,False,2020-03-18,2020-04-04,2020-05-17,17,24.3664,2020-03-18,2020-03-31,14,1575,False,True,0.148248,0.0271823,False,11.0145,True,12.2049,2.03773,0.190276,2.944,0.441071,True,0.177162,0.00762843,0.987188,2.24013,2020-03-26,9,ok,
Oakland County,26125,MI,1257584,2,False,2020-06-02,2020-06-08,2020-06-09,6,32.3182,2020-06-02,2020-06-08,7,2726,True,False,0.0460275,0.479402,False,2492.81,True,1579.84,1.32219,3.35582,1.50476,5.72078,False,,,,,2020-06-05,4,ok,
Oakland County,26125,MI,1257584,3,True,2020-10-16,2020-11-30,2021-02-08,45,71.4068,2020-10-16,2020-10-29,14,3332,False,True,0.0717873,0.0124982,False,5.98966,True,6.00259,1.50251,0.0874873,1.82609,0.162665,True,0.0520784,0.00284692,0.94095,1.36455,2020-11-07,23,ok,
Ottawa County,26139,MI,291830,1,False,2020-06-23,2020-09-08,2020-09-28,77,22.469,2020-06-26,2020-07-09,14,221,False,True,0.0781705,0.0336801,False,2.85209,True,3.02414,1.54719,0.235761,1.91003,0.447378,True,0.0150294,0.00482993,0.221661,1.10521,2020-07-31,36,ok,
Ottawa County,26139,MI,291830,2,True,2020-10-21,2020-11-11,2020-12-22,21,118.905,2020-10-21,2020-11-03,14,1752,False,True,0.0820958,0.0156337,False,4.83527,True,5.25308,1.57467,0.109436,1.96249,0.210242,True,0.0854817,0.00452283,0.975424,1.59837,2020-10-31,11,ok,
Ottawa County,26139,MI,291830,3,False,2020-12-23,2021-01-05,2021-02-06,13,46.5535,2020-12-25,2021-01-05,12,1099,True,True,0.0167186,0.0324637,False,12.107,True,12.2862,1.11703,0.227246,1.17306,0.347432,False,,,,,2020-12-29,5,ok,
Saginaw County,26145,MI,190539,1,True,2020-10-10,2020-11-11,2020-12-22,32,102.866,2020-10-10,2020-10-23,14,445,False,True,0.0741749,0.034189,False,5.96103,True,5.92121,1.51922,0.239323,1.85729,0.448401,True,0.0734827,0.00304271,0.974927,1.51438,2020-10-26,17,ok,
Saginaw County,26145,MI,190539,2,False,2020-12-23,2021-04-18,2021-05-29,116,76.6247,2021-02-17,2021-03-02,14,331,False,True,0.0408457,0.015865,False,1.92937,False,2.00029,1.28592,0.111055,1.44349,0.185867,False,,,,,2021-02-19,3,ok,
St. Clair County,26147,MI,159128,1,True,2020-10-11,2020-11-30,2021-02-06,50,87.2613,2020-10-11,2020-10-24,14,321,False,True,0.0623882,0.0163287,False,1.42493,False,1.40756,1.43672,0.114301,1.70562,0.206073,True,0.0495255,0.00202601,0.961387,1.34668,2020-11-05,26,ok,
St. Joseph County,26149,MI,60964,1,True,2020-09-25,2020-11-11,2020-12-22,47,89.2799,2020-09-25,2020-10-08,14,127,False,True,0.00675041,0.0253601,False,1.44792,False,1.47546,1.04725,0.177521,1.06846,0.260791,True,0.0382655,0.00349641,0.844826,1.26786,2020-10-18,24,ok,
St. Joseph County,26149,MI,60964,2,False,2020-12-23,2021-01-05,2021-02-05,13,66.0812,2020-12-23,2021-01-05,14,333,False,True,0.0301414,0.0157443,False,1.36561,False,1.36924,1.21099,0.11021,1.32049,0.177374,True,0.00883322,0.00264141,0.691038,1.06183,2020-12-29,7,ok,
Shiawassee County,26155,MI,68122,1,False,2020-03-28,2020-04-19,2020-05-22,22,12.5825,2020-03-28,2020-04-10,14,32,False,True,-5.20417e-17,0.0505076,True,1.23333,False,1.51456,1,0.353553,1,0.505076,True,0.0299476,0.0188286,0.201902,1.20963,2020-04-08,12,ok,
Shiawassee County,26155,MI,68122,2,True,2020-10-18,2020-11-30,2021-02-17,43,89.1258,2020-10-18,2020-10-31,14,176,False,True,0.0558972,0.0558583,False,6.47599,True,7.1686,1.39128,0.391008,1.62459,0.68972,True,0.0655805,0.00414505,0.926013,1.45906,2020-11-08,22,ok,
Van Buren County,26159,MI,75677,1,True,2020-10-12,2020-11-20,2021-02-08,39,92.6872,2020-10-12,2020-10-25,14,194,False,True,0.0415271,0.0207301,False,1.7797,False,1.8178,1.29069,0.145111,1.45149,0.243458,True,0.0608746,0.00410757,0.924254,1.42612,2020-10-31,20,ok,
Washtenaw County,26161,MI,367601,1,False,2020-03-20,2020-03-30,2020-05-18,10,13.4463,2020-03-20,2020-03-30,11,252,True,False,0.215605,0.0546911,False,5.79801,True,5.2584,2.50923,0.382838,4.13224,1.04216,False,,,,,2020-03-25,6,ok,
Washtenaw County,26161,MI,367601,2,False,2020-06-02,2020-06-08,2020-06-09,6,8.27761,2020-06-05,2020-06-08,4,,True,False,,,False,,False,,,,,,False,,,,,2020-06-05,1,dropped,rise too short
Washtenaw County,26161,MI,367601,3,False,2020-06-26,2020-07-15,2020-08-18,19,9.09371,2020-06-26,2020-07-09,14,210,False,True,0.0383234,0.0299545,False,2.26719,True,2.31764,1.26826,0.209681,1.41408,0.347759,True,0.0413694,0.01086,0.644619,1.28959,2020-07-05,10,ok,
Washtenaw County,26161,MI,367601,4,True,2020-09-23,2020-11-30,2020-12-22,68,53.5907,2020-10-04,2020-10-17,14,771,False,True,0.106593,0.0110142,False,0.573244,False,0.571546,1.74615,0.0770993,2.30454,0.159451,True,0.0497606,0.00483109,0.828248,1.34832,2020-10-27,24,ok,
Washtenaw County,26161,MI,367601,5,False,2020-12-23,2021-01-05,2021-02-27,13,39.2506,2020-12-23,2021-01-05,14,1166,False,True,0.0419554,0.0182058,False,4.63367,True,4.61838,1.29369,0.127441,1.45652,0.214139,True,0.0245165,0.00532251,0.809284,1.17162,2020-12-29,7,ok,
Wayne County,26163,MI,1749343,1,True,2020-03-20,2020-04-04,2020-06-10,15,43.3632,2020-03-20,2020-04-02,14,4950,False,True,0.151985,0.0124325,False,7.15093,True,7.22874,2.0639,0.0870278,3.00494,0.203687,True,0.197977,0.010309,0.983992,2.38584,2020-03-27,8,ok,
Wayne County,26163,MI,1749343,2,False,2020-10-23,2020-11-30,2020-12-22,38,66.0738,2020-10-23,2020-11-05,14,5321,False,True,0.0449892,0.0147242,False,13.7871,True,13.9903,1.31492,0.10307,1.4924,0.175065,True,0.0541482,0.00416037,0.903947,1.37904,2020-11-11,20,ok,
Anoka County,27003,MN,356921,1,False,2020-04-20,2020-05-21,2020-05-29,31,13.7285,2020-04-20,2020-05-03,14,188,False,True,0.068132,0.0406074,False,3.58955,True,3.82997,1.47692,0.284252,1.7788,0.522274,True,0.0952652,0.00593516,0.94846,1.66686,2020-05-05,16,ok,
Anoka County,27003,MN,356921,2,True,2020-10-12,2020-11-13,2020-12-25,32,167.864,2020-10-21,2020-11-03,14,2360,False,True,0.0424402,0.0515936,False,75.2821,True,102.034,1.29708,0.361155,1.46223,0.607901,True,0.0998506,0.0164987,0.859245,1.69895,2020-10-28,8,ok,
Blue Earth County,27013,MN,67653,1,False,2020-06-17,2020-06-29,2020-07-14,12,33.997,2020-06-17,2020-06-29,13,213,True,True,0.107815,0.0543375,False,6.19974,True,6.9421,1.75471,0.380362,2.32226,0.789427,True,0.236052,0.0224087,0.956883,2.65236,2020-06-23,7,ok,
Blue Earth County,27013,MN,67653,2,False,2020-08-21,2020-08-31,2020-09-08,10,46.4555,2020-08-21,2020-08-31,11,225,True,False,0.112577,0.0498893,False,5.19218,True,5.34399,1.78804,0.349225,2.39191,0.73478,False,,,,,2020-08-26,6,ok,
Blue Earth County,27013,MN,67653,3,True,2020-10-25,2020-11-17,2020-12-22,23,157.104,2020-10-26,2020-11-08,14,490,False,True,0.085241,0.0377612,False,7.84019,True,8.7728,1.59669,0.264328,2.005,0.512801,True,0.0822921,0.00942328,0.894444,1.57604,2020-11-05,11,ok,
Blue Earth County,27013,MN,67653,4,False,2020-12-23,2021-01-06,2021-01-23,14,40.3319,2020-12-23,2021-01-05,14,286,False,True,0.0321024,0.0430492,False,6.41153,True,6.83393,1.22472,0.301345,1.34267,0.488536,True,0.00503233,0.0088884,0.0507151,1.03523,2020-12-30,8,ok,
Carver County,27019,MN,105089,1,False,2020-04-30,2020-07-10,2020-07-27,71,16.1768,2020-04-30,2020-05-13,14,79,False,True,0.0624591,0.0782396,False,5.6497,True,6.50681,1.43721,0.547677,1.70652,0.987641,True,0.0171643,0.00627949,0.180159,1.12015,2020-06-04,36,ok,
Carver County,27019,MN,105089,2,True,2020-10-25,2020-11-17,2020-12-24,23,136.211,2020-10-27,2020-11-09,14,549,False,True,0.0695159,0.0355966,False,8.03649,True,9.07111,1.48661,0.249176,1.79664,0.459896,True,0.0579571,0.0103221,0.797605,1.4057,2020-11-05,10,ok,
Chisago County,27025,MN,56579,1,True,2020-09-30,2020-11-13,2021-01-31,44,169.169,2020-10-01,2020-10-14,14,195,False,True,0.0190759,0.0342364,False,2.78748,True,3.37651,1.13353,0.239655,1.1984,0.369794,True,0.0457846,0.00357466,0.891332,1.32049,2020-10-22,22,ok,
Clay County,27027,MN,64222,1,False,2020-04-07,2020-04-25,2020-07-07,18,18.0179,2020-04-07,2020-04-20,14,43,False,True,0.00664572,0.0672206,False,2.37889,True,3.21627,1.04652,0.470544,1.06738,0.690969,True,-0.00121207,0.0229867,0.000347422,0.991516,2020-04-16,10,ok,
Clay County,27027,MN,64222,2,True,2020-09-30,2020-11-24,2020-12-25,55,154.598,2020-10-04,2020-10-17,14,462,False,True,0.0948666,0.0585775,False,17.4267,True,19.2058,1.66407,0.410043,2.13766,0.819171,True,0.0431844,0.00435051,0.817474,1.30229,2020-10-27,24,ok,
Crow Wing County,27035,MN,65055,1,True,2020-09-23,2020-11-13,2020-12-23,51,174.797,2020-10-11,2020-10-24,14,274,False,True,-0.0292994,0.0732491,True,17.821,True,23.4903,0.794905,0.512744,0.725034,0.642353,True,0.096014,0.0197959,0.796779,1.6721,2020-10-18,8,ok,
Dakota County,27037,MN,429021,1,False,2020-04-29,2020-05-18,2020-05-29,19,12.2205,2020-04-29,2020-05-12,14,352,False,True,0.163514,0.0405547,False,5.19597,True,6.18909,2.1446,0.283883,3.19661,0.68406,True,0.195423,0.0140522,0.960279,2.36796,2020-05-08,10,ok,
Dakota County,27037,MN,429021,2,False,2020-07-01,2020-08-30,2020-09-14,60,21.8771,2020-07-01,2020-07-14,14,601,False,True,0.0573296,0.0427887,False,12.9509,True,17.9014,1.40131,0.299521,1.64232,0.530916,True,0.0241821,0.00257362,0.752745,1.16927,2020-07-31,31,ok,
Dakota County,27037,MN,429021,3,True,2020-10-12,2020-11-14,2021-01-22,33,119.042,2020-10-21,2020-11-03,14,1863,False,True,0.0371686,0.0557214,False,69.6729,True,93.5996,1.26018,0.39005,1.4007,0.6442,True,0.0710373,0.0145806,0.79823,1.49726,2020-10-28,8,ok,
Hennepin County,27053,MN,1265843,1,True,2020-09-15,2020-11-13,2021-05-17,59,102.913,2020-09-16,2020-09-29,14,2539,False,True,0.0317511,0.0138312,False,5.87715,True,5.92568,1.22226,0.0968185,1.33868,0.156757,True,0.0186957,0.00141033,0.866816,1.13087,2020-10-14,29,ok,
Olmsted County,27109,MN,158293,1,True,2020-09-23,2020-11-17,2021-02-22,55,122.919,2020-10-11,2020-10-24,14,415,False,True,-0.0352903,0.0752653,True,28.3638,True,38.0447,0.752968,0.526857,0.673251,0.641095,True,0.0322453,0.0162029,0.33113,1.22572,2020-10-20,10,ok,
Otter Tail County,27111,MN,58746,1,True,2020-10-12,2020-11-13,2021-01-21,32,191.867,2020-10-13,2020-10-26,14,299,False,True,-0.0394266,0.0754295,True,20.4478,True,27.6763,0.724014,0.528007,0.638378,0.62939,True,0.0142371,0.00680525,0.23817,1.09966,2020-10-28,16,ok,
Ramsey County,27123,MN,550321,1,False,2020-04-24,2020-05-23,2020-07-01,29,21.5718,2020-04-24,2020-05-07,14,482,False,True,0.129037,0.0223408,False,2.4191,True,2.46015,1.90326,0.156385,2.64003,0.344485,True,0.120873,0.00478782,0.980011,1.84611,2020-05-08,15,ok,
Ramsey County,27123,MN,550321,2,True,2020-10-09,2020-11-13,2021-01-22,35,102.797,2020-10-11,2020-10-24,14,1739,False,True,-0.029846,0.0712684,True,107.028,True,143.361,0.791078,0.498879,0.720246,0.623347,True,0.0190257,0.00679537,0.358942,1.13318,2020-10-26,16,ok,
Rice County,27131,MN,66972,1,False,2020-04-28,2020-06-09,2020-06-29,42,34.3427,2020-04-28,2020-05-11,14,116,False,True,0.283702,0.0641157,False,2.47968,True,2.53974,2.98592,0.44881,5.52725,1.40513,True,0.134777,0.0171643,0.764436,1.94344,2020-05-19,21,ok,
Rice County,27131,MN,66972,2,True,2020-10-25,2020-11-17,2021-02-02,23,190.271,2020-10-25,2020-11-07,14,446,False,True,0.0899855,0.0409979,False,8.3293,True,8.7881,1.6299,0.286985,2.0699,0.564926,True,0.0805008,0.0135307,0.779718,1.56351,2020-11-05,12,ok,
St. Louis County,27137,MN,199070,1,True,2020-09-15,2020-11-22,2021-02-01,68,125.082,2020-09-15,2020-09-28,14,498,False,True,0.0114806,0.0208286,False,2.64232,True,2.67717,1.08036,0.1458,1.11757,0.218329,True,0.0168932,0.00192721,0.699553,1.11825,2020-10-19,35,ok,
Scott County,27139,MN,149013,1,True,2020-10-09,2020-11-17,2021-01-26,39,159.622,2020-10-11,2020-10-24,14,459,False,True,-0.0420056,0.0817445,True,36.7716,True,49.546,0.705961,0.572211,0.616998,0.673228,True,0.0460521,0.00700889,0.729601,1.32236,2020-10-28,18,ok,
Sherburne County,27141,MN,97238,1,True,2020-10-12,2020-11-14,2021-01-15,33,191.724,2020-10-21,2020-11-03,14,574,False,True,0.0927202,0.0603607,False,23.0994,True,30.0515,1.64904,0.422525,2.10774,0.838667,True,0.11446,0.0140493,0.917097,1.80122,2020-10-28,8,ok,
Stearns County,27145,MN,161075,1,False,2020-04-26,2020-05-04,2020-05-28,8,79.2887,2020-04-26,2020-05-04,9,690,True,False,0.206055,0.0854725,False,28.4676,True,30.7463,2.44238,0.598308,3.95218,1.59443,False,,,,,2020-04-30,5,ok,
Stearns County,27145,MN,161075,2,False,2020-06-23,2020-06-30,2020-08-14,7,16.7624,2020-06-23,2020-06-30,8,128,True,False,0.413645,0.0969266,False,3.89862,True,3.94737,3.89552,0.678486,8.72961,2.65318,False,,,,,2020-06-26,4,ok,
Stearns County,27145,MN,161075,3,True,2020-10-03,2020-11-13,2021-01-11,41,203.543,2020-10-03,2020-10-16,14,888,False,True,0.0520483,0.0657569,False,45.5091,True,53.9603,1.36434,0.460298,1.57737,0.801315,True,0.0412989,0.00590775,0.720048,1.28909,2020-10-23,21,ok,
Washington County,27163,MN,262440,1,True,2020-09-21,2020-11-14,2021-01-27,54,124.981,2020-09-21,2020-10-04,14,559,False,True,0.0117623,0.0120947,False,1.23845,False,1.25868,1.08234,0.0846627,1.12053,0.126922,True,0.0397284,0.0028755,0.880122,1.2781,2020-10-18,28,ok,
Winona County,27169,MN,50484,1,True,2020-08-24,2020-11-13,2021-02-07,81,127.056,2020-09-22,2020-10-05,14,149,False,True,0.0523519,0.0359507,False,2.28158,True,2.38973,1.36646,0.251655,1.58107,0.438554,True,0.0701473,0.00720707,0.90452,1.49103,2020-10-03,12,ok,
Wright County,27171,MN,138377,1,True,2020-09-29,2020-11-13,2021-01-24,45,160.431,2020-10-02,2020-10-15,14,440,False,True,0.045844,0.0385411,False,7.80376,True,9.35126,1.32091,0.269788,1.50257,0.45962,True,0.0149771,0.00512733,0.321584,1.10484,2020-10-21,20,ok,
Forrest County,28035,MS,74897,1,True,2020-04-04,2020-07-27,2020-11-08,114,46.9216,2020-04-20,2020-05-03,14,88,False,True,-0.012996,0.0304888,True,1.23218,False,1.45198,0.909028,0.213421,0.873587,0.288246,True,0.018708,0.00328026,0.448479,1.13096,2020-05-31,42,ok,
Harrison County,28047,MS,208080,1,True,2020-09-23,2021-01-13,2021-03-16,112,92.4095,2020-09-27,2020-10-10,14,487,False,True,0.0813298,0.0453662,False,11.3346,True,12.2238,1.56931,0.317563,1.9522,0.608626,True,0.00874088,0.0028744,0.153489,1.06119,2020-11-18,53,ok,
Hinds County,28049,MS,231840,1,True,2020-06-19,2020-07-23,2020-09-01,34,60.0168,2020-06-19,2020-07-02,14,857,False,True,0.0311277,0.0563738,False,32.9706,True,44.5138,1.21789,0.394617,1.33163,0.63744,True,0.0361299,0.0103655,0.431604,1.25291,2020-07-06,18,ok,
Hinds County,28049,MS,231840,2,False,2020-10-10,2021-01-11,2021-02-16,93,67.5343,2020-10-10,2020-10-23,14,555,False,True,-0.0118472,0.0396497,True,10.67,True,11.6028,0.91707,0.277548,0.884476,0.376768,True,0.0210753,0.0019347,0.725048,1.14753,2020-11-25,47,ok,
Jackson County,28059,MS,143617,1,False,2020-03-25,2020-04-12,2020-05-01,18,7.06243,2020-03-25,2020-04-07,14,98,False,True,0.116901,0.0754553,False,5.80737,True,6.65557,1.81831,0.528187,2.456,1.12503,True,0.149364,0.0302361,0.753109,2.04555,2020-04-03,10,ok,
Jackson County,28059,MS,143617,2,True,2020-06-22,2020-07-21,2020-09-15,29,57.7926,2020-06-22,2020-07-05,14,237,False,True,0.070089,0.0428533,False,5.02314,True,5.6767,1.49062,0.299973,1.80405,0.554681,True,0.0657907,0.00638269,0.890984,1.46054,2020-07-06,15,ok,
Jackson County,28059,MS,143617,3,False,2020-11-15,2021-01-11,2021-03-09,57,80.273,2020-11-19,2020-12-02,14,825,False,True,0.0450449,0.031196,False,9.59484,True,9.90437,1.31531,0.218372,1.49306,0.370979,True,0.0246938,0.00291234,0.757624,1.17286,2020-12-13,25,ok,
Jones County,28067,MS,68098,1,False,2020-04-10,2020-07-27,2020-09-07,108,45.9422,2020-04-10,2020-04-23,14,75,False,True,0.0659065,0.0338731,False,0.521056,False,0.542418,1.46135,0.237112,1.75028,0.432494,True,0.0339278,0.0011517,0.942443,1.23749,2020-06-03,55,ok,
Jones County,28067,MS,68098,2,True,2020-10-30,2021-01-11,2021-03-15,73,123.561,2020-10-30,2020-11-12,14,199,False,True,-0.0158094,0.0639819,True,9.9489,True,12.518,0.889334,0.447874,0.847155,0.597336,True,0.0404994,0.00236048,0.893737,1.2835,2020-12-05,37,ok,
Lafayette County,28071,MS,54019,1,True,2020-08-17,2020-09-04,2020-09-23,18,90.4444,2020-08-18,2020-08-31,14,364,False,True,0.127074,0.0236703,False,2.06265,True,2.0475,1.88952,0.165692,2.60985,0.363034,True,0.123935,0.0103444,0.953502,1.86755,2020-08-26,9,ok,
Lafayette County,28071,MS,54019,2,False,2020-11-08,2020-11-18,2020-12-09,10,68.7589,2020-11-08,2020-11-18,11,233,True,False,0.0885029,0.0763431,False,12.9546,True,14.3131,1.61952,0.534402,2.04952,1.04721,False,,,,,2020-11-13,6,ok,
Lafayette County,28071,MS,54019,3,False,2020-12-10,2021-01-13,2021-02-14,34,99.4359,2020-12-10,2020-12-23,14,356,False,True,0.0289915,0.0152209,False,1.58062,False,1.61175,1.20294,0.106546,1.30757,0.170742,True,0.0468862,0.00268006,0.950319,1.3282,2020-12-27,18,ok,
Lamar County,28073,MS,63343,1,True,2020-06-19,2020-07-15,2020-08-10,26,50.7441,2020-06-26,2020-07-09,14,133,False,True,0.0193636,0.040887,False,2.71123,True,2.90026,1.13555,0.286209,1.20151,0.442123,True,0.0629946,0.00820109,0.921877,1.44096,2020-07-02,7,ok,
Lauderdale County,28075,MS,74125,1,False,2020-07-01,2020-07-19,2020-09-27,18,32.9559,2020-07-03,2020-07-16,14,122,False,True,0.0618377,0.0598323,False,5.10717,True,5.42606,1.43286,0.418826,1.69868,0.753718,True,0.0589747,0.012354,0.791584,1.41282,2020-07-10,8,ok,
Lauderdale County,28075,MS,74125,2,True,2020-09-28,2021-01-13,2021-03-13,107,88.0752,2020-09-28,2020-10-11,14,164,False,True,0.0823461,0.0581664,False,6.26235,True,6.52736,1.57642,0.407165,1.96586,0.782834,True,0.0257988,0.00190505,0.779094,1.18059,2020-11-20,54,ok,
Lee County,28081,MS,85436,1,True,2020-05-26,2020-08-21,2020-09-10,87,49.9957,2020-06-18,2020-07-01,14,163,False,True,0.0299072,0.078632,False,12.2116,True,15.6522,1.20935,0.550424,1.31785,0.88509,True,0.00345093,0.00986742,0.00639625,1.02416,2020-07-08,21,ok,
Lowndes County,28087,MS,58595,1,False,2020-05-11,2020-07-27,2020-09-05,77,43.1534,2020-05-11,2020-05-24,14,77,False,True,-0.00371078,0.0627955,True,3.71887,True,4.04937,0.974025,0.439569,0.963181,0.618168,True,0.00947775,0.0026645,0.254822,1.06634,2020-06-18,39,ok,
Lowndes County,28087,MS,58595,2,False,2020-09-20,2020-09-26,2020-10-05,6,45.3476,2020-09-20,2020-09-26,7,181,True,False,0.251266,0.210118,False,27.4778,True,27.2995,2.75886,1.47083,4.83848,4.31859,False,,,,,2020-09-23,4,ok,
Lowndes County,28087,MS,58595,3,True,2020-11-01,2020-12-12,2021-02-13,41,136.287,2020-11-14,2020-11-27,14,256,False,True,-0.0111664,0.0387611,True,4.70441,True,4.84573,0.921835,0.271328,0.890954,0.369433,True,0.061898,0.0124102,0.805679,1.43329,2020-11-21,8,ok,
Madison County,28089,MS,106272,1,True,2020-04-19,2020-07-23,2020-09-06,95,49.3343,2020-04-19,2020-05-02,14,141,False,True,0.047026,0.0243881,False,1.99382,False,2.01583,1.32918,0.170717,1.5167,0.29205,True,0.00410287,0.00370738,0.0259341,1.02872,2020-06-05,48,ok,
Madison County,28089,MS,106272,2,False,2020-09-22,2020-10-17,2020-10-27,25,31.0524,2020-09-29,2020-10-12,14,197,False,True,0.0217971,0.032916,False,2.59951,True,2.63813,1.15258,0.230412,1.22795,0.359294,False,,,,,2020-10-04,6,ok,
Rankin County,28121,MS,155271,1,False,2020-06-21,2020-07-23,2020-09-11,32,38.1821,2020-06-21,2020-07-04,14,353,False,True,0.0399178,0.0568805,False,13.7211,True,17.2915,1.27942,0.398163,1.43264,0.664167,True,0.0226434,0.0116253,0.201864,1.1585,2020-07-07,17,ok,
Rankin County,28121,MS,155271,2,True,2020-10-24,2021-01-09,2021-02-20,77,89.5209,2020-11-01,2020-11-14,14,557,False,True,0.0221009,0.0574239,False,22.3656,True,27.814,1.15471,0.401968,1.23127,0.627542,True,0.0377368,0.00292943,0.851241,1.26416,2020-12-01,31,ok,
Boone County,29019,MO,180463,1,False,2020-03-13,2020-03-26,2020-03-31,13,3.4831,2020-03-13,2020-03-26,14,49,False,True,0.14551,0.046225,False,0.670239,False,0.959119,2.01857,0.323575,2.89974,0.744751,False,,,,,2020-03-19,5,ok,
Boone County,29019,MO,180463,2,False,2020-06-13,2020-07-08,2020-08-03,25,20.4237,2020-06-13,2020-06-26,14,146,False,True,0.051429,0.02403,False,1.59961,False,1.64886,1.36,0.16821,1.56983,0.292205,True,0.0728689,0.00995924,0.829548,1.51008,2020-06-25,13,ok,
Boone County,29019,MO,180463,3,True,2020-08-15,2020-08-30,2020-09-27,15,77.974,2020-08-15,2020-08-28,14,1096,False,True,0.0957099,0.0192828,False,4.47133,True,4.50221,1.66997,0.13498,2.14947,0.270341,True,0.0770148,0.0111881,0.887607,1.5391,2020-08-22,8,ok,
Boone County,29019,MO,180463,4,False,2020-09-28,2020-11-08,2021-02-08,41,101.643,2020-09-29,2020-10-12,14,637,False,True,0.0356173,0.0114085,False,0.778035,False,0.778158,1.24932,0.0798594,1.38281,0.131151,True,0.0120486,0.00375013,0.364461,1.08434,2020-10-18,20,ok,
Buchanan County,29021,MO,87364,1,True,2020-04-20,2020-04-28,2020-06-05,8,50.5275,2020-04-20,2020-04-28,9,213,True,False,0.67629,0.184568,False,13.9313,True,11.9566,5.73403,1.29197,17.3676,7.08816,False,,,,,2020-04-24,5,ok,
Buchanan County,29021,MO,87364,2,False,2020-08-15,2020-09-24,2020-10-18,40,63.6091,2020-08-18,2020-08-31,14,242,False,True,0.0850727,0.0322662,False,2.82813,True,2.76453,1.59551,0.225864,2.00271,0.437951,True,0.047504,0.00672334,0.757288,1.33253,2020-09-04,18,ok,
Buchanan County,29021,MO,87364,3,False,2020-12-23,2021-01-05,2021-02-05,13,76.6906,2020-12-24,2021-01-05,13,723,True,True,0.0428534,0.0186747,False,2.77798,True,2.8009,1.29997,0.130723,1.4671,0.220358,False,,,,,2020-12-29,6,ok,
Cape Girardeau County,29031,MO,78871,1,False,2020-06-20,2020-07-03,2020-08-01,13,25.9012,2020-06-20,2020-07-03,14,168,False,True,0.130899,0.0440215,False,3.25566,True,3.57903,1.91629,0.308151,2.66881,0.682234,True,0.21402,0.0231034,0.944942,2.49814,2020-06-26,7,ok,
Cape Girardeau County,29031,MO,78871,2,False,2020-08-08,2020-09-26,2020-10-17,49,60.8589,2020-08-10,2020-08-23,14,206,False,True,0.0194475,0.0290829,False,2.12456,True,2.15526,1.13613,0.20358,1.20242,0.314584,True,0.00322203,0.00342533,0.0404308,1.02255,2020-09-01,23,ok,
Cape Girardeau County,29031,MO,78871,3,True,2020-10-18,2020-11-09,2021-02-07,22,146.713,2020-10-18,2020-10-31,14,499,False,True,0.0479693,0.012971,False,1.01842,False,1.03535,1.33579,0.0907971,1.52802,0.155843,True,0.0492162,0.00247616,0.975312,1.34451,2020-10-29,12,ok,
Cass County,29037,MO,105780,1,False,2020-06-22,2020-07-11,2020-07-25,19,22.6886,2020-06-22,2020-07-05,14,97,False,True,0.0628502,0.0297146,False,1.32692,False,1.39733,1.43995,0.208002,1.71145,0.375584,True,0.0805108,0.00914277,0.906482,1.56358,2020-07-01,10,ok,
Cass County,29037,MO,105780,2,True,2020-09-09,2020-11-13,2021-02-19,65,74.5483,2020-09-09,2020-09-22,14,263,False,True,-0.00325924,0.017619,True,0.566532,False,0.569895,0.977185,0.123333,0.967631,0.173778,True,0.00321086,0.00247561,0.0514714,1.02248,2020-10-11,33,ok,
Clay County,29047,MO,249948,1,True,2020-10-01,2020-11-09,2020-11-20,39,34.6358,2020-10-01,2020-10-14,14,363,False,True,-0.0165474,0.028877,True,3.69564,True,3.77862,0.884168,0.202139,0.840276,0.2687,True,0.00961655,0.00479083,0.182902,1.06732,2020-10-20,20,ok,
Clay County,29047,MO,249948,2,False,2020-12-26,2021-01-05,2021-02-14,10,33.0926,2020-12-26,2021-01-05,11,819,True,False,0.0379618,0.0451166,False,16.5253,True,18.9745,1.26573,0.315816,1.40988,0.5231,False,,,,,2020-12-31,6,ok,
Cole County,29051,MO,76745,1,True,2020-08-01,2020-11-07,2021-02-03,98,184.842,2020-08-06,2020-08-19,14,302,False,True,-0.024659,0.0350113,True,4.50121,True,5.12141,0.827387,0.245079,0.76618,0.313853,True,0.0102989,0.00196129,0.39071,1.07209,2020-09-19,45,ok,
Franklin County,29071,MO,103967,1,True,2020-03-18,2020-04-07,2020-04-12,20,7.41994,2020-03-18,2020-03-31,14,29,False,False,,,False,,False,,,,,,True,0.0925156,0.0206319,0.741767,1.64761,2020-03-28,9,dropped,< 30 cases in window
Greene County,29077,MO,293086,1,True,2020-06-29,2020-09-01,2020-09-07,64,43.2832,2020-06-29,2020-07-12,14,301,False,True,0.0870801,0.0172391,False,1.53337,False,1.53092,1.60956,0.120674,2.03004,0.235441,True,0.027449,0.00423069,0.575894,1.19214,2020-07-31,33,ok,
Greene County,29077,MO,293086,2,False,2020-12-25,2021-01-05,2021-02-11,11,74.7708,2020-12-25,2021-01-05,12,2331,True,True,0.0167348,0.00666133,False,1.5845,False,1.59253,1.11714,0.0466293,1.17323,0.0712952,False,,,,,2020-12-30,6,ok,
Jackson County (including other portions of Kansas City),29095,MO,703011,1,False,2020-03-15,2020-03-31,2020-04-21,16,4.49089,2020-03-15,2020-03-28,14,219,False,True,0.0903016,0.0382167,False,3.55147,True,3.59587,1.63211,0.267517,2.07426,0.52711,True,0.199354,0.0225027,0.918114,2.39548,2020-03-23,9,ok,
Jackson County (including other portions of Kansas City),29095,MO,703011,2,False,2020-05-27,2020-07-14,2020-07-20,48,30.4202,2020-06-04,2020-06-17,14,797,False,True,0.0161491,0.0101367,False,1.71611,False,1.76228,1.11304,0.0709568,1.16697,0.108242,True,0.0357416,0.00195418,0.957084,1.25019,2020-06-20,17,ok,
Jackson County (including other portions of Kansas City),29095,MO,703011,3,True,2020-09-30,2020-11-07,2020-11-21,38,89.4113,2020-09-30,2020-10-13,14,3121,False,True,0.0306012,0.0120643,False,5.50125,True,5.5041,1.21421,0.0844501,1.32568,0.136149,True,0.00218444,0.00398182,0.0164453,1.01529,2020-10-19,20,ok,
Jackson County (including other portions of Kansas City),29095,MO,703011,4,False,2020-12-22,2021-01-05,2021-02-20,14,85.9974,2020-12-22,2021-01-04,14,7123,False,True,0.0279665,0.00982762,False,8.34721,True,8.37475,1.19577,0.0687933,1.29609,0.10982,True,0.0460148,0.00246268,0.983104,1.3221,2020-12-29,8,ok,
Jasper County,29097,MO,121328,1,False,2020-06-04,2020-06-27,2020-07-27,23,49.6882,2020-06-04,2020-06-17,14,344,False,True,0.172897,0.0343346,False,3.51539,True,3.65783,2.21028,0.240342,3.35674,0.592673,True,0.170044,0.0128271,0.946161,2.19031,2020-06-15,12,ok,
Jasper County,29097,MO,121328,2,True,2020-08-07,2020-11-08,2021-02-13,93,108.325,2020-08-07,2020-08-20,14,375,False,True,0.0282825,0.0247356,False,2.78332,True,2.81821,1.19798,0.173149,1.29962,0.276738,True,0.0221144,0.0016344,0.802698,1.1548,2020-09-22,47,ok,
Jefferson County,29099,MO,225081,1,True,2020-07-06,2020-11-10,2021-02-25,127,103.709,2020-07-06,2020-07-19,14,365,False,True,-0.0243247,0.0150092,True,0.297742,False,0.298169,0.829727,0.105064,0.769178,0.134758,True,0.0141303,0.00053552,0.918231,1.09891,2020-09-07,64,ok,
Johnson County,29101,MO,54062,1,False,2020-06-18,2020-07-09,2020-08-04,21,31.1811,2020-06-18,2020-07-01,14,115,False,True,0.21411,0.0344808,False,0.293472,False,0.284727,2.49877,0.241366,4.10381,0.654881,True,0.215417,0.00849718,0.98619,2.50792,2020-06-28,11,ok,
Johnson County,29101,MO,54062,2,True,2020-08-27,2020-11-12,2021-01-18,77,81.9165,2020-08-28,2020-09-10,14,327,False,True,0.0539299,0.0439257,False,7.46001,True,8.0023,1.37751,0.30748,1.60038,0.538751,True,-0.00216999,0.00413124,0.00760562,0.98481,2020-10-04,38,ok,
Newton County,29145,MO,58236,1,True,2020-05-29,2020-06-19,2020-07-18,21,56.4207,2020-05-29,2020-06-11,14,86,False,True,0.189877,0.037867,False,0.919457,False,1.2144,2.32914,0.265069,3.65588,0.680652,True,0.188227,0.0090216,0.981954,2.31759,2020-06-08,10,ok,
Newton County,29145,MO,58236,2,False,2020-09-09,2021-01-02,2021-02-14,115,74.0828,2020-09-09,2020-09-22,14,273,False,True,0.073813,0.0289216,False,2.61863,True,2.72612,1.51669,0.202451,1.85255,0.378877,True,0.00848122,0.00151198,0.359743,1.05937,2020-11-05,58,ok,
Platte County,29165,MO,104418,1,True,2020-12-10,2021-01-05,2021-02-25,26,34.4768,2020-12-12,2020-12-25,14,418,False,True,-0.00683657,0.0276378,True,3.90903,True,4.12219,0.952144,0.193464,0.932616,0.268442,True,0.00989095,0.00664312,0.181457,1.06924,2020-12-23,12,ok,
Pulaski County,29169,MO,52607,1,True,2020-08-02,2020-12-14,2021-02-06,134,81.4666,2020-08-02,2020-08-15,14,140,False,True,-0.0536842,0.0637716,True,6.73404,True,7.38923,0.624211,0.446401,0.52368,0.493928,True,0.00572464,0.00168594,0.148711,1.04007,2020-10-08,68,ok,
St. Charles County,29183,MO,402022,1,False,2020-03-18,2020-04-05,2020-05-15,18,5.15253,2020-03-18,2020-03-31,14,178,False,True,0.146436,0.0443678,False,3.33642,True,3.48184,2.02505,0.310574,2.91467,0.716553,True,0.240719,0.0267702,0.909968,2.68504,2020-03-27,10,ok,
St. Charles County,29183,MO,402022,2,False,2020-06-22,2020-07-11,2020-07-25,19,25.3717,2020-06-22,2020-07-05,14,407,False,True,0.101662,0.0265241,False,3.09849,True,2.99503,1.71163,0.185669,2.23365,0.378493,True,0.116476,0.00663776,0.974677,1.81533,2020-07-01,10,ok,
St. Charles County,29183,MO,402022,3,True,2020-10-02,2020-11-10,2021-02-09,39,97.1873,2020-10-02,2020-10-15,14,1591,False,True,0.0476673,0.0115528,False,2.53014,True,2.55381,1.33367,0.0808693,1.52439,0.138656,True,0.0301312,0.00274134,0.870328,1.21092,2020-10-21,20,ok,
St. Francois County,29187,MO,67215,1,True,2020-07-21,2020-09-11,2020-09-12,52,102.231,2020-07-24,2020-08-06,14,150,False,True,0.0461105,0.0236329,False,0.261733,False,0.263673,1.32277,0.165431,1.50575,0.282098,True,0.0879586,0.00540505,0.923298,1.61571,2020-08-16,24,ok,
St. Francois County,29187,MO,67215,2,False,2020-10-22,2020-11-07,2021-01-24,16,158.341,2020-10-22,2020-11-04,14,807,False,True,0.080293,0.0104574,False,1.213,False,1.20628,1.56205,0.0732017,1.93832,0.139839,True,0.0709708,0.00488398,0.967913,1.4968,2020-10-30,9,ok,
St. Louis County,29189,MO,994205,1,False,2020-03-16,2020-03-29,2020-05-26,13,10.36,2020-03-16,2020-03-29,14,776,False,True,0.183744,0.0186418,False,2.24141,True,2.23004,2.28621,0.130492,3.54645,0.330281,True,0.23272,0.00787605,0.994306,2.62904,2020-03-22,7,ok,
St. Louis County,29189,MO,994205,2,False,2020-06-08,2020-07-11,2020-07-23,33,23.8094,2020-06-15,2020-06-28,14,1058,False,True,0.0838855,0.0157937,False,2.96947,True,3.03649,1.5872,0.110556,1.98663,0.213581,True,0.0775662,0.003281,0.985888,1.54296,2020-06-24,10,ok,
St. Louis County,29189,MO,994205,3,True,2020-10-09,2020-11-10,2021-02-09,32,80.2508,2020-10-09,2020-10-22,14,3275,False,True,0.00549686,0.00499352,False,0.782816,False,0.783102,1.03848,0.0349546,1.0556,0.051088,True,0.0198845,0.00207582,0.859497,1.13919,2020-10-25,17,ok,
Taney County,29213,MO,55928,1,True,2020-06-22,2020-07-28,2020-08-29,36,42.6569,2020-06-22,2020-07-05,14,83,False,True,0.0888126,0.0700662,False,4.53865,True,5.2484,1.62169,0.490463,2.05377,0.962017,True,0.0207569,0.0103502,0.191317,1.1453,2020-07-10,19,ok,
Taney County,29213,MO,55928,2,False,2020-12-16,2021-01-05,2021-02-12,20,75.0966,2020-12-22,2021-01-04,14,432,False,True,0.013237,0.0208025,False,2.28517,True,2.3387,1.09266,0.145617,1.13605,0.21959,False,,,,,2020-12-26,5,ok,
City of St. Louis,29510,MO,300576,1,False,2020-03-17,2020-04-28,2020-05-04,42,13.2603,2020-03-17,2020-03-30,14,280,False,True,0.168046,0.0289303,False,2.06871,True,2.00708,2.17632,0.202512,3.27349,0.49349,True,0.0912914,0.011666,0.753808,1.63904,2020-04-07,22,ok,
City of St. Louis,29510,MO,300576,2,False,2020-06-10,2020-07-09,2020-08-20,29,25.9502,2020-06-10,2020-06-23,14,398,False,True,0.0582228,0.0245389,False,2.81721,True,2.84236,1.40756,0.171773,1.65342,0.305396,True,0.0566164,0.00292633,0.966436,1.39631,2020-06-24,15,ok,
City of St. Louis,29510,MO,300576,3,True,2020-10-08,2020-11-10,2021-02-06,33,55.1322,2020-10-08,2020-10-21,14,728,False,True,0.0212321,0.0169705,False,2.55423,True,2.58363,1.14862,0.118793,1.22179,0.184838,True,0.0265186,0.00258749,0.875038,1.18563,2020-10-24,17,ok,
Cascade County,30013,MT,81366,1,True,2020-09-21,2020-11-16,2020-12-27,56,256.337,2020-09-27,2020-10-10,14,369,False,True,-0.01007,0.0496311,True,11.1207,True,12.9928,0.92951,0.347418,0.90143,0.47532,True,0.0463629,0.00826797,0.599576,1.32454,2020-10-19,23,ok,
Flathead County,30029,MT,103806,1,True,2020-09-16,2020-10-09,2020-10-26,23,97.4345,2020-09-16,2020-09-29,14,378,False,True,0.0303479,0.0431288,False,8.51672,True,10.4581,1.21244,0.301902,1.32282,0.486261,True,0.0587358,0.0115838,0.719968,1.41115,2020-09-27,12,ok,
Flathead County,30029,MT,103806,2,False,2020-10-27,2020-11-23,2020-12-21,27,133.491,2020-10-27,2020-11-09,14,1195,False,True,-0.00215186,0.0418491,True,25.6361,True,30.5442,0.984937,0.292944,0.978579,0.414709,True,0.0250161,0.00460656,0.710779,1.17511,2020-11-09,14,ok,
Gallatin County,30031,MT,114434,1,False,2020-03-17,2020-03-31,2020-04-19,14,7.36544,2020-03-17,2020-03-30,14,68,False,True,0.18032,0.0417804,False,1.84386,False,2.23158,2.26224,0.292463,3.48603,0.734226,False,,,,,2020-03-24,6,ok,
Gallatin County,30031,MT,114434,2,True,2020-09-24,2020-11-13,2020-12-22,50,171.278,2020-09-26,2020-10-09,14,479,False,True,0.0750467,0.0347019,False,6.60014,True,6.68804,1.52533,0.242913,1.86874,0.456398,True,0.0409697,0.00356058,0.857511,1.28679,2020-10-19,24,ok,
Gallatin County,30031,MT,114434,3,False,2020-12-23,2021-01-08,2021-02-27,16,86.1382,2020-12-23,2021-01-05,14,737,False,True,0.0900985,0.0424626,False,14.7614,True,17.3125,1.63069,0.297238,2.07146,0.585311,True,0.0846245,0.0153671,0.812461,1.59237,2020-12-31,9,ok,
Lewis and Clark County,30049,MT,69432,1,True,2020-09-26,2020-12-04,2021-03-08,69,138.882,2020-10-06,2020-10-19,14,260,False,True,0.0884342,0.037419,False,4.05821,True,4.21307,1.61904,0.261933,2.04857,0.513172,True,0.0566225,0.00329711,0.927656,1.39636,2020-10-30,25,ok,
Missoula County,30063,MT,119600,1,False,2020-06-20,2020-07-28,2020-09-01,38,9.07788,2020-06-20,2020-07-03,14,59,False,True,0.129208,0.0806727,False,3.85918,True,4.52933,1.90446,0.564709,2.64267,1.24452,True,0.0283472,0.0197634,0.107954,1.19843,2020-07-09,19,ok,
Missoula County,30063,MT,119600,2,True,2020-09-16,2020-11-18,2020-12-30,63,94.3622,2020-09-20,2020-10-03,14,313,False,True,-0.0210329,0.0799265,True,24.3618,True,30.4707,0.85277,0.559485,0.798961,0.728659,True,0.0383801,0.00799598,0.469813,1.26866,2020-10-17,28,ok,
Missoula County,30063,MT,119600,3,False,2020-12-31,2021-01-07,2021-02-28,7,52.1978,2021-01-01,2021-01-07,7,290,True,False,0.280674,0.0983778,False,9.31384,True,11.148,2.96472,0.688645,5.46107,2.14348,False,,,,,2021-01-03,3,ok,
Douglas County,31055,NE,571327,1,False,2020-04-23,2020-05-30,2020-06-04,37,28.6801,2020-04-23,2020-05-06,14,803,False,True,0.0971571,0.0381332,False,12.7696,True,12.5605,1.6801,0.266933,2.1698,0.536939,True,0.0876982,0.0108143,0.794596,1.61389,2020-05-11,19,ok,
Douglas County,31055,NE,571327,2,True,2020-09-28,2020-11-15,2021-02-02,48,132.173,2020-10-06,2020-10-19,14,3140,False,True,0.0550856,0.0420569,False,65.5687,True,88.0922,1.3856,0.294399,1.61458,0.517872,True,0.0335682,0.00662144,0.631459,1.23498,2020-10-22,17,ok,
Hall County,31079,NE,61353,1,True,2020-04-05,2020-04-30,2020-05-18,25,123.408,2020-04-05,2020-04-18,14,307,False,True,0.123488,0.0641559,False,12.913,True,12.5512,1.86442,0.449091,2.55512,0.974304,True,0.102235,0.0119411,0.869516,1.71565,2020-04-17,13,ok,
Hall County,31079,NE,61353,2,False,2020-10-05,2020-11-17,2021-02-18,43,134.584,2020-10-06,2020-10-19,14,340,False,True,0.0202017,0.0620175,False,15.9395,True,18.9815,1.14141,0.434122,1.21059,0.672794,True,0.018603,0.00915599,0.178491,1.13022,2020-10-26,21,ok,
Lancaster County,31109,NE,319090,1,False,2020-04-19,2020-07-23,2020-08-15,95,17.1022,2020-04-19,2020-05-02,14,221,False,True,0.175663,0.0366407,False,2.54506,True,2.42187,2.22964,0.256485,3.40464,0.636736,True,0.014896,0.00509107,0.156906,1.10427,2020-06-05,48,ok,
Lancaster County,31109,NE,319090,2,False,2020-08-23,2020-09-11,2020-09-17,19,34.2044,2020-08-23,2020-09-05,14,816,False,True,0.0437563,0.0390753,False,14.9103,True,16.4142,1.30629,0.273527,1.47777,0.462565,True,0.0899149,0.00942807,0.919154,1.6294,2020-09-01,10,ok,
Lancaster County,31109,NE,319090,3,True,2020-10-23,2020-12-02,2021-02-02,40,94.5098,2020-10-23,2020-11-05,14,1904,False,True,0.0374275,0.0159608,False,5.8409,True,5.85429,1.26199,0.111725,1.40369,0.184697,True,0.0503528,0.0014261,0.984988,1.35247,2020-11-12,21,ok,
Sarpy County,31153,NE,187196,1,True,2020-09-10,2020-11-15,2021-05-04,66,126.529,2020-09-10,2020-09-23,14,465,False,True,0.00798979,0.0262528,False,3.92285,True,4.00474,1.05593,0.18377,1.08124,0.271338,True,0.0314995,0.00257098,0.824282,1.2205,2020-10-13,34,ok,
Clark County,32003,NV,2266715,1,False,2020-06-03,2020-07-17,2020-09-11,44,47.3246,2020-06-03,2020-06-16,14,2438,False,True,0.0327217,0.0177654,False,9.30325,True,9.30984,1.22905,0.124358,1.3497,0.202069,True,0.0582364,0.00233815,0.967257,1.40766,2020-06-25,23,ok,
Clark County,32003,NV,2266715,2,True,2020-10-07,2021-01-08,2021-02-16,93,98.1408,2020-10-14,2020-10-27,14,7734,False,True,0.00199493,0.0421467,False,168.286,True,216.221,1.01396,0.295027,1.02003,0.424999,True,0.0308451,0.00133356,0.933682,1.21592,2020-11-22,40,ok,
Elko County,32007,NV,52778,1,False,2020-06-12,2020-07-12,2020-08-18,30,30.3157,2020-06-12,2020-06-25,14,46,False,True,2.51752e-16,0.104611,False,6.16667,True,8.37892,1,0.732279,1,1.04611,True,0.0648132,0.0128169,0.662966,1.45369,2020-06-27,15,ok,
Elko County,32007,NV,52778,2,False,2020-08-19,2020-08-25,2020-09-09,6,37.0826,2020-08-20,2020-08-25,6,,True,False,,,False,,False,,,,,,False,,,,,2020-08-22,3,dropped,rise too short
Elko County,32007,NV,52778,3,True,2020-10-07,2020-11-26,2021-02-26,50,132.631,2020-10-07,2020-10-20,14,220,False,True,0.0970774,0.0601664,False,8.71096,True,10.5759,1.67954,0.421165,2.16868,0.846977,True,0.041284,0.00311673,0.879672,1.28899,2020-11-01,26,ok,
Lyon County,32019,NV,57510,1,False,2020-10-06,2020-10-12,2020-10-13,6,17.3883,2020-10-06,2020-10-12,7,64,True,False,0.0944448,0.234009,False,13.7113,True,13.224,1.66111,1.63806,2.13176,3.26833,False,,,,,2020-10-09,4,ok,
Lyon County,32019,NV,57510,2,True,2020-11-19,2020-11-28,2021-01-26,9,127.431,2020-11-19,2020-11-28,10,433,True,False,0.164505,0.280943,False,247.199,True,147.698,2.15154,1.9666,3.21336,4.75052,False,,,,,2020-11-23,5,ok,
Washoe County,32031,NV,471519,1,True,2020-10-06,2020-11-26,2021-02-06,51,124.37,2020-10-14,2020-10-27,14,1962,False,True,0.0221793,0.0661536,False,104.551,True,133.627,1.15526,0.463075,1.23212,0.72316,True,0.0353776,0.00544228,0.725354,1.24764,2020-10-31,18,ok,
Carson City,32510,NV,55916,1,True,2020-09-12,2020-09-12,2020-09-19,0,21.9717,2020-09-12,2020-09-12,1,,True,False,,,False,,False,,,,,,False,,,,,2020-09-12,1,dropped,rise too short
Carson City,32510,NV,55916,2,False,2020-10-12,2020-10-12,2020-10-29,0,33.7241,2020-10-12,2020-10-12,1,,True,False,,,False,,False,,,,,,False,,,,,2020-10-12,1,dropped,rise too short
Belknap County,33001,NH,61303,1,True,2020-11-09,2020-12-31,2021-03-04,52,121.411,2020-11-12,2020-11-25,14,308,False,True,0.00742282,0.0781759,False,23.0431,True,29.3822,1.05196,0.547232,1.07539,0.806131,True,0.0330813,0.0105183,0.310165,1.23157,2020-12-05,24,ok,
Cheshire County,33005,NH,76085,1,True,2020-11-05,2021-01-13,2021-02-05,69,66.8425,2020-11-12,2020-11-25,14,181,False,True,-0.0205563,0.0876626,True,16.9511,True,21.838,0.856106,0.613638,0.803311,0.800941,True,0.0406365,0.00969295,0.403342,1.28446,2020-12-09,28,ok,
Hillsborough County,33011,NH,417025,1,True,2020-11-05,2020-12-31,2021-05-15,56,125.995,2020-11-12,2020-11-25,14,2150,False,True,0.00770951,0.0844632,False,187.756,True,237.681,1.05397,0.591243,1.07834,0.871982,True,0.0384923,0.0156509,0.23221,1.26945,2020-12-03,22,ok,
Merrimack County,33013,NH,151391,1,True,2020-11-13,2020-12-31,2021-05-14,48,102.384,2020-11-26,2020-12-09,14,1119,False,True,0.0561173,0.0591076,False,46.0898,True,61.4243,1.39282,0.413753,1.6273,0.730388,True,0.110768,0.0250601,0.661443,1.77537,2020-12-07,12,ok,
Rockingham County,33015,NH,309769,1,False,2020-03-20,2020-04-30,2020-06-09,41,11.2065,2020-03-20,2020-04-02,14,152,False,True,0.10613,0.0791442,False,10.1912,True,11.043,1.74291,0.55401,2.29783,1.14422,True,0.0729527,0.00951028,0.75592,1.51067,2020-04-09,21,ok,
Rockingham County,33015,NH,309769,2,True,2020-11-02,2020-12-31,2021-05-13,59,107.453,2020-11-12,2020-11-25,14,1203,False,True,-0.00403779,0.083806,True,103.482,True,131.512,0.971735,0.586642,0.959964,0.823848,True,0.0371421,0.0191422,0.172979,1.25999,2020-12-01,20,ok,
Strafford County,33017,NH,130633,1,True,2020-10-30,2020-12-31,2021-03-10,62,104.874,2020-11-12,2020-11-25,14,468,False,True,-0.0493243,0.0883165,True,43.4097,True,53.6843,0.65473,0.618216,0.557848,0.700207,True,-0.0249866,0.0204425,0.0807827,0.825094,2020-11-30,19,ok,
Atlantic County,34001,NJ,263670,1,False,2020-03-31,2020-04-29,2020-06-12,29,24.5978,2020-03-31,2020-04-13,14,238,False,True,0.0386494,0.0311102,False,2.77073,True,2.91604,1.27055,0.217771,1.41786,0.361602,True,0.0533688,0.00854144,0.750194,1.37358,2020-04-14,15,ok,
Atlantic County,34001,NJ,263670,2,False,2020-06-13,2020-06-19,2020-07-07,6,12.1906,2020-06-14,2020-06-19,6,,True,False,,,False,,False,,,,,,False,,,,,2020-06-16,3,dropped,rise too short
Atlantic County,34001,NJ,263670,3,False,2020-07-08,2020-07-28,2020-08-19,20,9.48155,2020-07-10,2020-07-23,14,193,False,True,-0.0192742,0.020613,True,1.42309,False,1.44914,0.865081,0.144291,0.815059,0.189443,True,0.0315513,0.0110037,0.540129,1.22086,2020-07-18,9,ok,
Atlantic County,34001,NJ,263670,4,True,2020-11-04,2021-01-01,2021-03-15,58,217.642,2020-11-05,2020-11-18,14,1305,False,True,0.0274514,0.0116038,False,2.13279,True,2.13092,1.19216,0.0812269,1.29034,0.129417,True,0.00894905,0.00192267,0.445178,1.06264,2020-12-03,29,ok,
Bergen County,34003,NJ,932202,1,True,2020-03-20,2020-04-04,2020-05-12,15,70.8614,2020-03-20,2020-04-02,14,3904,False,True,0.150193,0.027979,False,28.7377,True,28.5676,2.05135,0.195853,2.97565,0.456286,True,0.192113,0.0121094,0.976716,2.34479,2020-03-27,8,ok,
Bergen County,34003,NJ,932202,2,False,2020-10-27,2020-12-31,2021-03-20,65,113.112,2020-10-28,2020-11-10,14,2566,False,True,0.0508589,0.0235263,False,16.8582,True,17.0293,1.35601,0.164684,1.56291,0.285517,True,0.0384028,0.00257703,0.880985,1.26882,2020-11-28,32,ok,
Burlington County,34005,NJ,445349,1,True,2020-12-17,2020-12-31,2021-03-13,14,122.312,2020-12-18,2020-12-31,14,5259,False,True,0.10493,0.0532462,False,160.071,True,164.897,1.73451,0.372724,2.28051,0.767121,True,0.0325635,0.0105319,0.65659,1.22794,2020-12-24,7,ok,
Camden County,34007,NJ,506471,1,False,2020-07-21,2020-07-28,2020-08-16,7,9.84403,2020-07-21,2020-07-28,8,322,True,False,0.10904,0.0695689,False,7.87488,True,7.27926,1.76328,0.486982,2.34008,1.01429,False,,,,,2020-07-24,4,ok,
Camden County,34007,NJ,506471,2,True,2020-12-26,2021-01-01,2021-02-19,6,125.603,2020-12-26,2021-01-01,7,4245,True,False,0.0372633,0.307753,False,1602.64,True,1061.49,1.26084,2.15427,1.40179,3.55918,False,,,,,2020-12-29,4,ok,
Cape May County,34009,NJ,92039,1,False,2020-03-27,2020-05-07,2020-06-28,41,17.6944,2020-03-27,2020-04-09,14,103,False,True,0.140755,0.0738687,False,5.45129,True,5.98699,1.98528,0.517081,2.8236,1.17538,True,0.0854035,0.0185789,0.526545,1.59782,2020-04-16,21,ok,
Cape May County,34009,NJ,92039,2,True,2020-12-26,2021-01-01,2021-02-13,6,373.599,2020-12-26,2021-01-01,7,2331,True,False,0.023069,0.478618,False,2133.06,True,1323.91,1.16148,3.35033,1.24187,5.24991,False,,,,,2020-12-29,4,ok,
Cumberland County,34011,NJ,149527,1,False,2020-04-03,2020-05-09,2020-07-07,36,42.2284,2020-04-03,2020-04-16,14,192,False,True,0.0480675,0.0486329,False,5.40834,True,5.65181,1.33647,0.340431,1.52919,0.584511,True,0.0670496,0.00704079,0.842136,1.46935,2020-04-21,19,ok,
Cumberland County,34011,NJ,149527,2,True,2020-11-10,2020-12-31,2021-03-12,51,196.811,2020-11-15,2020-11-28,14,587,False,True,0.030783,0.0352397,False,8.8269,True,9.39627,1.21548,0.246678,1.32773,0.397958,True,0.0391979,0.00308128,0.894929,1.27439,2020-12-05,21,ok,
Essex County,34013,NJ,798975,1,True,2020-03-23,2020-04-07,2020-06-07,15,62.8126,2020-03-23,2020-04-05,14,3910,False,True,0.142219,0.0268032,False,27.1177,True,29.0412,1.99553,0.187623,2.84694,0.428133,True,0.182014,0.0116348,0.97607,2.2741,2020-03-30,8,ok,
Essex County,34013,NJ,798975,2,False,2020-12-25,2020-12-31,2021-03-14,6,111.732,2020-12-25,2020-12-31,7,5802,True,False,0.175821,0.311383,False,2086.26,True,1462.56,2.23075,2.17968,3.40739,5.41323,False,,,,,2020-12-28,4,ok,
Gloucester County,34015,NJ,291636,1,False,2020-03-25,2020-04-30,2020-06-02,36,19.9858,2020-03-25,2020-04-07,14,292,False,True,0.10419,0.0275348,False,2.38104,True,2.67646,1.72933,0.192744,2.26986,0.395839,True,0.0911235,0.00829216,0.876598,1.63786,2020-04-12,19,ok,
Gloucester County,34015,NJ,291636,2,True,2020-11-02,2021-01-01,2021-03-14,60,141.566,2020-11-02,2020-11-15,14,1389,False,True,0.0894071,0.00804463,False,1.91012,False,1.89252,1.62585,0.0563124,2.06194,0.110655,True,0.0263317,0.00354781,0.655113,1.18432,2020-12-02,31,ok,
Hudson County,34017,NJ,672391,1,True,2020-03-23,2020-04-06,2020-05-29,14,76.6773,2020-03-23,2020-04-05,14,3798,False,True,0.178097,0.0268301,False,23.2329,True,24.3033,2.24668,0.187811,3.44706,0.468992,True,0.226204,0.0109009,0.986257,2.58343,2020-03-30,8,ok,
Hudson County,34017,NJ,672391,2,False,2020-10-21,2021-01-01,2021-02-05,72,131.79,2020-10-21,2020-11-03,14,2031,False,True,0.0181718,0.019335,False,9.26359,True,9.34912,1.1272,0.135345,1.18865,0.208107,True,0.0323484,0.00110233,0.960944,1.22644,2020-11-26,37,ok,
Hunterdon County,34019,NJ,124371,1,False,2020-03-20,2020-05-17,2020-07-01,58,21.5944,2020-03-22,2020-04-04,14,157,False,True,0.121476,0.0435973,False,3.06694,True,3.92517,1.85033,0.305181,2.52465,0.658406,True,0.0356779,0.00962209,0.345889,1.24974,2020-04-18,28,ok,
Hunterdon County,34019,NJ,124371,2,True,2020-10-28,2020-12-30,2021-03-20,63,76.0398,2020-10-28,2020-11-10,14,262,False,True,0.0829527,0.0278009,False,2.2827,True,2.31907,1.58067,0.194606,1.97403,0.374867,True,0.0335838,0.00274586,0.832953,1.23509,2020-11-28,32,ok,
Mercer County,34021,NJ,367430,1,True,2020-03-25,2020-05-01,2020-06-24,37,45.1398,2020-03-25,2020-04-07,14,779,False,True,0.142396,0.0222858,False,3.73289,True,3.8669,1.99677,0.156,2.84977,0.356141,True,0.111316,0.00636503,0.947344,1.77921,2020-04-12,19,ok,
Mercer County,34021,NJ,367430,2,False,2020-10-24,2020-11-21,2020-12-25,28,57.4259,2020-10-24,2020-11-06,14,702,False,True,0.0688654,0.0200866,False,3.27565,True,3.31533,1.48206,0.140606,1.78824,0.258964,True,0.0806466,0.00373579,0.972861,1.56453,2020-11-07,15,ok,
Mercer County,34021,NJ,367430,3,False,2020-12-26,2020-12-31,2021-05-06,5,73.9888,2020-12-26,2020-12-31,6,,True,False,,,False,,False,,,,,,False,,,,,2020-12-28,3,dropped,rise too short
Middlesex County,34023,NJ,825062,1,True,2020-12-26,2021-01-01,2021-03-14,6,105.187,2020-12-26,2021-01-01,7,5519,True,False,0.0597439,0.268906,False,1582.18,True,1061.24,1.41821,1.88234,1.6724,3.36382,False,,,,,2020-12-29,4,ok,
Monmouth County,34025,NJ,618795,1,False,2020-03-20,2020-04-06,2020-06-23,17,41.3246,2020-03-20,2020-04-02,14,1415,False,True,0.105276,0.0429848,False,28.0444,True,30.0403,1.73693,0.300893,2.28551,0.619909,True,0.181413,0.0186013,0.93145,2.26989,2020-03-28,9,ok,
Monmouth County,34025,NJ,618795,2,True,2020-10-29,2020-12-31,2021-04-30,63,128.337,2020-10-29,2020-11-11,14,1733,False,True,0.0569625,0.0209361,False,8.94493,True,9.09312,1.39874,0.146553,1.63776,0.259449,True,0.0405093,0.00289334,0.867271,1.28356,2020-11-29,32,ok,
Morris County,34027,NJ,491845,1,False,2020-03-20,2020-04-06,2020-06-03,17,45.3976,2020-03-20,2020-04-02,14,1056,False,True,0.139437,0.027913,False,8.01378,True,8.42447,1.97606,0.195391,2.80267,0.442598,True,0.168991,0.00833076,0.983273,2.18294,2020-03-28,9,ok,
Morris County,34027,NJ,491845,2,True,2020-10-31,2021-01-01,2021-02-22,62,135.641,2020-10-31,2020-11-13,14,1551,False,True,0.0557776,0.0208968,False,7.98841,True,8.28164,1.39044,0.146278,1.62311,0.257922,True,0.0250349,0.0016147,0.889048,1.17524,2020-12-01,32,ok,
Ocean County,34029,NJ,607186,1,False,2020-03-21,2020-04-06,2020-06-21,16,40.5148,2020-03-21,2020-04-03,14,1636,False,True,0.145081,0.0386684,False,23.3968,True,22.6523,2.01556,0.270679,2.89282,0.622305,True,0.214245,0.0181707,0.952061,2.49972,2020-03-29,9,ok,
Ocean County,34029,NJ,607186,2,False,2020-09-01,2020-09-29,2020-10-25,28,29.0568,2020-09-01,2020-09-14,14,593,False,True,-0.016883,0.0117534,True,1.67812,False,1.71085,0.881819,0.0822736,0.837155,0.1092,True,0.0194941,0.00694108,0.377625,1.13646,2020-09-15,15,ok,
Ocean County,34029,NJ,607186,3,True,2020-11-08,2021-01-01,2021-04-25,54,146.39,2020-11-08,2020-11-21,14,2392,False,True,0.0656312,0.0127853,False,4.54572,True,4.7201,1.45942,0.0894972,1.74677,0.163096,True,0.0357868,0.00188122,0.932969,1.25051,2020-12-05,28,ok,
Passaic County,34031,NJ,501826,1,True,2020-03-23,2020-04-06,2020-06-03,14,83.6943,2020-03-23,2020-04-05,14,3132,False,True,0.168618,0.0314074,False,27.2147,True,26.5088,2.18033,0.219852,3.28325,0.5365,True,0.199943,0.0133128,0.974089,2.3996,2020-03-30,8,ok,
Passaic County,34031,NJ,501826,2,False,2020-10-25,2021-01-01,2021-03-20,68,126.367,2020-10-25,2020-11-07,14,2041,False,True,0.064782,0.018633,False,8.24914,True,8.43598,1.45347,0.130431,1.73595,0.237028,True,0.0450298,0.00248476,0.908694,1.31521,2020-11-28,35,ok,
Salem County,34033,NJ,62385,1,False,2020-03-27,2020-05-07,2020-07-06,41,32.288,2020-03-27,2020-04-09,14,41,False,True,0.0350175,0.0724356,False,2.59607,True,3.01001,1.24512,0.507049,1.37593,0.83089,True,0.0729686,0.00724418,0.849322,1.51078,2020-04-16,20,ok,
Salem County,34033,NJ,62385,2,True,2020-11-10,2021-01-01,2021-02-08,52,144.723,2020-11-10,2020-11-23,14,243,False,True,-0.00352752,0.01833,True,1.29204,False,1.30248,0.975307,0.12831,0.964986,0.180584,True,0.0325793,0.00292653,0.832136,1.22805,2020-12-06,27,ok,
Somerset County,34035,NJ,328934,1,False,2020-03-21,2020-04-10,2020-06-12,20,39.3913,2020-03-21,2020-04-03,14,613,False,True,0.110002,0.0312528,False,6.34641,True,6.5845,1.77001,0.218769,2.35413,0.456918,True,0.149013,0.0112022,0.951599,2.04309,2020-03-31,11,ok,
Somerset County,34035,NJ,328934,2,True,2020-11-06,2021-01-01,2021-01-26,56,148.749,2020-11-06,2020-11-19,14,1287,False,True,0.0559837,0.0185385,False,5.21547,True,5.26106,1.39189,0.129769,1.62565,0.228974,True,0.0146312,0.00266499,0.527489,1.10242,2020-12-04,29,ok,
Sussex County,34037,NJ,140488,1,False,2020-03-22,2020-04-08,2020-05-09,17,22.371,2020-03-22,2020-04-04,14,230,False,True,0.152018,0.0483144,False,5.0173,True,5.85306,2.06413,0.338201,3.00548,0.79162,True,0.184792,0.0203089,0.922043,2.29354,2020-03-30,9,ok,
Sussex County,34037,NJ,140488,2,True,2020-11-05,2021-03-23,2021-05-07,138,112.058,2020-11-07,2020-11-20,14,400,False,True,0.0729751,0.0147542,False,1.06878,False,1.06519,1.51083,0.10328,1.84158,0.192763,True,0.0265032,0.00118004,0.884298,1.18552,2021-01-13,68,ok,
Union County,34039,NJ,556341,1,True,2020-03-23,2020-04-16,2020-06-07,24,88.0498,2020-03-23,2020-04-05,14,3092,False,True,0.157191,0.0589166,False,98.523,True,110.161,2.10034,0.412416,3.0908,0.978135,True,0.174899,0.0120678,0.950237,2.22429,2020-04-04,13,ok,
Union County,34039,NJ,556341,2,False,2020-10-18,2021-01-01,2021-03-20,75,167.754,2020-10-18,2020-10-31,14,1953,False,True,0.0372218,0.0259134,False,15.7956,True,15.946,1.26055,0.181394,1.40131,0.299645,True,0.0322547,0.00134238,0.941305,1.22578,2020-11-24,38,ok,
Warren County,34041,NJ,105267,1,False,2020-03-23,2020-04-19,2020-06-04,27,29.9918,2020-03-23,2020-04-05,14,186,False,True,0.154904,0.0587519,False,5.94072,True,6.84176,2.08433,0.411263,3.05294,0.969756,True,0.155359,0.00656689,0.97901,2.08752,2020-04-05,14,ok,
Warren County,34041,NJ,105267,2,True,2020-11-03,2021-05-05,2021-05-11,183,134.895,2020-11-03,2020-11-16,14,405,False,True,0.033307,0.0268599,False,3.5311,True,3.62331,1.23315,0.188019,1.35637,0.306173,True,0.00953825,0.000989916,0.507769,1.06677,2021-02-02,92,ok,
Bernalillo County,35001,NM,679121,1,False,2020-03-27,2020-07-17,2020-09-09,112,15.2929,2020-03-27,2020-04-09,14,314,False,True,0.0922493,0.0281543,False,2.75199,True,2.75969,1.64574,0.19708,2.1012,0.390626,True,0.00202982,0.0020574,0.0173898,1.01421,2020-05-22,57,ok,
Bernalillo County,35001,NM,679121,2,True,2020-10-07,2020-11-20,2021-03-01,44,122.07,2020-10-07,2020-10-20,14,2153,False,True,0.0579789,0.0196903,False,9.81576,True,10.151,1.40585,0.137832,1.65038,0.244852,True,0.0283445,0.00284815,0.825059,1.19841,2020-10-29,23,ok,
Chaves County,35005,NM,64615,1,True,2020-08-27,2020-11-19,2021-02-14,84,190.137,2020-09-19,2020-10-02,14,289,False,True,0.0653787,0.0404644,False,5.50347,True,5.76958,1.45765,0.283251,1.74355,0.515756,True,0.0405576,0.00548499,0.752324,1.2839,2020-10-08,20,ok,
Doña Ana County,35013,NM,218195,1,True,2020-09-27,2020-11-19,2021-03-30,53,147.967,2020-09-27,2020-10-10,14,666,False,True,0.0600719,0.0162928,False,2.07274,True,2.08954,1.4205,0.11405,1.6765,0.204035,True,0.0569581,0.00112305,0.990374,1.39871,2020-10-23,27,ok,
Eddy County,35015,NM,58460,1,True,2020-08-08,2020-11-21,2020-12-05,105,114.853,2020-09-09,2020-09-22,14,129,False,True,0.0795102,0.04853,False,3.44778,True,3.42199,1.55657,0.33971,1.92786,0.647363,True,0.061879,0.0048024,0.89731,1.43315,2020-09-29,21,ok,
Eddy County,35015,NM,58460,2,False,2020-12-06,2021-01-10,2021-03-05,35,116.074,2020-12-07,2020-12-20,14,742,False,True,0.0324843,0.0433503,False,16.8625,True,21.3,1.22739,0.303452,1.347,0.492647,True,0.00171762,0.00539021,0.00672394,1.01202,2020-12-23,17,ok,
Lea County,35025,NM,71070,1,True,2020-09-24,2020-12-14,2021-02-05,81,154.576,2020-09-26,2020-10-09,14,238,False,True,0.0264862,0.0286977,False,2.38057,True,2.46437,1.1854,0.200884,1.27959,0.318901,True,0.0260859,0.0023122,0.774775,1.1826,2020-11-03,39,ok,
McKinley County,35031,NM,71367,1,False,2020-04-05,2020-05-01,2020-08-19,26,91.0785,2020-04-05,2020-04-18,14,325,False,True,0.0977044,0.0642669,False,14.6611,True,16.388,1.68393,0.449868,2.17751,0.906393,True,0.113346,0.0110164,0.898185,1.79342,2020-04-18,14,ok,
McKinley County,35031,NM,71367,2,True,2020-10-22,2020-11-22,2021-02-12,31,242.209,2020-10-22,2020-11-04,14,358,False,True,0.0516322,0.0285823,False,3.46822,True,3.52823,1.36143,0.200076,1.57231,0.347805,True,0.0459834,0.00338138,0.929625,1.32188,2020-11-06,16,ok,
Otero County,35035,NM,67490,1,False,2020-06-29,2020-07-24,2020-07-30,25,13.1236,2020-06-29,2020-07-12,14,39,False,True,-0.00732761,0.0457659,True,1.78023,False,2.14065,0.948707,0.320362,0.927851,0.443575,True,0.0202308,0.0164085,0.121417,1.14162,2020-07-11,13,ok,
Otero County,35035,NM,67490,2,True,2020-10-14,2020-11-19,2020-12-26,36,82.5519,2020-10-15,2020-10-28,14,194,False,True,0.0147406,0.057914,False,7.94968,True,8.9765,1.10318,0.405398,1.15197,0.614995,True,0.0134526,0.0112548,0.0819728,1.09417,2020-11-01,18,ok,
Otero County,35035,NM,67490,3,False,2020-12-27,2021-01-08,2021-03-23,12,49.5311,2020-12-30,2021-01-08,10,214,True,False,0.0924979,0.0701412,False,8.32297,True,7.48483,1.64749,0.490988,2.10465,0.973904,False,,,,,2021-01-02,4,ok,
Sandoval County,35043,NM,146748,1,True,2020-10-10,2020-11-21,2021-02-23,42,121.296,2020-10-10,2020-10-23,14,378,False,True,0.0136157,0.0302057,False,4.21521,True,4.38603,1.09531,0.21144,1.14005,0.31933,True,0.0167485,0.00296849,0.614148,1.11724,2020-10-31,22,ok,
Santa Fe County,35049,NM,150358,1,True,2020-10-14,2020-11-20,2020-12-24,37,115.534,2020-10-14,2020-10-27,14,452,False,True,0.0709559,0.032335,False,5.44635,True,5.58249,1.49669,0.226345,1.81529,0.419713,True,0.0374564,0.00389587,0.844659,1.26219,2020-11-01,19,ok,
Santa Fe County,35049,NM,150358,2,False,2020-12-25,2021-01-09,2021-02-12,15,56.3417,2020-12-25,2021-01-07,14,864,False,True,0.0212029,0.0293946,False,9.09485,True,9.29738,1.14842,0.205762,1.22147,0.320122,True,0.0337386,0.0087879,0.710697,1.23617,2021-01-01,8,ok,
Valencia County,35061,NM,76688,1,True,2020-10-13,2020-11-20,2021-02-13,38,155.36,2020-10-13,2020-10-26,14,264,False,True,0.0326084,0.0176991,False,0.883724,False,0.892906,1.22826,0.123894,1.34841,0.201231,True,0.0361482,0.00265369,0.911572,1.25304,2020-11-01,20,ok,
Albany County,36001,NY,305506,1,False,2020-03-16,2020-04-27,2020-06-18,42,19.0317,2020-03-16,2020-03-29,14,197,False,True,-0.0483161,0.0642686,True,9.68812,True,11.0446,0.661787,0.44988,0.565862,0.512267,True,0.0100768,0.00918411,0.0567754,1.07054,2020-04-06,22,ok,
Albany County,36001,NY,305506,2,False,2020-06-28,2020-07-23,2020-07-27,25,6.21919,2020-06-30,2020-07-13,14,126,False,True,0.00907334,0.0254663,False,0.506282,False,0.509502,1.06351,0.178264,1.09246,0.264368,True,0.0263565,0.00607392,0.676602,1.1845,2020-07-10,11,ok,
Albany County,36001,NY,305506,3,True,2020-11-03,2021-01-10,2021-04-26,68,99.2265,2020-11-03,2020-11-16,14,801,False,True,0.0552533,0.0262114,False,6.49543,True,6.66205,1.38677,0.18348,1.61664,0.322941,True,0.0366312,0.00163504,0.93831,1.25642,2020-12-07,35,ok,
Bronx County,36005,NY,1418207,1,True,2020-03-18,2020-04-06,2020-06-01,19,85.1075,2020-03-18,2020-03-31,14,7718,False,True,0.128472,0.0255176,False,50.6201,True,53.0221,1.8993,0.178624,2.63132,0.392865,True,0.179151,0.0170085,0.932742,2.25406,2020-03-27,10,ok,
Broome County,36007,NY,190488,1,True,2020-09-26,2021-01-10,2021-03-08,106,113.093,2020-09-26,2020-10-09,14,801,False,True,0.0942321,0.0249142,False,5.47336,True,5.44126,1.65962,0.174399,2.12879,0.347746,True,-0.00080902,0.00235366,0.00226695,0.994337,2020-11-18,54,ok,
Cattaraugus County,36009,NY,76117,1,True,2020-10-02,2020-12-08,2020-12-24,67,73.7586,2020-10-04,2020-10-17,14,97,False,True,-0.026586,0.0291356,True,0.948525,False,0.960406,0.813898,0.203949,0.748983,0.258823,True,0.0166816,0.00281647,0.539033,1.11677,2020-11-04,32,ok,
Cattaraugus County,36009,NY,76117,2,False,2020-12-25,2021-01-10,2021-05-22,16,78.6383,2020-12-26,2021-01-08,14,697,False,True,-0.00697002,0.0410621,True,14.3877,True,18.6321,0.95121,0.287435,0.93132,0.3986,True,0.0420981,0.0103686,0.733153,1.29469,2021-01-02,8,ok,
Cayuga County,36011,NY,76576,1,True,2020-11-06,2021-01-02,2021-03-02,57,135.44,2020-11-18,2020-12-01,14,263,False,True,0.0516134,0.0368964,False,4.24584,True,4.50565,1.36129,0.258275,1.57208,0.448947,True,0.0763,0.00548281,0.928113,1.5341,2020-12-04,17,ok,
Chautauqua County,36013,NY,126903,1,False,2020-08-21,2020-08-30,2020-09-21,9,13.2835,2020-08-21,2020-08-30,10,107,True,False,0.153611,0.0921121,False,6.67448,True,6.96931,2.07528,0.644784,3.03164,1.5154,False,,,,,2020-08-25,5,ok,
Chautauqua County,36013,NY,126903,2,True,2020-10-27,2021-01-10,2021-05-03,75,111.108,2020-11-06,2020-11-19,14,235,False,True,0.0280533,0.0341564,False,3.32635,True,3.38528,1.19637,0.239095,1.29706,0.381809,True,0.0349933,0.00262003,0.872789,1.24495,2020-12-03,28,ok,
Chemung County,36015,NY,83456,1,False,2020-03-22,2020-04-27,2020-05-01,36,7.87412,2020-03-22,2020-04-04,14,36,False,True,0.099021,0.0830829,False,2.70588,True,3.18325,1.69315,0.58158,2.19612,1.17636,True,0.0655899,0.0115751,0.667421,1.45913,2020-04-09,18,ok,
Chemung County,36015,NY,83456,2,True,2020-12-25,2021-01-10,2021-02-13,16,87.9848,2020-12-25,2021-01-07,14,733,False,True,0.0364467,0.0442183,False,17.2741,True,21.1081,1.25513,0.309528,1.39236,0.50987,True,0.0713683,0.00551371,0.959895,1.49958,2021-01-02,9,ok,
Clinton County,36019,NY,80485,1,True,2020-12-04,2021-01-10,2021-03-13,37,88.0377,2020-12-08,2020-12-21,14,255,False,True,-0.0486439,0.0376897,True,4.31115,True,4.53099,0.659493,0.263828,0.563252,0.299895,True,0.012121,0.0132121,0.0608053,1.08485,2020-12-22,15,ok,
Columbia County,36021,NY,59461,1,False,2020-03-24,2020-05-04,2020-05-09,41,31.7135,2020-03-27,2020-04-09,14,57,False,True,0.055838,0.0385688,False,0.808664,False,0.82252,1.39087,0.269982,1.62386,0.476139,True,0.0238267,0.00875051,0.316652,1.16679,2020-04-13,18,ok,
Columbia County,36021,NY,59461,2,True,2020-10-25,2021-01-10,2021-03-12,77,94.6599,2020-10-31,2020-11-13,14,147,False,True,0.0571142,0.0240377,False,0.863518,False,0.890309,1.3998,0.168264,1.63964,0.298039,True,0.00301874,0.0027643,0.0370448,1.02113,2020-12-02,33,ok,
Dutchess County,36027,NY,294218,1,False,2020-03-20,2020-04-05,2020-06-04,16,41.1745,2020-03-20,2020-04-02,14,636,False,True,0.156945,0.0200726,False,2.35431,True,2.36193,2.09861,0.140509,3.08671,0.333039,True,0.166421,0.00479009,0.994234,2.16495,2020-03-28,9,ok,
Dutchess County,36027,NY,294218,2,True,2020-11-05,2021-01-10,2021-05-09,66,100.994,2020-11-05,2020-11-18,14,744,False,True,0.0544118,0.0241183,False,5.11381,True,5.1171,1.38088,0.168828,1.60629,0.2963,True,0.0398387,0.00164081,0.948513,1.27887,2020-12-08,34,ok,
Erie County,36029,NY,918702,1,False,2020-03-21,2020-04-26,2020-07-14,36,14.9745,2020-03-21,2020-04-03,14,771,False,True,0.161678,0.0668283,False,31.1092,True,33.6567,2.13175,0.467798,3.16571,1.12208,True,0.109039,0.0142166,0.775806,1.76328,2020-04-08,19,ok,
Erie County,36029,NY,918702,2,True,2020-12-28,2021-01-10,2021-02-16,13,80.3307,2020-12-28,2021-01-10,14,8063,False,True,0.0417177,0.030079,False,87.4848,True,107.422,1.29202,0.210553,1.45373,0.353493,True,0.0180083,0.00977507,0.404332,1.12606,2021-01-03,7,ok,
Fulton County,36035,NY,53383,1,False,2020-04-21,2020-05-15,2020-05-20,24,19.5354,2020-04-21,2020-05-04,14,57,False,True,-0.0663294,0.0916326,True,5.55791,True,6.4394,0.535694,0.641428,0.429098,0.661053,True,-0.0358813,0.0240316,0.182293,0.748831,2020-05-03,12,ok,
Fulton County,36035,NY,53383,2,True,2020-11-20,2021-01-10,2021-03-02,51,98.7473,2020-11-20,2020-12-03,14,129,False,True,0.00664572,0.0396436,False,2.48221,True,2.59902,1.04652,0.277505,1.06738,0.407502,True,0.0702614,0.00598473,0.851696,1.49183,2020-12-15,26,ok,
Genesee County,36037,NY,57280,1,False,2020-04-02,2020-04-22,2020-04-28,20,13.4677,2020-04-02,2020-04-15,14,63,False,True,-0.0227235,0.0770212,True,4.54939,True,5.65145,0.840935,0.539148,0.783608,0.696704,True,0.10425,0.0351623,0.494102,1.72975,2020-04-12,11,ok,
Genesee County,36037,NY,57280,2,True,2020-11-05,2020-12-22,2021-02-25,47,141.411,2020-11-05,2020-11-18,14,227,False,True,0.0367015,0.0378301,False,3.91462,True,4.18393,1.25691,0.26481,1.3953,0.436614,True,0.050497,0.00335138,0.911657,1.35348,2020-11-28,24,ok,
Herkimer County,36043,NY,61319,1,True,2020-11-19,2021-01-10,2021-02-17,52,165.411,2020-11-20,2020-12-03,14,252,False,True,0.0741858,0.0186084,False,1.3538,False,1.34404,1.5193,0.130259,1.85743,0.244064,True,0.0578081,0.00207795,0.969923,1.40466,2020-12-15,26,ok,
Jefferson County,36045,NY,109834,1,True,2020-11-18,2021-01-10,2021-03-06,53,82.4621,2020-11-18,2020-12-01,14,247,False,True,0.0127325,0.0428609,False,5.54744,True,5.79807,1.08913,0.300026,1.13073,0.451529,True,0.0433622,0.0032769,0.875065,1.30354,2020-12-14,27,ok,
Kings County,36047,NY,2559903,1,True,2020-03-16,2020-04-13,2020-06-08,28,56.5144,2020-03-16,2020-03-29,14,8834,False,True,0.109386,0.0345157,False,111.729,True,138.4,1.7657,0.24161,2.34513,0.503728,True,0.118276,0.0128086,0.86771,1.82793,2020-03-30,15,ok,
Livingston County,36051,NY,62914,1,True,2020-10-23,2021-01-10,2021-03-02,79,87.648,2020-10-25,2020-11-07,14,130,False,True,0.0220215,0.0408299,False,2.63911,True,2.75109,1.15415,0.285809,1.2304,0.446063,True,0.0253717,0.00148095,0.890745,1.1776,2020-12-01,38,ok,
Madison County,36053,NY,70941,1,False,2020-03-18,2020-04-01,2020-04-15,14,11.0756,2020-03-18,2020-03-31,14,41,False,True,0.282012,0.136568,False,4.01221,True,2.81592,2.97408,0.955977,5.49026,2.98326,False,,,,,2020-03-25,4,ok,
Madison County,36053,NY,70941,2,False,2020-04-22,2020-05-04,2020-05-10,12,23.1581,2020-04-22,2020-05-04,13,111,True,True,0.231498,0.117789,False,10.2163,True,9.61878,2.62049,0.824523,4.4404,2.32314,True,0.108873,0.0185614,0.873111,1.76211,2020-04-28,7,ok,
Madison County,36053,NY,70941,3,True,2020-11-03,2020-12-10,2020-12-24,37,79.1402,2020-11-03,2020-11-16,14,130,False,True,0.0176047,0.0251064,False,0.568211,False,0.573856,1.12323,0.175745,1.18256,0.269627,True,0.0293083,0.00215826,0.915593,1.20516,2020-11-21,19,ok,
Madison County,36053,NY,70941,4,False,2020-12-25,2021-01-10,2021-02-13,16,86.3897,2020-12-25,2021-01-07,14,585,False,True,0.0200573,0.0465978,False,15.4841,True,19.0614,1.1404,0.326185,1.20902,0.505233,True,0.0202866,0.00486029,0.713371,1.14201,2021-01-02,9,ok,
Monroe County,36055,NY,741770,1,True,2020-10-27,2021-01-10,2021-03-09,75,95.12,2020-10-27,2020-11-09,14,1783,False,True,0.0818055,0.0161829,False,5.27565,True,5.32039,1.57264,0.113281,1.95859,0.217431,True,0.0504767,0.00187679,0.952591,1.35334,2020-12-03,38,ok,
Nassau County,36059,NY,1356924,1,True,2020-03-18,2020-04-06,2020-05-13,19,100.574,2020-03-18,2020-03-31,14,8413,False,True,0.10412,0.0215224,False,41.9206,True,45.2095,1.72884,0.150657,2.26887,0.309343,True,0.143896,0.0163007,0.906897,2.00727,2020-03-27,10,ok,
Nassau County,36059,NY,1356924,2,False,2020-11-07,2021-01-10,2021-03-09,64,132.39,2020-11-07,2020-11-20,14,4711,False,True,0.0302548,0.0101786,False,5.91241,True,5.93274,1.21178,0.0712502,1.32177,0.11472,True,0.0351855,0.00103408,0.973922,1.2463,2020-12-09,33,ok,
New York County,36061,NY,1628706,1,True,2020-03-15,2020-04-12,2020-06-04,28,44.8472,2020-03-15,2020-03-28,14,5166,False,True,0.0903952,0.0356606,False,72.9292,True,89.9963,1.63277,0.249624,2.07555,0.491995,True,0.107988,0.0160774,0.776305,1.75591,2020-03-29,15,ok,
Niagara County,36063,NY,209281,1,False,2020-03-23,2020-05-16,2020-08-08,54,11.8774,2020-03-23,2020-04-05,14,110,False,True,0.127282,0.0595458,False,3.9423,True,4.47044,1.89097,0.41682,2.61303,0.91378,True,0.03894,0.0083493,0.455516,1.27258,2020-04-19,28,ok,
Niagara County,36063,NY,209281,2,True,2020-11-02,2020-12-06,2020-12-27,34,76.7253,2020-11-02,2020-11-15,14,571,False,True,0.0699142,0.0310873,False,6.37071,True,6.96337,1.4894,0.217611,1.80179,0.402157,True,0.0558696,0.00648939,0.822461,1.39109,2020-11-19,18,ok,
Niagara County,36063,NY,209281,3,False,2020-12-28,2021-01-10,2021-02-14,13,114.815,2020-12-28,2021-01-10,14,2802,False,True,0.0237109,0.0333153,False,37.8359,True,46.0557,1.16598,0.233207,1.24891,0.36633,True,0.02841,0.0157096,0.395442,1.19887,2021-01-03,7,ok,
Oneida County,36065,NY,228671,1,True,2020-03-24,2020-06-27,2020-08-11,95,12.8694,2020-03-24,2020-04-06,14,93,False,True,0.127688,0.0685056,False,4.40628,True,5.31149,1.89382,0.479539,2.61927,1.05244,True,0.0328231,0.00379419,0.619325,1.22976,2020-05-10,48,ok,
Onondaga County,36067,NY,460528,1,False,2020-03-18,2020-05-22,2020-07-17,65,14.3004,2020-03-18,2020-03-31,14,192,False,True,0.119628,0.0507776,False,5.11414,True,6.26468,1.8374,0.355443,2.49681,0.762902,True,0.0244344,0.00956288,0.173966,1.17104,2020-04-19,33,ok,
Onondaga County,36067,NY,460528,2,True,2020-10-24,2021-01-10,2021-05-18,78,92.2854,2020-10-26,2020-11-08,14,1182,False,True,0.0679688,0.0152349,False,3.1775,True,3.26084,1.47578,0.106645,1.7767,0.19584,True,0.0409865,0.00274395,0.861066,1.28691,2020-12-02,38,ok,
Ontario County,36069,NY,109777,1,False,2020-04-04,2020-05-17,2020-05-24,43,7.93817,2020-04-21,2020-05-04,14,25,False,False,,,False,,False,,,,,,False,,,,,2020-04-25,4,dropped,< 30 cases in window
Ontario County,36069,NY,109777,2,True,2020-11-01,2021-01-10,2021-02-01,70,87.7103,2020-11-01,2020-11-14,14,238,False,True,0.0634477,0.0189786,False,1.63728,False,1.66058,1.44413,0.13285,1.71902,0.240361,True,0.0386523,0.00188491,0.925193,1.27057,2020-12-06,36,ok,
Orange County,36071,NY,384940,1,True,2020-03-19,2020-04-07,2020-05-26,19,79.2331,2020-03-19,2020-04-01,14,1724,False,True,0.0874881,0.0454935,False,39.854,True,47.1471,1.61242,0.318454,2.03562,0.622101,True,0.151859,0.0211032,0.866182,2.06301,2020-03-28,10,ok,
Orange County,36071,NY,384940,2,False,2020-10-25,2021-01-10,2021-02-03,77,95.7849,2020-10-25,2020-11-07,14,888,False,True,0.0154591,0.0141538,False,2.17282,True,2.22481,1.10821,0.0990765,1.15961,0.150728,True,0.0295076,0.00107554,0.953146,1.20655,2020-12-02,39,ok,
Oswego County,36075,NY,117124,1,False,2020-06-11,2020-06-18,2020-06-26,7,6.22051,2020-06-11,2020-06-18,8,29,True,False,,,False,,False,,,,,,False,,,,,2020-06-14,4,dropped,< 30 cases in window
Oswego County,36075,NY,117124,2,False,2020-08-29,2020-09-14,2020-09-23,16,9.6357,2020-08-29,2020-09-11,14,69,False,True,0.0718719,0.0763009,False,4.62219,True,5.21728,1.5031,0.534106,1.8272,0.993332,True,0.0331931,0.0206019,0.270519,1.23235,2020-09-06,9,ok,
Oswego County,36075,NY,117124,3,True,2020-11-04,2020-12-02,2020-12-24,28,59.0339,2020-11-04,2020-11-17,14,337,False,True,0.0487945,0.0368282,False,5.43904,True,5.5445,1.34156,0.257798,1.53794,0.443757,True,0.0527373,0.00890706,0.729484,1.36916,2020-11-18,15,ok,
Oswego County,36075,NY,117124,4,False,2020-12-25,2021-01-10,2021-05-24,16,82.6962,2020-12-25,2021-01-07,14,1005,False,True,0.0270887,0.0397813,False,19.3091,True,24.3408,1.18962,0.278469,1.2863,0.443073,True,0.048263,0.00334143,0.967536,1.33784,2021-01-02,9,ok,
Otsego County,36077,NY,59493,1,True,2020-08-25,2020-09-04,2020-09-15,10,33.8575,2020-08-25,2020-09-04,11,111,True,False,0.323212,0.107716,False,7.50337,True,6.86798,3.26248,0.754012,6.42591,2.53939,False,,,,,2020-08-30,5,ok,
Putnam County,36079,NY,98320,1,False,2020-03-18,2020-04-28,2020-06-01,41,53.9056,2020-03-18,2020-03-31,14,185,False,True,0.0875864,0.0667407,False,9.2024,True,11.1327,1.6131,0.467185,2.03696,0.912922,True,0.105259,0.016222,0.689046,1.73681,2020-04-07,21,ok,
Putnam County,36079,NY,98320,2,True,2020-10-29,2020-12-05,2020-12-21,37,79.0422,2020-10-29,2020-11-11,14,218,False,True,0.103965,0.0391783,False,3.60086,True,3.56726,1.72775,0.274248,2.26663,0.562856,True,0.085524,0.00380389,0.967464,1.59867,2020-11-16,19,ok,
Putnam County,36079,NY,98320,3,False,2020-12-22,2021-01-10,2021-04-27,19,113.187,2020-12-22,2021-01-04,14,994,False,True,0.0511281,0.00920779,False,1.08024,False,1.08058,1.3579,0.0644546,1.56618,0.111851,True,0.0484749,0.00414441,0.944754,1.33932,2020-12-31,10,ok,
Queens County,36081,NY,2253858,1,True,2020-03-17,2020-04-09,2020-06-01,23,72.2507,2020-03-17,2020-03-30,14,12638,False,True,0.136928,0.0256892,False,81.8784,True,90.8141,1.95849,0.179825,2.76301,0.40463,True,0.16528,0.0152107,0.921918,2.15696,2020-03-28,12,ok,
Rensselaer County,36083,NY,158714,1,False,2020-03-18,2020-04-28,2020-06-12,41,9.00092,2020-03-18,2020-03-31,14,42,False,True,-0.114621,0.0788829,True,2.73687,True,2.85921,0.197654,0.55218,0.129688,0.409081,True,0.0369793,0.0142666,0.261234,1.25886,2020-04-07,21,ok,
Rensselaer County,36083,NY,158714,2,True,2020-11-14,2021-01-10,2021-02-10,57,106.571,2020-11-14,2020-11-27,14,388,False,True,0.0340334,0.014608,False,1.01672,False,1.0202,1.23823,0.102256,1.36466,0.16696,True,0.0478258,0.00206365,0.952136,1.33478,2020-12-12,29,ok,
Richmond County,36085,NY,476143,1,True,2020-03-18,2020-04-11,2020-05-13,24,94.8995,2020-03-18,2020-03-31,14,2318,False,True,0.0605477,0.0275293,False,20.5816,True,21.5826,1.42383,0.192705,1.68246,0.3453,True,0.0872733,0.0137711,0.785,1.61091,2020-03-30,13,ok,
Rockland County,36087,NY,325789,1,True,2020-03-19,2020-04-03,2020-05-10,15,139.968,2020-03-19,2020-04-01,14,3291,False,True,0.131385,0.0287081,False,27.0834,True,29.1287,1.9197,0.200957,2.67636,0.445498,True,0.205606,0.0120745,0.979727,2.43924,2020-03-26,8,ok,
St. Lawrence County,36089,NY,107740,1,False,2020-03-24,2020-04-23,2020-04-28,30,8.22085,2020-03-24,2020-04-06,14,58,False,True,0.191962,0.0748107,False,2.60997,True,3.1628,2.34373,0.523675,3.69346,1.35126,True,0.0796195,0.0259618,0.419778,1.55734,2020-04-08,15,ok,
St. Lawrence County,36089,NY,107740,2,True,2020-11-09,2021-01-08,2021-03-16,60,88.1752,2020-11-09,2020-11-22,14,187,False,True,0.0168261,0.0354008,False,2.86088,True,3.01177,1.11778,0.247806,1.17421,0.379026,True,0.0467148,0.00325737,0.876423,1.327,2020-12-09,31,ok,
Saratoga County,36091,NY,229863,1,False,2020-03-12,2020-04-27,2020-04-28,46,5.53125,2020-03-12,2020-03-25,14,62,False,True,0.203874,0.0734441,False,2.55782,True,2.9419,2.42712,0.514109,3.91159,1.36332,True,0.0540603,0.0128326,0.482952,1.37842,2020-04-04,21,ok,
Saratoga County,36091,NY,229863,2,True,2020-11-19,2021-01-10,2021-02-10,52,104.596,2020-11-19,2020-12-02,14,644,False,True,0.0410974,0.0232131,False,4.16423,True,4.19349,1.28768,0.162492,1.44644,0.272199,True,0.046637,0.00118879,0.984016,1.32646,2020-12-15,27,ok,
Schenectady County,36093,NY,155299,1,False,2020-03-19,2020-04-28,2020-06-04,40,19.9615,2020-03-27,2020-04-09,14,105,False,True,0.0751562,0.0288531,False,1.14363,False,1.12063,1.52609,0.201972,1.87018,0.379607,True,0.0680434,0.00491678,0.945684,1.4763,2020-04-08,13,ok,
Schenectady County,36093,NY,155299,2,True,2020-11-11,2021-01-10,2021-02-13,60,115.905,2020-11-12,2020-11-25,14,450,False,True,0.0672466,0.0277484,False,4.01779,True,4.04362,1.47073,0.194239,1.76743,0.355856,True,0.0584453,0.00199824,0.968307,1.40912,2020-12-11,30,ok,
Steuben County,36101,NY,95379,1,False,2020-03-18,2020-04-11,2020-04-28,24,10.784,2020-03-18,2020-03-31,14,24,False,False,,,False,,False,,,,,,True,0.160287,0.0163664,0.931984,2.12201,2020-03-30,9,dropped,< 30 cases in window
Steuben County,36101,NY,95379,2,True,2020-09-25,2021-01-10,2021-02-10,107,93.7613,2020-09-25,2020-10-08,14,232,False,True,0.0703538,0.02842,False,2.16173,True,2.25842,1.49248,0.19894,1.80748,0.368177,True,0.00725467,0.00191996,0.215419,1.05078,2020-11-17,54,ok,
Suffolk County,36103,NY,1476601,1,True,2020-03-19,2020-04-06,2020-05-23,18,83.8509,2020-03-19,2020-04-01,14,7489,False,True,0.130498,0.0166941,False,20.8964,True,23.215,1.91349,0.116859,2.66261,0.25844,True,0.168696,0.0112818,0.965456,2.18087,2020-03-28,10,ok,
Suffolk County,36103,NY,1476601,2,False,2020-11-08,2021-01-10,2021-02-10,63,143.283,2020-11-08,2020-11-21,14,5338,False,True,0.0210195,0.00874251,False,4.97094,True,4.98425,1.14714,0.0611976,1.21947,0.0951432,True,0.0444473,0.00127393,0.975948,1.31113,2020-12-09,32,ok,
Sullivan County,36105,NY,75432,1,True,2020-03-18,2020-04-27,2020-06-07,40,48.8614,2020-03-18,2020-03-31,14,108,False,True,0.143165,0.0443442,False,2.04395,True,2.75913,2.00215,0.310409,2.86206,0.71008,True,0.124208,0.0110544,0.869189,1.86945,2020-04-07,21,ok,
Tompkins County,36109,NY,102180,1,False,2020-03-18,2020-03-31,2020-04-09,13,8.10894,2020-03-18,2020-03-31,14,65,False,True,0.171996,0.0789943,False,3.52806,True,3.96063,2.20397,0.55296,3.3412,1.36058,False,,,,,2020-03-24,6,ok,
Tompkins County,36109,NY,102180,2,False,2020-08-25,2020-09-04,2020-11-03,10,10.3459,2020-08-25,2020-09-04,11,64,True,False,0.210603,0.0898208,False,4.01638,True,3.78337,2.47422,0.628746,4.03746,1.6927,False,,,,,2020-08-30,6,ok,
Tompkins County,36109,NY,102180,3,True,2020-11-04,2020-12-06,2021-01-03,32,37.7485,2020-11-04,2020-11-17,14,160,False,True,0.104413,0.0450577,False,3.49174,True,3.55586,1.73089,0.315404,2.27307,0.64817,True,0.0453047,0.0138386,0.416745,1.31713,2020-11-20,17,ok,
Ulster County,36111,NY,177573,1,False,2020-03-21,2020-04-22,2020-06-03,32,27.8356,2020-03-21,2020-04-03,14,251,False,True,0.0930855,0.0433508,False,5.20595,True,6.15685,1.6516,0.303456,2.11282,0.602992,True,0.0887943,0.0112292,0.806521,1.62156,2020-04-06,17,ok,
Ulster County,36111,NY,177573,2,False,2020-07-24,2020-07-29,2020-09-08,5,8.84948,2020-07-24,2020-07-29,6,,True,False,,,False,,False,,,,,,False,,,,,2020-07-26,3,dropped,rise too short
Ulster County,36111,NY,177573,3,True,2020-11-08,2021-01-10,2021-02-23,63,74.0943,2020-11-08,2020-11-21,14,397,False,True,0.0546325,0.0267405,False,3.35337,True,3.4408,1.38243,0.187183,1.609,0.328763,True,0.04891,0.00205793,0.949567,1.34237,2020-12-09,32,ok,
Warren County,36113,NY,63944,1,True,2020-12-01,2021-01-10,2021-02-13,40,97.8535,2020-12-01,2020-12-14,14,173,False,True,0.0248353,0.0218046,False,1.40855,False,1.42765,1.17385,0.152632,1.26131,0.24079,True,0.022502,0.00503041,0.512938,1.15751,2020-12-21,21,ok,
Washington County,36115,NY,61204,1,False,2020-04-07,2020-04-28,2020-05-11,21,20.3068,2020-04-07,2020-04-20,14,46,False,True,0.063119,0.0431583,False,1.13469,False,1.32184,1.44183,0.302108,1.71485,0.545996,True,0.0775061,0.010743,0.852579,1.54254,2020-04-17,11,ok,
Washington County,36115,NY,61204,2,True,2020-12-02,2021-01-10,2021-02-13,39,77.2592,2020-12-02,2020-12-15,14,140,False,True,0.102093,0.0456309,False,3.15117,True,3.15982,1.71465,0.319416,2.23982,0.651971,True,0.0383557,0.00932559,0.484483,1.26849,2020-12-21,20,ok,
Wayne County,36117,NY,89918,1,True,2020-10-22,2021-01-07,2021-02-10,77,80.8673,2020-10-22,2020-11-04,14,209,False,True,0.0260459,0.0363865,False,3.36171,True,3.46595,1.18232,0.254706,1.27471,0.40367,True,0.0218296,0.00237837,0.694826,1.15281,2020-11-29,39,ok,
Westchester County,36119,NY,967506,1,True,2020-03-17,2020-03-26,2020-05-24,9,98.1315,2020-03-17,2020-03-26,10,5724,True,False,0.235329,0.0345728,False,43.5589,True,40.7499,2.64731,0.242009,4.51627,0.687439,False,,,,,2020-03-21,5,ok,
Alamance County,37001,NC,169509,1,True,2020-06-06,2020-12-31,2021-06-04,208,115.207,2020-06-24,2020-07-07,14,340,False,True,0.0303659,0.0155826,False,1.56265,False,1.58087,1.21256,0.109078,1.32302,0.1757,True,0.00087088,0.000914469,0.0105572,1.0061,2020-09-18,87,ok,
Brunswick County,37019,NC,142820,1,True,2020-10-31,2020-12-31,2021-03-30,61,66.2172,2020-10-31,2020-11-13,14,291,False,True,0.0108053,0.0322305,False,3.69779,True,3.82802,1.07564,0.225614,1.11051,0.336932,True,0.0261732,0.00178147,0.881561,1.18321,2020-11-30,31,ok,
Buncombe County,37021,NC,261191,1,True,2020-09-22,2020-12-31,2021-03-10,100,92.4337,2020-10-21,2020-11-03,14,560,False,True,0.049468,0.0825314,False,45.3533,True,58.9184,1.34628,0.57772,1.54607,0.996786,True,0.00829416,0.00686959,0.0679359,1.05806,2020-11-11,22,ok,
Burke County,37023,NC,90485,1,False,2020-05-02,2020-06-14,2020-10-26,43,38.3647,2020-05-06,2020-05-19,14,89,False,True,0.103864,0.0493765,False,2.33559,True,2.53859,1.72705,0.345636,2.26518,0.70916,True,0.0868796,0.00604767,0.92805,1.60816,2020-05-23,18,ok,
Burke County,37023,NC,90485,2,True,2020-10-27,2020-12-31,2021-02-24,65,131.356,2020-10-27,2020-11-09,14,342,False,True,0.0403667,0.0727954,False,21.7636,True,29.6362,1.28257,0.509568,1.43789,0.851372,True,0.0355572,0.00240212,0.876055,1.2489,2020-11-28,33,ok,
Cabarrus County,37025,NC,216453,1,True,2020-06-24,2020-12-31,2021-03-10,190,114.113,2020-08-17,2020-08-30,14,339,False,True,0.0245015,0.0408192,False,6.86869,True,7.26693,1.17151,0.285734,1.25762,0.450197,True,0.00515925,0.00197393,0.145872,1.03611,2020-09-27,42,ok,
Caldwell County,37027,NC,82178,1,False,2020-05-15,2020-07-25,2020-09-07,71,34.9416,2020-05-23,2020-06-05,14,87,False,True,0.0844806,0.0581457,False,3.30568,True,4.01121,1.59136,0.40702,1.99468,0.787768,True,0.0295309,0.00669897,0.427728,1.20672,2020-06-19,28,ok,
Caldwell County,37027,NC,82178,2,True,2020-10-02,2020-12-31,2021-02-14,90,182.531,2020-11-10,2020-11-23,14,408,False,True,0.05385,0.0313967,False,4.75584,True,5.13954,1.37695,0.219777,1.5994,0.384977,True,0.0816116,0.00803881,0.953733,1.57128,2020-11-16,7,ok,
Carteret County,37031,NC,69473,1,True,2020-09-22,2020-12-31,2021-03-03,100,73.2042,2020-10-22,2020-11-04,14,232,False,True,0.0172624,0.0711284,False,14.326,True,18.1198,1.12084,0.497899,1.17888,0.762854,True,0.0209361,0.00984175,0.192358,1.14655,2020-11-11,21,ok,
Catawba County,37035,NC,159551,1,True,2020-09-22,2020-12-31,2021-03-18,100,148.721,2020-10-01,2020-10-14,14,514,False,True,0.0312525,0.0379699,False,8.97002,True,9.83521,1.21877,0.26579,1.33304,0.429539,True,0.0219338,0.0024873,0.660333,1.15354,2020-11-11,42,ok,
Chatham County,37037,NC,74470,1,True,2020-04-07,2020-04-28,2020-06-21,21,31.4604,2020-04-07,2020-04-20,14,106,False,True,0.0270346,0.0414094,False,2.20677,True,2.89797,1.18924,0.289866,1.28569,0.461112,True,0.0928923,0.0333713,0.492013,1.65025,2020-04-17,10,ok,
Cleveland County,37045,NC,97947,1,True,2020-06-28,2020-12-18,2020-12-24,173,97.4288,2020-09-01,2020-09-14,14,240,False,True,0.0480675,0.0532137,False,8.09393,True,9.91955,1.33647,0.372496,1.52919,0.639566,True,0.0453986,0.00379605,0.877322,1.31779,2020-09-22,22,ok,
Cleveland County,37045,NC,97947,2,False,2020-12-25,2020-12-31,2021-03-28,6,145.706,2020-12-26,2020-12-31,6,,True,False,,,False,,False,,,,,,False,,,,,2020-12-28,3,dropped,rise too short
Columbus County,37047,NC,55508,1,True,2020-10-31,2020-11-24,2020-12-24,24,88.5329,2020-11-04,2020-11-17,14,438,False,True,0.0222234,0.0507761,False,13.7501,True,14.7035,1.15556,0.355433,1.23261,0.555155,True,0.104168,0.0183445,0.821631,1.72918,2020-11-12,9,ok,
Columbus County,37047,NC,55508,2,False,2020-12-25,2021-01-05,2021-03-06,11,130.483,2020-12-26,2021-01-05,11,523,True,False,-0.0312281,0.135703,True,95.7416,True,87.7093,0.781403,0.94992,0.708198,1.17904,False,,,,,2020-12-30,5,ok,
Craven County,37049,NC,102139,1,False,2020-05-10,2020-05-20,2020-05-26,10,13.0075,2020-05-10,2020-05-20,11,84,True,False,0.149205,0.120689,False,10.736,True,10.1235,2.04444,0.844824,2.95956,1.9632,False,,,,,2020-05-15,6,ok,
Craven County,37049,NC,102139,2,True,2020-08-11,2020-09-28,2020-11-09,48,55.107,2020-08-25,2020-09-07,14,195,False,True,0.00439595,0.0568829,False,7.72736,True,8.45912,1.03077,0.39818,1.04437,0.579331,True,0.0555059,0.0345938,0.222424,1.38854,2020-09-04,11,ok,
Craven County,37049,NC,102139,3,False,2020-11-10,2020-12-19,2021-03-27,39,96.7869,2020-11-10,2020-11-23,14,380,False,True,0.0967713,0.0317767,False,4.19992,True,4.736,1.6774,0.222437,2.16437,0.44692,True,0.0341904,0.00717904,0.557541,1.23933,2020-11-29,20,ok,
Cumberland County,37051,NC,335509,1,True,2020-10-30,2021-02-02,2021-02-28,95,70.8944,2020-10-30,2020-11-12,14,942,False,True,-0.0477555,0.0359594,True,14.5123,True,18.0549,0.665711,0.251716,0.570337,0.287469,True,0.020447,0.00151706,0.797942,1.14313,2020-12-16,48,ok,
Davidson County,37057,NC,167609,1,True,2020-11-02,2020-12-31,2021-02-20,59,127.337,2020-11-09,2020-11-22,14,718,False,True,0.0523077,0.0255311,False,5.54529,True,5.66549,1.36615,0.178718,1.58053,0.311401,True,0.0247187,0.00364765,0.686204,1.17303,2020-12-01,23,ok,
Duplin County,37061,NC,58741,1,True,2020-04-21,2020-05-21,2020-08-14,30,58.3676,2020-04-21,2020-05-04,14,94,False,True,0.00607994,0.0454296,False,2.37545,True,2.46547,1.04256,0.318007,1.06158,0.465897,True,0.0633208,0.00831364,0.805585,1.44325,2020-05-06,16,ok,
Duplin County,37061,NC,58741,2,False,2020-09-22,2020-09-28,2020-10-19,6,63.2316,2020-09-25,2020-09-28,4,,True,False,,,False,,False,,,,,,False,,,,,2020-09-25,1,dropped,rise too short
Duplin County,37061,NC,58741,3,False,2020-10-20,2020-12-31,2021-03-29,72,99.4681,2020-11-09,2020-11-22,14,265,False,True,0.0624305,0.0362318,False,4.06433,True,4.62274,1.43701,0.253622,1.70615,0.457321,True,0.0488318,0.00668803,0.780413,1.34182,2020-11-25,17,ok,
Durham County,37063,NC,321488,1,False,2020-03-14,2020-04-25,2020-05-02,42,13.5086,2020-03-14,2020-03-27,14,82,False,True,0.0637553,0.0905644,False,7.84183,True,10.0298,1.44629,0.633951,1.72291,1.14815,True,0.0648052,0.0094428,0.712555,1.45364,2020-04-04,21,ok,
Durham County,37063,NC,321488,2,False,2020-05-16,2020-06-09,2020-08-31,24,26.2174,2020-05-16,2020-05-29,14,503,False,True,0.0313665,0.0320716,False,6.26211,True,6.34495,1.21957,0.224501,1.33433,0.362966,True,0.0473263,0.00802279,0.759815,1.33128,2020-05-28,13,ok,
Durham County,37063,NC,321488,3,True,2020-10-31,2020-12-31,2021-02-28,61,64.5214,2020-11-14,2020-11-27,14,1076,False,True,0.0228847,0.0280939,False,10.3369,True,10.4713,1.16019,0.196657,1.23985,0.307942,True,0.0143032,0.00311837,0.583776,1.10012,2020-11-30,17,ok,
Edgecombe County,37065,NC,51472,1,True,2020-07-10,2021-01-10,2021-01-24,184,70.2185,2020-07-10,2020-07-23,14,114,False,True,0.0251272,0.0268631,False,1.78476,False,1.93284,1.17589,0.188042,1.26453,0.296981,True,0.00840405,0.000653691,0.644926,1.05883,2020-10-10,93,ok,
Forsyth County,37067,NC,382295,1,True,2020-09-28,2020-12-31,2021-05-30,94,96.1113,2020-09-28,2020-10-11,14,634,False,True,0.0289404,0.0286974,False,6.33084,True,6.61593,1.20258,0.200882,1.30699,0.321855,True,0.0273758,0.00128436,0.908059,1.19163,2020-11-14,48,ok,
Franklin County,37069,NC,69685,1,False,2020-04-08,2020-04-09,2020-04-27,1,10.6602,2020-04-08,2020-04-09,2,,True,False,,,False,,False,,,,,,False,,,,,2020-04-08,1,dropped,rise too short
Franklin County,37069,NC,69685,2,True,2020-10-31,2020-12-31,2021-05-21,61,105.372,2020-10-31,2020-11-13,14,243,False,True,-0.0390419,0.0442989,True,5.73383,True,6.0999,0.726707,0.310093,0.641591,0.37035,True,0.0173492,0.00386265,0.410256,1.12144,2020-11-30,31,ok,
Gaston County,37071,NC,224529,1,False,2020-06-02,2020-07-13,2020-08-04,41,33.6578,2020-06-02,2020-06-15,14,239,False,True,0.0981254,0.019582,False,1.369,False,1.38337,1.68688,0.137074,2.18345,0.276523,True,0.0752455,0.00400616,0.948895,1.52672,2020-06-22,21,ok,
Gaston County,37071,NC,224529,2,True,2020-10-04,2020-12-31,2021-02-24,88,154.228,2020-10-26,2020-11-08,14,1146,False,True,0.0529541,0.0701874,False,66.8352,True,89.1962,1.37068,0.491312,1.58843,0.857976,True,0.0129478,0.00708357,0.137261,1.09063,2020-11-17,23,ok,
Granville County,37077,NC,60443,1,True,2020-05-14,2020-06-08,2020-06-29,25,71.6141,2020-05-14,2020-05-27,14,87,False,True,0.043015,0.0309795,False,1.71593,False,1.84425,1.30111,0.216857,1.46901,0.365764,True,0.0410908,0.00649128,0.784613,1.28764,2020-05-26,13,ok,
Granville County,37077,NC,60443,2,False,2020-10-30,2021-01-05,2021-02-21,67,98.558,2020-11-06,2020-11-19,14,222,False,True,0.0284073,0.0591259,False,9.41366,True,12.2853,1.19885,0.413881,1.30102,0.661802,True,0.00712215,0.00317637,0.167433,1.04986,2020-12-02,27,ok,
Guilford County,37081,NC,537174,1,False,2020-04-18,2020-06-06,2020-07-02,49,11.3025,2020-04-18,2020-05-01,14,253,False,True,0.0374806,0.0181175,False,1.28285,False,1.34697,1.26236,0.126822,1.40431,0.209695,True,0.0292224,0.00452333,0.644712,1.20456,2020-05-12,25,ok,
Guilford County,37081,NC,537174,2,True,2020-10-05,2020-12-31,2021-05-17,87,85.9525,2020-10-21,2020-11-03,14,1602,False,True,0.0623218,0.0753333,False,106.236,True,138.004,1.43625,0.527333,1.70478,0.950519,True,0.0309757,0.00319837,0.782965,1.21683,2020-11-17,28,ok,
Halifax County,37083,NC,50010,1,False,2020-07-06,2020-07-10,2020-09-08,4,29.4227,2020-07-06,2020-07-10,5,,True,False,,,False,,False,,,,,,False,,,,,2020-07-08,3,dropped,rise too short
Halifax County,37083,NC,50010,2,True,2020-10-10,2021-01-31,2021-02-16,113,145.685,2020-10-22,2020-11-04,14,229,False,True,0.0262747,0.0719586,False,14.4036,True,19.3863,1.18392,0.50371,1.27724,0.798995,True,0.0119227,0.00218621,0.408868,1.08346,2020-12-05,45,ok,
Harnett County,37085,NC,135976,1,True,2020-07-09,2020-12-31,2021-03-16,175,76.379,2020-07-13,2020-07-26,14,219,False,True,0.0354052,0.0316427,False,2.6453,True,2.68878,1.24784,0.221499,1.38038,0.36348,True,0.00499613,0.000930767,0.260013,1.03497,2020-10-04,84,ok,
Haywood County,37087,NC,62317,1,False,2020-07-08,2020-08-06,2020-08-11,29,30.7185,2020-07-10,2020-07-23,14,87,False,True,0.0497581,0.0507401,False,2.66227,True,3.20882,1.34831,0.35518,1.54957,0.613439,True,0.065423,0.00957015,0.809468,1.45796,2020-07-22,13,ok,
Haywood County,37087,NC,62317,2,True,2020-10-31,2020-12-31,2021-03-01,61,96.7404,2020-11-01,2020-11-14,14,132,False,True,-0.0260459,0.0441834,True,3.13058,True,3.85251,0.817678,0.309284,0.753787,0.393501,True,0.0480813,0.00348954,0.871473,1.33657,2020-11-30,30,ok,
Henderson County,37089,NC,117417,1,False,2020-04-02,2020-07-11,2020-10-30,100,28.5916,2020-04-20,2020-05-03,14,81,False,True,0.0390419,0.0753854,False,5.53492,True,7.6211,1.27329,0.527698,1.42243,0.877468,True,0.00520564,0.00574934,0.0257641,1.03644,2020-05-22,33,ok,
Henderson County,37089,NC,117417,2,True,2020-11-16,2020-12-31,2021-03-19,45,101.348,2020-11-18,2020-12-01,14,389,False,True,-0.00955185,0.0263134,True,3.29576,True,3.37662,0.933137,0.184194,0.906398,0.252578,True,0.0248268,0.002608,0.826674,1.17379,2020-12-08,21,ok,
Hoke County,37093,NC,55234,1,True,2020-09-10,2020-12-31,2021-02-23,112,78.6265,2020-10-22,2020-11-04,14,142,False,True,0.0570857,0.0804151,False,10.8113,True,13.6806,1.3996,0.562906,1.63929,0.996955,True,0.0396233,0.00949203,0.572725,1.27736,2020-11-05,15,ok,
Iredell County,37097,NC,181806,1,True,2020-10-10,2020-12-31,2021-04-05,82,106.236,2020-10-27,2020-11-09,14,510,False,True,0.0865908,0.0581781,False,19.3166,True,26.4735,1.60614,0.407247,2.02337,0.793364,True,0.0364914,0.00516627,0.684463,1.25544,2020-11-20,25,ok,
Johnston County,37101,NC,209339,1,True,2020-09-22,2020-12-31,2021-03-30,100,113.35,2020-10-01,2020-10-14,14,444,False,True,0.00386124,0.0343457,False,6.41482,True,6.75003,1.02703,0.24042,1.03893,0.349027,True,0.0202055,0.00192799,0.733033,1.14144,2020-11-11,42,ok,
Lee County,37105,NC,61779,1,False,2020-04-10,2020-04-29,2020-05-24,19,22.1989,2020-04-10,2020-04-23,14,61,False,True,0.173013,0.0434965,False,1.23591,False,1.44157,2.21109,0.304475,3.35873,0.751033,True,0.150688,0.00632069,0.98612,2.05482,2020-04-19,10,ok,
Lee County,37105,NC,61779,2,False,2020-07-06,2020-07-31,2020-08-08,25,33.0672,2020-07-17,2020-07-30,14,166,False,True,0.01378,0.0447819,False,4.06855,True,4.73716,1.09646,0.313474,1.14179,0.473737,False,,,,,2020-07-18,2,ok,
Lee County,37105,NC,61779,3,True,2020-11-16,2020-12-31,2021-02-27,45,103.826,2020-11-17,2020-11-30,14,205,False,True,0.0237479,0.0375505,False,3.51661,True,3.66485,1.16624,0.262853,1.24932,0.412958,True,0.0425555,0.00310836,0.903584,1.29789,2020-12-08,22,ok,
Lenoir County,37107,NC,55949,1,True,2020-09-22,2021-01-05,2021-03-09,105,116.943,2020-10-01,2020-10-14,14,150,False,True,0.0659065,0.0369239,False,2.37649,True,2.43745,1.46135,0.258468,1.75028,0.471448,True,0.0153261,0.00304708,0.375913,1.10728,2020-11-13,44,ok,
Lincoln County,37109,NC,86111,1,False,2020-05-28,2020-07-13,2020-07-19,46,26.7097,2020-05-28,2020-06-10,14,47,False,True,0.0811406,0.0613593,False,2.00184,True,2.37,1.56798,0.429515,1.94967,0.8227,True,0.0614932,0.00745747,0.755539,1.43045,2020-06-20,24,ok,
Lincoln County,37109,NC,86111,2,True,2020-09-23,2020-12-31,2021-02-24,99,136.867,2020-10-26,2020-11-08,14,430,False,True,0.0537825,0.0655251,False,21.8334,True,29.512,1.37648,0.458676,1.59857,0.803264,True,0.0194958,0.0128321,0.133363,1.13647,2020-11-11,17,ok,
Mecklenburg County,37119,NC,1110356,1,True,2020-09-22,2020-12-31,2021-05-13,100,102.31,2020-10-01,2020-10-14,14,1843,False,True,0.0209662,0.0158568,False,5.64619,True,5.73456,1.14676,0.110998,1.21889,0.172531,True,0.0217397,0.00202803,0.741787,1.15218,2020-11-11,42,ok,
Moore County,37125,NC,100880,1,False,2020-05-20,2020-09-28,2020-10-30,131,26.9061,2020-05-23,2020-06-05,14,123,False,True,-0.0397433,0.0663635,True,6.50914,True,7.61281,0.721797,0.464545,0.635737,0.55286,True,0.0132367,0.00169783,0.499101,1.09266,2020-07-24,63,ok,
Moore County,37125,NC,100880,2,True,2020-11-12,2020-12-31,2021-03-02,49,110.032,2020-11-13,2020-11-26,14,369,False,True,-0.01007,0.0347348,True,5.44694,True,5.6098,0.92951,0.243144,0.90143,0.332657,True,0.045352,0.00428601,0.835779,1.31746,2020-12-06,24,ok,
Nash County,37127,NC,94298,1,True,2020-06-26,2020-12-31,2021-01-15,188,101.047,2020-07-03,2020-07-16,14,213,False,True,0.0255542,0.0282669,False,2.06825,True,2.11786,1.17888,0.197868,1.26926,0.313007,True,0.00770389,0.000763064,0.542381,1.05393,2020-09-28,88,ok,
New Hanover County,37129,NC,234473,1,True,2020-08-27,2021-01-23,2021-03-10,149,90.2937,2020-08-27,2020-09-09,14,604,False,True,0.0303884,0.0389341,False,11.0899,True,12.136,1.21272,0.272539,1.32328,0.439033,True,-0.000890747,0.00138857,0.00560544,0.993765,2020-11-09,75,ok,
Onslow County,37133,NC,197938,1,True,2020-09-17,2020-12-31,2021-03-21,105,101.547,2020-09-21,2020-10-04,14,508,False,True,-0.10326,0.0601384,True,19.8048,True,20.5448,0.277177,0.420969,0.191313,0.340568,True,0.00735396,0.00295946,0.116121,1.05148,2020-11-08,49,ok,
Orange County,37135,NC,148476,1,False,2020-03-23,2020-04-09,2020-04-16,17,9.42913,2020-03-23,2020-04-05,14,47,False,True,-0.00607994,0.0416851,True,1.27211,False,1.60798,0.95744,0.291796,0.939977,0.406207,True,0.0386856,0.0262992,0.236124,1.2708,2020-03-31,9,ok,
Orange County,37135,NC,148476,2,True,2020-08-10,2020-08-23,2020-09-08,13,50.8019,2020-08-10,2020-08-23,14,543,False,True,0.214386,0.0337022,False,4.50537,True,5.90171,2.5007,0.235915,4.10906,0.640484,True,0.176596,0.0175999,0.952687,2.23617,2020-08-16,7,ok,
Orange County,37135,NC,148476,3,False,2020-10-30,2020-12-31,2021-03-07,62,49.07,2020-10-30,2020-11-12,14,308,False,True,-0.00371078,0.0330254,True,4.11443,True,4.27904,0.974025,0.231178,0.963181,0.325107,True,0.0143842,0.00278999,0.469785,1.10069,2020-11-30,32,ok,
Pender County,37141,NC,63060,1,False,2020-06-01,2020-07-11,2020-07-30,40,25.3727,2020-06-01,2020-06-14,14,65,False,True,-0.00439595,0.0354427,True,1.73251,False,1.96766,0.969228,0.248099,0.956446,0.347883,True,0.0160308,0.00626611,0.256217,1.11222,2020-06-21,21,ok,
Pender County,37141,NC,63060,2,True,2020-09-11,2021-01-22,2021-05-16,133,99.9049,2020-09-11,2020-09-24,14,108,False,True,0.00529161,0.0401272,False,2.12955,True,2.23843,1.03704,0.28089,1.0535,0.41019,True,0.0106374,0.00181048,0.346873,1.07446,2020-11-16,67,ok,
Pitt County,37147,NC,180742,1,True,2020-06-26,2020-12-08,2020-12-24,165,70.2659,2020-06-28,2020-07-11,14,263,False,True,-0.00760636,0.0176241,True,1.30787,False,1.32466,0.946755,0.123369,0.925151,0.170611,True,0.0157988,0.00165678,0.535109,1.11059,2020-09-16,81,ok,
Pitt County,37147,NC,180742,2,False,2020-12-25,2020-12-31,2021-03-05,6,125.514,2020-12-26,2020-12-31,6,,True,False,,,False,,False,,,,,,False,,,,,2020-12-28,3,dropped,rise too short
Randolph County,37151,NC,143667,1,False,2020-04-20,2020-07-15,2020-08-09,86,26.2512,2020-04-20,2020-05-03,14,164,False,True,0.101642,0.0352351,False,2.20339,True,2.49412,1.7115,0.246646,2.23338,0.502769,True,0.0117809,0.00332381,0.230244,1.08247,2020-06-02,44,ok,
Randolph County,37151,NC,143667,2,True,2020-09-19,2020-12-31,2021-04-15,103,110.076,2020-09-19,2020-10-02,14,309,False,True,-0.03063,0.0375477,True,5.27571,True,5.37342,0.78559,0.262834,0.713402,0.327174,True,0.0185288,0.00197782,0.637063,1.1297,2020-11-09,52,ok,
Robeson County,37155,NC,130625,1,False,2020-04-19,2020-05-07,2020-05-22,18,20.4511,2020-04-19,2020-05-02,14,183,False,True,0.0553261,0.0528391,False,6.02996,True,6.40642,1.38728,0.369874,1.61754,0.651173,True,0.129792,0.0299971,0.700614,1.90854,2020-04-28,10,ok,
Robeson County,37155,NC,130625,2,True,2020-08-11,2020-12-31,2021-03-01,142,139.221,2020-09-21,2020-10-04,14,555,False,True,-0.018042,0.055286,True,20.698,True,22.7375,0.873706,0.387002,0.826416,0.510966,True,0.0122266,0.00453072,0.200715,1.08559,2020-10-21,31,ok,
Rockingham County,37157,NC,91010,1,False,2020-08-02,2020-09-03,2020-09-09,32,27.9404,2020-08-12,2020-08-25,14,158,False,True,0.0290326,0.0514167,False,5.06436,True,5.92024,1.20323,0.359917,1.30803,0.576863,True,0.147167,0.0280819,0.845985,2.03017,2020-08-18,7,ok,
Rockingham County,37157,NC,91010,2,True,2020-09-23,2021-01-10,2021-02-28,109,91.6697,2020-09-24,2020-10-07,14,282,False,True,0.040802,0.035564,False,4.28134,True,4.45236,1.28561,0.248948,1.44298,0.416585,True,0.0119589,0.00131585,0.613664,1.08371,2020-11-16,54,ok,
Rowan County,37159,NC,142088,1,False,2020-07-27,2020-08-26,2020-09-08,30,27.5483,2020-07-28,2020-08-10,14,329,False,True,0.0147765,0.0316902,False,4.03666,True,4.13791,1.10344,0.221832,1.15235,0.33657,True,0.0105478,0.00585702,0.199663,1.07383,2020-08-11,15,ok,
Rowan County,37159,NC,142088,2,True,2020-11-02,2020-12-31,2021-03-01,59,148.902,2020-11-09,2020-11-22,14,685,False,True,0.0432897,0.031833,False,8.31094,True,8.39262,1.30303,0.222831,1.47225,0.376208,True,0.0250572,0.00197427,0.884668,1.1754,2020-12-01,23,ok,
Rutherford County,37161,NC,67029,1,True,2020-09-23,2020-12-31,2021-02-24,99,164.961,2020-10-30,2020-11-12,14,165,False,True,-0.0615404,0.0603972,True,7.04141,True,7.98678,0.569217,0.422781,0.464128,0.447864,True,-0.00284522,0.0154458,0.00307525,0.980083,2020-11-11,13,ok,
Sampson County,37163,NC,63531,1,True,2020-09-15,2020-09-28,2020-12-24,13,112.206,2020-09-20,2020-09-28,9,489,True,False,0.143118,0.33996,False,347.094,True,199.903,2.00183,2.37972,2.86132,5.44308,False,,,,,2020-09-21,2,ok,
Sampson County,37163,NC,63531,2,False,2020-12-25,2020-12-31,2021-03-05,6,111.307,2020-12-26,2020-12-31,6,,True,False,,,False,,False,,,,,,False,,,,,2020-12-28,3,dropped,rise too short
Stanly County,37167,NC,62806,1,True,2020-10-31,2020-12-31,2021-04-05,61,139.659,2020-10-31,2020-11-13,14,201,False,True,-0.0299601,0.0511311,True,6.36702,True,7.95231,0.790279,0.357918,0.719249,0.446972,True,0.0287157,0.00215341,0.859783,1.20101,2020-11-30,31,ok,
Surry County,37171,NC,71783,1,True,2020-09-27,2020-12-31,2021-03-10,95,121.597,2020-09-27,2020-10-10,14,164,False,True,-0.00348449,0.0417526,True,3.50173,True,3.74298,0.975609,0.292268,0.96541,0.411416,True,0.0261001,0.00177761,0.824146,1.1827,2020-11-13,48,ok,
Union County,37179,NC,239859,1,True,2020-10-31,2020-12-31,2021-04-05,61,131.625,2020-11-09,2020-11-22,14,863,False,True,0.0215604,0.039365,False,16.289,True,20.5913,1.15092,0.275555,1.22537,0.429296,True,0.0274813,0.00200214,0.904032,1.19237,2020-11-30,22,ok,
Wake County,37183,NC,1111761,1,True,2020-09-24,2021-01-12,2021-05-13,110,87.0819,2020-10-01,2020-10-14,14,1578,False,True,-0.0123198,0.0354125,True,24.1963,True,25.7928,0.913762,0.247888,0.87999,0.335802,True,0.0206925,0.00205589,0.683085,1.14485,2020-11-18,49,ok,
Watauga County,37189,NC,56177,1,True,2020-07-03,2020-09-28,2020-10-26,87,77.561,2020-08-09,2020-08-22,14,89,False,True,0.00321041,0.0302876,False,1.87559,False,2.01484,1.02247,0.212013,1.03232,0.30696,True,0.115935,0.0174966,0.897762,1.81154,2020-08-15,7,ok,
Watauga County,37189,NC,56177,2,False,2020-11-14,2020-12-06,2020-12-24,22,67.8976,2020-11-14,2020-11-27,14,271,False,True,0.00316302,0.033249,False,3.66951,True,3.7792,1.02214,0.232743,1.03184,0.336907,True,0.0396803,0.012424,0.504968,1.27776,2020-11-25,12,ok,
Watauga County,37189,NC,56177,3,False,2020-12-25,2020-12-31,2021-01-28,6,77.3067,2020-12-26,2020-12-31,6,,True,False,,,False,,False,,,,,,False,,,,,2020-12-28,3,dropped,rise too short
Wayne County,37191,NC,123131,1,True,2020-04-08,2020-04-19,2020-05-03,11,58.5903,2020-04-11,2020-04-19,9,411,True,False,0.485651,0.147687,False,27.8548,True,23.3998,4.39956,1.03381,10.8095,4.48928,False,,,,,2020-04-13,3,ok,
Wayne County,37191,NC,123131,2,False,2020-09-20,2020-12-31,2021-01-18,102,78.0818,2020-09-29,2020-10-12,14,465,False,True,0.0502823,0.0339605,False,6.37024,True,6.51825,1.35198,0.237724,1.55592,0.411325,True,0.00406651,0.00306656,0.0411262,1.02847,2020-11-10,43,ok,
Wilkes County,37193,NC,68412,1,False,2020-04-26,2020-05-16,2020-05-30,20,42.8079,2020-04-26,2020-05-09,14,184,False,True,0.178468,0.0807008,False,10.1684,True,9.62202,2.24927,0.564905,3.45354,1.41191,True,0.220637,0.0207696,0.926139,2.54446,2020-05-06,11,ok,
Wilkes County,37193,NC,68412,2,False,2020-08-03,2020-08-11,2020-09-07,8,24.4318,2020-08-03,2020-08-11,9,109,True,False,0.10763,0.137192,False,13.0509,True,12.6424,1.75341,0.960343,2.31957,1.99209,False,,,,,2020-08-07,5,ok,
Wilkes County,37193,NC,68412,3,True,2020-09-29,2020-12-31,2021-02-27,93,110.883,2020-09-30,2020-10-13,14,221,False,True,0.0482891,0.0194944,False,1.53929,False,1.53866,1.33802,0.136461,1.53186,0.234481,True,0.0210097,0.00223554,0.66748,1.14707,2020-11-14,46,ok,
Wilson County,37195,NC,81801,1,True,2020-06-01,2021-01-05,2021-05-09,218,108.626,2020-06-09,2020-06-22,14,165,False,True,0.033047,0.0223918,False,1.15793,False,1.16639,1.23133,0.156742,1.3534,0.254997,True,0.000261463,0.00104226,0.00062892,1.00183,2020-09-18,102,ok,
Burleigh County,38015,ND,95626,1,True,2020-07-21,2020-11-05,2020-12-28,107,227.374,2020-08-01,2020-08-14,14,410,False,True,0.0167439,0.0302364,False,4.57602,True,4.77732,1.11721,0.211655,1.17333,0.323627,True,0.0150831,0.00135259,0.752043,1.10558,2020-09-12,43,ok,
Cass County,38017,ND,181923,1,True,2020-08-25,2020-11-05,2021-01-17,72,160.665,2020-08-27,2020-09-09,14,618,False,True,0.0409626,0.0400489,False,11.8963,True,14.5981,1.28674,0.280343,1.44486,0.469391,True,0.0214709,0.00189514,0.795483,1.1503,2020-09-30,35,ok,
Grand Forks County,38035,ND,69451,1,False,2020-07-10,2020-08-26,2020-09-25,47,95.4424,2020-07-30,2020-08-12,14,103,False,True,0.0475921,0.0469246,False,2.70259,True,2.82129,1.33314,0.328472,1.52349,0.563042,False,,,,,2020-08-02,4,ok,
Grand Forks County,38035,ND,69451,2,True,2020-09-26,2020-11-05,2020-12-15,40,294.144,2020-09-26,2020-10-09,14,391,False,True,0.0494465,0.0451895,False,9.49392,True,10.4361,1.34613,0.316327,1.54581,0.545743,True,0.0521523,0.00349967,0.921185,1.36507,2020-10-16,21,ok,
Ward County,38101,ND,67641,1,True,2020-09-26,2020-11-03,2020-12-12,38,345.733,2020-09-27,2020-10-10,14,392,False,True,0.0366427,0.0145496,False,1.64381,False,1.67771,1.2565,0.101847,1.39462,0.167888,True,0.0518113,0.00478252,0.873478,1.36268,2020-10-15,19,ok,
Allen County,39003,OH,102351,1,True,2020-10-05,2020-11-22,2021-02-14,48,142.088,2020-10-07,2020-10-20,14,456,False,True,0.0429266,0.0249248,False,3.3931,True,3.48767,1.30049,0.174473,1.46796,0.294185,True,0.0307505,0.00307601,0.826357,1.21525,2020-10-29,23,ok,
Ashland County,39005,OH,53484,1,True,2020-10-21,2020-12-10,2021-01-31,50,141.564,2020-10-21,2020-11-03,14,156,False,True,0.0368327,0.0230658,False,1.23684,False,1.25134,1.25783,0.161461,1.39682,0.26634,True,0.0453395,0.00315025,0.896167,1.31738,2020-11-15,26,ok,
Ashtabula County,39007,OH,97241,1,True,2020-10-26,2020-11-22,2021-01-24,27,100.34,2020-10-26,2020-11-08,14,389,False,True,0.080667,0.0248718,False,2.72478,True,2.67057,1.56467,0.174103,1.94332,0.332984,True,0.102602,0.00483324,0.974062,1.71821,2020-11-08,14,ok,
Athens County,39009,OH,65327,1,False,2020-06-29,2020-07-13,2020-08-04,14,31.2713,2020-06-29,2020-07-12,14,137,False,True,0.207348,0.0311253,False,0.768636,False,1.09685,2.45143,0.217877,3.97633,0.582311,True,0.241284,0.0241473,0.943313,2.68899,2020-07-06,8,ok,
Athens County,39009,OH,65327,2,True,2020-11-18,2020-12-01,2020-12-24,13,75.0073,2020-11-19,2020-12-01,13,481,True,True,-0.013856,0.0279027,True,4.31979,True,6.00936,0.903008,0.195319,0.865471,0.262789,False,,,,,2020-11-24,6,ok,
Belmont County,39013,OH,67006,1,False,2020-03-31,2020-05-14,2020-07-13,44,20.0408,2020-03-31,2020-04-13,14,45,False,True,0.113561,0.0460006,False,0.976831,False,0.965284,1.79493,0.322004,2.40643,0.679409,True,0.0379613,0.0099297,0.422222,1.26573,2020-04-22,22,ok,
Belmont County,39013,OH,67006,2,True,2020-10-26,2020-12-07,2021-03-24,42,88.0518,2020-10-26,2020-11-08,14,208,False,True,0.0556378,0.0554077,False,7.53311,True,8.07406,1.38946,0.387854,1.62139,0.683553,True,0.0577472,0.0100852,0.621112,1.40423,2020-11-16,22,ok,
Butler County,39017,OH,383134,1,True,2020-08-23,2020-12-08,2021-04-01,107,105.148,2020-08-23,2020-09-05,14,1276,False,True,0.0751288,0.0231307,False,7.81047,True,7.69939,1.5259,0.161915,1.86982,0.304294,True,0.00156901,0.00215201,0.0101192,1.01098,2020-10-15,54,ok,
Clark County,39023,OH,134083,1,False,2020-05-09,2020-06-19,2020-07-07,41,26.1032,2020-05-09,2020-05-22,14,104,False,True,0.00549518,0.0280218,False,0.693315,False,0.705548,1.03847,0.196152,1.05559,0.286685,True,0.0320343,0.00344686,0.81969,1.22424,2020-05-29,21,ok,
Clark County,39023,OH,134083,2,True,2020-10-05,2020-12-11,2020-12-22,67,114.428,2020-10-05,2020-10-18,14,368,False,True,0.0139863,0.0234736,False,2.47801,True,2.5338,1.0979,0.164315,1.14397,0.248525,True,0.0355433,0.00150162,0.94597,1.2488,2020-11-07,34,ok,
Clark County,39023,OH,134083,3,False,2020-12-23,2021-01-09,2021-02-12,17,84.9154,2020-12-26,2021-01-08,14,1309,False,True,0.0509536,0.0345809,False,18.5784,True,26.6131,1.35667,0.242066,1.56406,0.419813,False,,,,,2020-12-31,6,ok,
Clermont County,39025,OH,206428,1,True,2020-10-08,2021-01-05,2021-03-10,89,114.118,2020-10-08,2020-10-21,14,516,False,True,0.0166301,0.0193332,False,2.35464,True,2.37307,1.11641,0.135333,1.17211,0.206836,True,0.0376755,0.00196698,0.895089,1.26373,2020-11-21,45,ok,
Columbiana County,39029,OH,101883,1,False,2020-05-07,2020-05-28,2020-06-07,21,44.1683,2020-05-07,2020-05-20,14,160,False,True,0.0845254,0.0518137,False,4.82699,True,5.31737,1.59168,0.362696,1.99529,0.702079,True,0.0970693,0.0107254,0.901001,1.67948,2020-05-17,11,ok,
Columbiana County,39029,OH,101883,2,False,2020-06-18,2020-06-25,2020-07-23,7,33.0912,2020-06-18,2020-06-25,8,110,True,False,0.165776,0.157704,False,13.1643,True,14.3051,2.16043,1.10393,3.23488,2.67507,False,,,,,2020-06-21,4,ok,
Columbiana County,39029,OH,101883,3,True,2020-10-23,2020-12-06,2020-12-22,44,100.956,2020-10-23,2020-11-05,14,251,False,True,0.0612515,0.0267504,False,2.10214,True,2.12919,1.42876,0.187253,1.6913,0.336321,True,0.0678246,0.00224238,0.977561,1.47477,2020-11-14,23,ok,
Columbiana County,39029,OH,101883,4,False,2020-12-23,2021-01-14,2021-03-12,22,60.8541,2021-01-03,2021-01-14,12,683,True,True,0.0190759,0.0121549,False,0.381339,False,0.381338,1.13353,0.0850846,1.1984,0.131288,False,,,,,2021-01-03,1,ok,
Cuyahoga County,39035,OH,1235072,1,True,2020-10-22,2020-12-10,2021-02-19,49,117.657,2020-10-22,2020-11-04,14,3000,False,True,0.0669113,0.0236034,False,19.3911,True,19.4133,1.46838,0.165224,1.76313,0.302366,True,0.0710049,0.00285668,0.964108,1.49703,2020-11-15,25,ok,
Darke County,39037,OH,51113,1,False,2020-05-05,2020-05-18,2020-06-14,13,13.1362,2020-05-05,2020-05-18,14,44,False,True,0.140118,0.0483573,False,1.6099,False,1.93339,1.98083,0.338501,2.81348,0.768155,False,,,,,2020-05-11,5,ok,
Darke County,39037,OH,51113,2,True,2020-09-28,2020-11-22,2021-01-30,55,160.708,2020-09-29,2020-10-12,14,194,False,True,-0.0147406,0.0205404,True,0.577874,False,0.580963,0.896816,0.143783,0.857157,0.192687,True,0.000664088,0.00195282,0.00460451,1.00465,2020-10-25,27,ok,
Delaware County,39041,OH,209177,1,True,2020-11-02,2020-12-11,2020-12-22,39,117.945,2020-11-02,2020-11-15,14,1054,False,True,0.0795193,0.00914364,False,1.69093,False,1.71132,1.55664,0.0640055,1.92798,0.121974,True,0.0528729,0.00829389,0.69304,1.37011,2020-11-21,20,ok,
Delaware County,39041,OH,209177,2,False,2020-12-23,2021-01-05,2021-02-22,13,88.8516,2020-12-27,2021-01-05,10,1408,True,False,0.0146403,0.0534772,False,33.1837,True,48.1044,1.10248,0.374341,1.1509,0.567655,False,,,,,2020-12-29,3,ok,
Erie County,39043,OH,74266,1,True,2020-11-01,2020-12-11,2021-02-06,40,165.044,2020-11-02,2020-11-15,14,428,False,True,0.0808638,0.0379141,False,6.96382,True,6.95189,1.56605,0.265399,1.94596,0.507908,True,0.0519389,0.0100521,0.597295,1.36357,2020-11-21,20,ok,
Fairfield County,39045,OH,157574,1,False,2020-04-26,2020-07-15,2020-08-29,80,18.7667,2020-04-26,2020-05-09,14,67,False,True,0.0299601,0.0545699,False,2.41741,True,2.60016,1.20972,0.381989,1.31845,0.614366,True,0.0138511,0.00314243,0.332518,1.09696,2020-06-05,41,ok,
Fairfield County,39045,OH,157574,2,True,2020-12-23,2021-01-11,2021-02-15,19,93.7428,2020-12-25,2021-01-07,14,1541,False,True,0.00241037,0.0158718,False,4.75513,True,4.79294,1.01687,0.111103,1.02423,0.160325,True,0.02288,0.00255393,0.930442,1.16016,2021-01-01,8,ok,
Franklin County,39049,OH,1316756,1,False,2020-03-24,2020-05-05,2020-05-11,42,11.1313,2020-03-24,2020-04-06,14,600,False,True,0.0609061,0.0294195,False,6.08092,True,6.41456,1.42634,0.205936,1.68696,0.369451,True,0.0340042,0.00567072,0.642585,1.23803,2020-04-14,22,ok,
Franklin County,39049,OH,1316756,2,False,2020-06-19,2020-07-15,2020-08-23,26,22.2842,2020-06-19,2020-07-02,14,1851,False,True,0.0317735,0.0420783,False,39.6551,True,50.0407,1.22241,0.294548,1.33894,0.476936,True,0.051461,0.00394326,0.934179,1.36023,2020-07-02,14,ok,
Franklin County,39049,OH,1316756,3,True,2020-10-25,2020-12-07,2020-12-22,43,99.2048,2020-10-25,2020-11-07,14,5524,False,True,0.0692904,0.0155445,False,15.4257,True,15.9469,1.48503,0.108811,1.79373,0.200682,True,0.0466419,0.00369723,0.88836,1.32649,2020-11-15,22,ok,
Geauga County,39055,OH,93649,1,True,2020-10-22,2020-11-25,2020-12-24,34,87.1034,2020-10-22,2020-11-04,14,200,False,True,0.0549535,0.0205779,False,0.491354,False,0.497067,1.38467,0.144045,1.61295,0.253274,True,0.0691209,0.00385326,0.952632,1.48385,2020-11-08,18,ok,
Greene County,39057,OH,168937,1,True,2020-09-01,2020-11-22,2021-02-28,82,92.9341,2020-09-11,2020-09-24,14,271,False,True,-0.00738172,0.0302934,True,3.04447,True,3.11098,0.948328,0.212054,0.927327,0.293542,True,0.0201263,0.0021085,0.752297,1.14088,2020-10-12,32,ok,
Hamilton County,39061,OH,817473,1,False,2020-03-30,2020-07-06,2020-09-21,98,20.4812,2020-03-30,2020-04-12,14,450,False,True,-0.0114347,0.0491207,True,13.2795,True,14.204,0.919957,0.343845,0.888399,0.467616,True,0.0135683,0.00250326,0.379678,1.09498,2020-05-18,50,ok,
Hamilton County,39061,OH,817473,2,True,2020-10-11,2020-12-10,2021-02-26,60,107.684,2020-10-11,2020-10-24,14,2637,False,True,0.0144226,0.0106765,False,3.67282,True,3.69739,1.10096,0.0747356,1.14859,0.113232,True,0.0302472,0.00128818,0.950029,1.21173,2020-11-10,31,ok,
Hancock County,39063,OH,75783,1,True,2020-07-10,2020-07-26,2020-08-06,16,24.6946,2020-07-10,2020-07-23,14,93,False,True,0.194232,0.0520395,False,2.00615,True,2.06528,2.35963,0.364276,3.73457,0.94492,True,0.210968,0.0139891,0.970141,2.47677,2020-07-18,9,ok,
Huron County,39077,OH,58266,1,True,2020-11-01,2020-12-11,2021-02-08,40,151.522,2020-11-01,2020-11-14,14,298,False,True,0.0745112,0.017117,False,0.499274,False,0.496381,1.52158,0.119819,1.8617,0.224737,True,0.0591352,0.00947701,0.672051,1.41395,2020-11-21,21,ok,
Jefferson County,39081,OH,65325,1,True,2020-10-31,2020-12-11,2021-02-28,41,136.242,2020-11-17,2020-11-30,14,673,False,True,0.139632,0.0712629,False,33.2686,True,44.2489,1.97743,0.49884,2.80577,1.13055,False,,,,,2020-11-20,4,ok,
Knox County,39083,OH,62322,1,False,2020-07-16,2020-08-01,2020-08-10,16,12.3781,2020-07-16,2020-07-29,14,78,False,True,0.0368327,0.03262,False,1.88262,False,2.16733,1.25783,0.22834,1.39682,0.376662,True,0.114682,0.0133198,0.913719,1.80277,2020-07-24,9,ok,
Knox County,39083,OH,62322,2,True,2020-10-19,2020-11-22,2021-02-23,34,95.1281,2020-10-19,2020-11-01,14,160,False,True,0.069178,0.023253,False,1.86621,False,1.84286,1.48425,0.162771,1.79228,0.300091,True,0.0508509,0.00280944,0.953436,1.35596,2020-11-05,18,ok,
Lake County,39085,OH,230149,1,False,2020-03-23,2020-04-05,2020-04-10,13,3.16565,2020-03-23,2020-04-05,14,73,False,True,0.0595563,0.0708322,False,4.2972,True,5.14121,1.41689,0.495826,1.67005,0.8855,True,0.144947,0.0417932,0.706373,2.01463,2020-03-29,7,ok,
Lake County,39085,OH,230149,2,True,2020-10-26,2020-11-22,2021-03-08,27,130.288,2020-10-26,2020-11-08,14,1244,False,True,0.118427,0.0140437,False,2.54303,True,2.68553,1.82899,0.0983062,2.4788,0.21029,True,0.105602,0.00243089,0.993681,1.73921,2020-11-08,14,ok,
Licking County,39089,OH,176862,1,False,2020-05-23,2020-07-27,2020-08-23,65,18.5778,2020-06-18,2020-07-01,14,95,False,True,0.163025,0.0342162,False,1.00797,False,1.12102,2.14117,0.239513,3.18836,0.576441,True,0.104691,0.0200898,0.844508,1.73284,2020-06-24,7,ok,
Licking County,39089,OH,176862,2,True,2020-10-14,2020-12-10,2020-12-26,57,115.829,2020-10-14,2020-10-27,14,604,False,True,0.024659,0.0183772,False,2.48029,True,2.50391,1.17261,0.128641,1.25936,0.202805,True,0.0323672,0.00157665,0.939792,1.22657,2020-11-11,29,ok,
Lorain County,39093,OH,309833,1,False,2020-03-16,2020-04-15,2020-05-04,30,5.99401,2020-03-16,2020-03-29,14,72,False,True,0.167731,0.0396424,False,0.699113,False,0.954791,2.17412,0.277497,3.26812,0.675694,True,0.105569,0.0180066,0.725579,1.73899,2020-03-31,15,ok,
Lorain County,39093,OH,309833,2,True,2020-10-28,2020-12-10,2021-02-26,43,121.356,2020-10-28,2020-11-10,14,969,False,True,0.0865908,0.0213479,False,4.94169,True,4.92635,1.60614,0.149435,2.02337,0.291117,True,0.0615447,0.00776161,0.758672,1.43081,2020-11-18,22,ok,
Lucas County,39095,OH,428348,1,False,2020-03-24,2020-05-07,2020-06-19,44,12.7066,2020-03-24,2020-04-06,14,312,False,True,0.0969655,0.0306386,False,3.20433,True,3.35438,1.67876,0.21447,2.1671,0.431163,True,0.0518645,0.0085369,0.637366,1.36305,2020-04-15,23,ok,
Lucas County,39095,OH,428348,2,False,2020-07-01,2020-07-31,2020-09-04,30,26.6139,2020-07-01,2020-07-14,14,510,False,True,0.0768728,0.0339571,False,6.70656,True,7.86885,1.53811,0.237699,1.89283,0.449206,True,0.0767895,0.00242647,0.986214,1.53753,2020-07-16,16,ok,
Lucas County,39095,OH,428348,3,True,2020-10-27,2020-12-11,2020-12-22,45,111.892,2020-10-28,2020-11-10,14,1918,False,True,0.0749648,0.0109613,False,2.63723,True,2.65475,1.52475,0.076729,1.86766,0.144125,True,0.0441456,0.00721451,0.651824,1.30902,2020-11-18,22,ok,
Mahoning County,39099,OH,228683,1,True,2020-10-16,2020-12-10,2021-02-27,55,130.311,2020-10-16,2020-10-29,14,484,False,True,0.0106306,0.012996,False,1.09476,False,1.09776,1.07441,0.090972,1.10868,0.135763,True,0.0531148,0.00320323,0.913607,1.3718,2020-11-12,28,ok,
Marion County,39101,OH,65093,1,True,2020-04-13,2020-04-18,2020-04-23,5,443.761,2020-04-13,2020-04-18,6,,True,False,,,False,,False,,,,,,False,,,,,2020-04-15,3,dropped,rise too short
Marion County,39101,OH,65093,2,False,2020-10-01,2020-11-22,2021-02-22,52,135.191,2020-10-09,2020-10-22,14,172,False,True,0.0435229,0.0220388,False,0.691881,False,0.711438,1.30466,0.154271,1.47501,0.260674,True,0.045225,0.00319253,0.921901,1.31657,2020-10-27,19,ok,
Medina County,39103,OH,179746,1,False,2020-03-21,2020-03-30,2020-04-08,9,3.497,2020-03-21,2020-03-30,10,42,True,False,0.0997565,0.0550689,False,1.82946,False,2.25234,1.6983,0.385482,2.20654,0.781415,False,,,,,2020-03-25,5,ok,
Medina County,39103,OH,179746,2,True,2020-10-20,2020-12-10,2021-03-22,51,99.1876,2020-10-20,2020-11-02,14,476,False,True,0.0521936,0.0133148,False,1.36332,False,1.37185,1.36536,0.0932037,1.57914,0.162336,True,0.0641865,0.00222969,0.971854,1.44931,2020-11-14,26,ok,
Miami County,39109,OH,106987,1,False,2020-05-05,2020-05-10,2020-05-14,5,22.9667,2020-05-05,2020-05-10,6,,True,False,,,False,,False,,,,,,False,,,,,2020-05-07,3,dropped,rise too short
Miami County,39109,OH,106987,2,True,2020-09-28,2020-11-22,2021-02-16,55,123.112,2020-09-28,2020-10-11,14,292,False,True,0.0156713,0.0167453,False,1.18568,False,1.21189,1.1097,0.117217,1.16187,0.178475,True,0.0138172,0.0020109,0.64487,1.09672,2020-10-25,28,ok,
Montgomery County,39113,OH,531687,1,True,2020-09-25,2020-12-01,2021-02-26,67,103.014,2020-09-25,2020-10-08,14,1065,False,True,0.0429772,0.0178837,False,4.07952,True,4.07524,1.30084,0.125186,1.46856,0.211117,True,0.0330527,0.000972118,0.973065,1.23137,2020-10-28,34,ok,
Muskingum County,39119,OH,86215,1,True,2020-09-27,2020-11-22,2021-03-10,56,123.777,2020-10-05,2020-10-18,14,285,False,True,0.0454934,0.0342219,False,3.98681,True,4.09323,1.31845,0.239553,1.4984,0.407608,True,0.0117368,0.00452623,0.261388,1.08216,2020-10-25,21,ok,
Pickaway County,39129,OH,58457,1,True,2020-04-13,2020-04-18,2020-04-24,5,375.856,2020-04-13,2020-04-18,6,,True,False,,,False,,False,,,,,,False,,,,,2020-04-15,3,dropped,rise too short
Portage County,39133,OH,162466,1,False,2020-03-22,2020-04-05,2020-04-23,14,5.62755,2020-03-22,2020-04-04,14,74,False,True,0.151842,0.0380152,False,1.23514,False,1.45298,2.06289,0.266107,3.0026,0.622589,True,0.257425,0.0307994,0.933207,2.80197,2020-03-29,7,ok,
Portage County,39133,OH,162466,2,False,2020-09-01,2020-11-13,2020-11-17,73,43.1739,2020-09-09,2020-09-22,14,146,False,True,0.0235365,0.0237262,False,1.37987,False,1.41911,1.16476,0.166083,1.247,0.260716,True,0.023885,0.00219729,0.814,1.16719,2020-10-07,29,ok,
Portage County,39133,OH,162466,3,True,2020-11-18,2020-12-10,2021-02-21,22,96.2839,2020-11-18,2020-12-01,14,1389,False,True,0.00925964,0.0521443,False,46.2164,True,62.0173,1.06482,0.36501,1.0944,0.541722,True,0.0274836,0.0126148,0.321881,1.19239,2020-11-29,12,ok,
Richland County,39139,OH,121154,1,False,2020-09-17,2020-11-13,2020-11-17,57,54.8299,2020-09-17,2020-09-30,14,188,False,True,0.129837,0.0393361,False,2.91824,True,2.80838,1.90886,0.275353,2.65237,0.607867,True,0.0185895,0.0071731,0.199197,1.13013,2020-10-15,29,ok,
Richland County,39139,OH,121154,2,True,2020-11-18,2020-12-07,2021-02-09,19,148.689,2020-11-18,2020-12-01,14,1457,False,True,-0.00215712,0.0454756,True,36.9086,True,50.9434,0.9849,0.318329,0.978527,0.450636,True,0.036164,0.0136639,0.466842,1.25315,2020-11-27,10,ok,
Ross County,39141,OH,76666,1,False,2020-06-24,2020-07-27,2020-08-16,33,26.2735,2020-06-24,2020-07-07,14,44,False,True,0.012996,0.0431176,False,1.24044,False,1.41453,1.09097,0.301823,1.13351,0.454711,True,0.0292505,0.00599242,0.613667,1.20475,2020-07-10,17,ok,
Ross County,39141,OH,76666,2,False,2020-08-17,2020-08-31,2020-09-11,14,20.4971,2020-08-21,2020-08-31,11,103,True,False,0.0282008,0.0581513,False,3.46619,True,3.64254,1.19741,0.407059,1.29871,0.65039,False,,,,,2020-08-24,4,ok,
Ross County,39141,OH,76666,3,True,2020-09-30,2020-12-10,2021-02-22,71,94.1002,2020-09-30,2020-10-13,14,247,False,True,0.0622749,0.0290963,False,2.44364,True,2.50315,1.43592,0.203674,1.70419,0.367065,True,0.0189852,0.00284702,0.566703,1.1329,2020-11-04,36,ok,
Sandusky County,39143,OH,58518,1,False,2020-07-04,2020-08-15,2020-09-04,42,19.2859,2020-07-04,2020-07-17,14,81,False,True,0.0682908,0.0326572,False,0.896985,False,0.962331,1.47804,0.2286,1.78084,0.42024,True,0.053873,0.00779846,0.704678,1.37711,2020-07-25,22,ok,
Sandusky County,39143,OH,58518,2,True,2020-10-29,2020-12-11,2021-02-12,43,175.038,2020-11-17,2020-11-30,14,539,False,True,-0.0068924,0.0522813,True,18.037,True,23.8517,0.951753,0.365969,0.932074,0.507679,False,,,,,2020-11-19,3,ok,
Scioto County,39145,OH,75314,1,True,2020-10-04,2020-12-11,2021-03-18,68,128.984,2020-10-04,2020-10-17,14,207,False,True,0.0207403,0.0312113,False,2.45722,True,2.59378,1.14518,0.218479,1.21644,0.339301,True,0.0249514,0.00113339,0.936251,1.17466,2020-11-07,35,ok,
Seneca County,39147,OH,55178,1,True,2020-10-23,2020-11-22,2021-02-15,30,131.781,2020-10-23,2020-11-05,14,245,False,True,0.130899,0.0318421,False,2.4841,True,2.51302,1.91629,0.222895,2.66881,0.493481,True,0.111816,0.00492923,0.973514,1.78271,2020-11-07,16,ok,
Stark County,39151,OH,370606,1,True,2020-10-26,2020-12-07,2021-02-26,42,124.391,2020-10-26,2020-11-08,14,1302,False,True,0.052821,0.0196125,False,5.92997,True,5.99338,1.36975,0.137287,1.5868,0.239635,True,0.0473387,0.00407161,0.871114,1.33137,2020-11-16,22,ok,
Summit County,39153,OH,541013,1,False,2020-03-21,2020-05-24,2020-06-17,64,6.28451,2020-03-21,2020-04-03,14,155,False,True,0.0854053,0.0446329,False,3.46367,True,4.42804,1.59784,0.31243,2.00723,0.606428,True,0.0242957,0.0046446,0.468842,1.17007,2020-04-22,33,ok,
Summit County,39153,OH,541013,2,True,2020-10-26,2020-12-10,2020-12-27,45,109.9,2020-10-26,2020-11-08,14,1755,False,True,0.0740615,0.0139704,False,3.92621,True,3.98657,1.51843,0.0977931,1.8558,0.183161,True,0.044765,0.00784657,0.607825,1.31336,2020-11-17,23,ok,
Trumbull County,39155,OH,197974,1,True,2020-10-21,2020-11-22,2021-03-06,32,116.466,2020-10-25,2020-11-07,14,603,False,True,0.124329,0.0245137,False,3.69407,True,3.68764,1.87031,0.171596,2.56791,0.373143,True,0.102095,0.00900676,0.921142,1.71467,2020-11-06,13,ok,
Tuscarawas County,39157,OH,91987,1,False,2020-04-20,2020-05-07,2020-06-16,17,14.443,2020-04-21,2020-05-04,14,94,False,True,0.145033,0.0599426,False,3.23094,True,3.8307,2.01523,0.419598,2.89206,0.96456,True,0.172332,0.0291967,0.853081,2.20632,2020-04-28,8,ok,
Tuscarawas County,39157,OH,91987,2,True,2020-10-15,2020-11-22,2021-02-10,38,164.62,2020-10-15,2020-10-28,14,335,False,True,0.0247955,0.0323101,False,4.25197,True,4.35505,1.17357,0.226171,1.26087,0.356749,True,0.0358206,0.00238513,0.926093,1.25074,2020-11-03,20,ok,
Union County,39159,OH,58988,1,True,2020-10-28,2020-11-22,2021-02-03,25,108.981,2020-10-28,2020-11-10,14,421,False,True,0.0949681,0.0295426,False,4.03825,True,4.24577,1.66478,0.206798,2.13908,0.413262,True,0.0948041,0.0130476,0.827573,1.66363,2020-11-09,13,ok,
Warren County,39165,OH,234602,1,True,2020-12-23,2021-01-05,2021-02-24,13,100.109,2020-12-25,2021-01-05,12,2130,True,True,0.0204936,0.0206068,False,8.38376,True,8.40911,1.14346,0.144247,1.21376,0.223805,False,,,,,2020-12-29,5,ok,
Washington County,39167,OH,59911,1,True,2020-10-24,2020-12-01,2021-03-25,38,119.224,2020-10-25,2020-11-07,14,247,False,True,0.0622749,0.0320953,False,2.97335,True,3.03793,1.43592,0.224667,1.70419,0.4049,True,0.0668297,0.005598,0.89343,1.46781,2020-11-12,19,ok,
Wayne County,39169,OH,115710,1,False,2020-07-16,2020-08-26,2020-09-19,41,13.2104,2020-07-16,2020-07-29,14,79,False,True,0.0400431,0.0324616,False,1.16936,False,1.20558,1.2803,0.227231,1.4341,0.37921,True,0.0235749,0.00505236,0.534001,1.16502,2020-08-05,21,ok,
Wayne County,39169,OH,115710,2,True,2020-10-12,2020-12-07,2021-02-14,56,91.7318,2020-10-12,2020-10-25,14,468,False,True,0.0430581,0.0357192,False,7.15089,True,7.39841,1.30141,0.250035,1.46951,0.421789,True,0.0306588,0.00264399,0.832775,1.21461,2020-11-09,29,ok,
Wood County,39173,OH,130817,1,False,2020-06-22,2020-07-27,2020-08-07,35,20.3119,2020-06-22,2020-07-05,14,87,False,True,0.099021,0.0324899,False,1.21106,False,1.26457,1.69315,0.227429,2.19612,0.460021,True,0.0932998,0.00791545,0.896731,1.6531,2020-07-09,18,ok,
Wood County,39173,OH,130817,2,True,2020-10-18,2020-12-08,2020-12-22,51,110.733,2020-10-18,2020-10-31,14,379,False,True,-0.00226164,0.0146766,True,0.712048,False,0.717241,0.984169,0.102736,0.977491,0.145372,True,0.045543,0.00345993,0.878336,1.3188,2020-11-12,26,ok,
Wood County,39173,OH,130817,3,False,2020-12-23,2021-01-05,2021-02-06,13,93.8061,2020-12-25,2021-01-05,12,1080,True,True,0.053427,0.00985081,False,1.28438,False,1.2739,1.37399,0.0689557,1.59421,0.120613,False,,,,,2020-12-29,5,ok,
Canadian County,40017,OK,148306,1,False,2020-06-16,2020-07-29,2020-08-04,43,25.43,2020-06-16,2020-06-29,14,110,False,True,0.0579236,0.0278035,False,0.390984,False,0.393969,1.40547,0.194625,1.64969,0.345676,True,0.0558839,0.00352429,0.926318,1.39119,2020-07-07,22,ok,
Canadian County,40017,OK,148306,2,True,2020-09-15,2021-01-05,2021-03-10,112,136.205,2020-09-15,2020-09-28,14,573,False,True,0.0406612,0.0235882,False,3.82747,True,3.92378,1.28463,0.165117,1.44133,0.276165,True,0.0128261,0.0016601,0.520459,1.08978,2020-11-10,57,ok,
Cleveland County,40027,OK,284014,1,False,2020-03-19,2020-04-04,2020-05-03,16,6.94131,2020-03-19,2020-04-01,14,83,False,True,0.136979,0.0541084,False,2.38521,True,2.33575,1.95885,0.378759,2.76381,0.852376,True,0.152435,0.0146255,0.939462,2.06705,2020-03-27,9,ok,
Cleveland County,40027,OK,284014,2,True,2020-08-16,2021-01-10,2021-03-13,147,110.206,2020-08-16,2020-08-29,14,604,False,True,-0.0275209,0.023503,True,4.04946,True,4.12242,0.807353,0.164521,0.740696,0.207864,True,0.00750536,0.0010603,0.410345,1.05254,2020-10-28,74,ok,
Comanche County,40031,OK,120749,1,False,2020-06-29,2020-08-23,2020-09-06,55,35.2561,2020-07-20,2020-08-02,14,180,False,True,-0.0383234,0.0663081,True,9.52251,True,10.2719,0.731736,0.464157,0.647608,0.556353,True,0.263038,0.0472856,0.860895,2.84126,2020-07-26,7,ok,
Comanche County,40031,OK,120749,2,True,2020-09-26,2020-11-25,2020-12-27,60,89.2051,2020-09-27,2020-10-10,14,322,False,True,0.00177465,0.0335879,False,4.4498,True,5.18932,1.01242,0.235115,1.01781,0.338382,True,0.0228954,0.00329596,0.632807,1.16027,2020-10-26,30,ok,
Comanche County,40031,OK,120749,3,False,2020-12-28,2021-01-10,2021-03-13,13,121.858,2020-12-28,2021-01-10,14,1287,False,True,0.0305297,0.0479031,False,35.7678,True,46.2274,1.21371,0.335322,1.32487,0.540455,True,0.0307316,0.0202892,0.314528,1.21512,2021-01-03,7,ok,
Creek County,40037,OK,71522,1,False,2020-06-26,2020-07-27,2020-08-12,31,31.9582,2020-06-26,2020-07-09,14,72,False,True,0.117283,0.0365487,False,0.624298,False,0.90738,1.82098,0.255841,2.46169,0.545522,True,0.0691927,0.0112353,0.730393,1.48435,2020-07-11,16,ok,
Creek County,40037,OK,71522,2,True,2020-12-10,2021-01-10,2021-03-09,31,112.253,2020-12-12,2020-12-25,14,695,False,True,0.0384629,0.0378612,False,11.9857,True,14.76,1.26924,0.265028,1.4157,0.439775,True,0.0156264,0.0102153,0.163179,1.10938,2020-12-25,14,ok,
Garfield County,40047,OK,61056,1,True,2020-10-06,2020-11-25,2021-02-26,50,136.643,2020-10-31,2020-11-13,14,418,False,True,0.0582084,0.0487361,False,11.6711,True,13.2657,1.40746,0.341152,1.65324,0.606508,False,,,,,2020-10-31,1,ok,
Grady County,40051,OK,55834,1,False,2020-06-26,2020-07-06,2020-07-29,10,20.4688,2020-06-26,2020-07-06,11,72,True,False,0.279297,0.0736695,False,2.56907,True,3.0631,2.95508,0.515687,5.43111,1.60087,False,,,,,2020-07-01,6,ok,
Grady County,40051,OK,55834,2,True,2020-09-03,2021-01-10,2021-02-16,129,125.372,2020-09-03,2020-09-16,14,207,False,True,0.134786,0.0415644,False,3.53414,True,3.59842,1.9435,0.290951,2.72938,0.650941,True,0.000355331,0.00256927,0.00030351,1.00249,2020-11-06,65,ok,
Muskogee County,40101,OK,67997,1,True,2020-08-26,2020-09-01,2020-09-15,6,148.536,2020-08-26,2020-09-01,7,646,True,False,0.216624,0.207512,False,99.319,True,98.7564,2.51637,1.45258,4.15168,3.96311,False,,,,,2020-08-29,4,ok,
Muskogee County,40101,OK,67997,2,False,2020-10-16,2020-11-16,2021-02-18,31,155.049,2020-10-16,2020-10-29,14,247,False,True,0.00347038,0.0283461,False,2.43084,True,2.50302,1.02429,0.198423,1.03496,0.287593,True,0.0220321,0.00610608,0.481852,1.15422,2020-10-31,16,ok,
Oklahoma County,40109,OK,797434,1,True,2020-06-24,2021-01-10,2021-03-14,200,104.424,2020-06-25,2020-07-08,14,1722,False,True,0.0499468,0.0127757,False,3.33989,True,3.35885,1.34963,0.0894298,1.55186,0.154557,True,0.000526985,0.000905568,0.00344374,1.00369,2020-10-02,100,ok,
Payne County,40119,OK,81784,1,False,2020-06-06,2020-09-02,2020-10-26,88,66.2023,2020-06-06,2020-06-19,14,160,False,True,0.2478,0.0588215,False,3.45859,True,4.11877,2.7346,0.411751,4.7675,1.20041,True,-0.0103535,0.00654574,0.0575113,0.927525,2020-07-20,43,ok,
Payne County,40119,OK,81784,2,True,2020-10-27,2021-01-06,2021-02-16,71,135.723,2020-10-27,2020-11-09,14,424,False,True,0.141201,0.0804116,False,26.5537,True,29.289,1.98841,0.562882,2.83071,1.28099,True,0.0311567,0.00493004,0.540163,1.2181,2020-12-01,36,ok,
Pottawatomie County,40125,OK,72592,1,True,2020-08-13,2021-01-10,2021-03-08,150,119.848,2020-09-03,2020-09-16,14,223,False,True,0.0218233,0.0191887,False,0.921118,False,0.929927,1.15276,0.134321,1.22823,0.209475,True,0.0150388,0.00164199,0.612816,1.10527,2020-10-27,55,ok,
Rogers County,40131,OK,92459,1,False,2020-06-14,2020-07-27,2020-08-23,43,38.0091,2020-06-14,2020-06-27,14,66,False,True,0.0436259,0.0772967,False,4.71971,True,5.79555,1.30538,0.541077,1.47623,0.914597,True,0.0537783,0.00508531,0.854779,1.37645,2020-07-05,21,ok,
Rogers County,40131,OK,92459,2,True,2020-10-07,2021-01-05,2021-02-16,90,133.65,2020-10-08,2020-10-21,14,290,False,True,0.00591217,0.0331923,False,3.91222,True,4.34951,1.04139,0.232346,1.05986,0.340165,True,0.0334157,0.0017888,0.890295,1.23391,2020-11-21,45,ok,
Tulsa County,40143,OK,651552,1,False,2020-03-19,2020-04-04,2020-04-17,16,4.16588,2020-03-19,2020-04-01,14,111,False,True,0.191692,0.0595081,False,3.164,True,3.64231,2.34184,0.416557,3.68858,1.07418,True,0.296007,0.0492317,0.857653,3.07205,2020-03-27,8,ok,
Tulsa County,40143,OK,651552,2,True,2020-06-08,2020-07-27,2020-08-09,49,39.0277,2020-06-08,2020-06-21,14,1161,False,True,0.105156,0.0264871,False,8.73956,True,9.84673,1.73609,0.18541,2.28378,0.381853,True,0.0421271,0.00652033,0.644749,1.29489,2020-07-02,25,ok,
Wagoner County,40145,OK,81289,1,False,2020-03-27,2020-04-13,2020-04-17,17,8.78699,2020-03-27,2020-04-09,14,51,False,True,0.0865908,0.0949611,False,5.1464,True,6.33945,1.60614,0.664728,2.02337,1.29497,True,0.239843,0.018322,0.960753,2.6789,2020-04-04,9,ok,
Wagoner County,40145,OK,81289,2,False,2020-11-08,2020-11-22,2020-12-06,14,59.5758,2020-11-08,2020-11-21,14,442,False,True,0.0549669,0.0367363,False,7.04327,True,7.27341,1.38477,0.257154,1.61312,0.452173,True,0.0529921,0.00977836,0.83036,1.37094,2020-11-15,8,ok,
Wagoner County,40145,OK,81289,3,True,2020-12-07,2021-01-13,2021-02-28,37,126.357,2020-12-07,2020-12-20,14,841,False,True,0.0985117,0.0158344,False,2.29878,True,2.35615,1.68958,0.110841,2.18891,0.223859,True,0.0438764,0.00731447,0.679142,1.30713,2020-12-25,19,ok,
Washington County,40147,OK,51527,1,False,2020-03-24,2020-04-24,2020-05-15,31,29.6654,2020-03-24,2020-04-06,14,37,False,True,0.00772389,0.0469883,False,1.35363,False,1.68369,1.05407,0.328918,1.07849,0.485126,True,0.0575784,0.0114986,0.658563,1.40305,2020-04-08,15,ok,
Washington County,40147,OK,51527,2,True,2020-10-04,2020-12-18,2021-03-12,75,110.067,2020-10-05,2020-10-18,14,166,False,True,0.0206901,0.0335156,False,2.27229,True,2.44836,1.14483,0.234609,1.21589,0.364281,True,0.0115697,0.0021344,0.456374,1.08099,2020-11-10,37,ok,
Clackamas County,41005,OR,418187,1,True,2020-10-24,2020-12-18,2021-02-11,55,40.4125,2020-10-24,2020-11-06,14,609,False,True,0.0536356,0.0304682,False,6.687,True,6.72433,1.37545,0.213277,1.59677,0.373318,True,0.0488485,0.00312131,0.904032,1.34194,2020-11-20,28,ok,
Coos County,41011,OR,64487,1,True,2020-10-16,2021-03-12,2021-04-06,147,31.014,2020-11-01,2020-11-14,14,68,False,True,0.125067,0.0380208,False,1.90388,False,1.91402,1.87547,0.266145,2.57915,0.579924,True,0.0188994,0.00228049,0.550855,1.1323,2020-12-28,58,ok,
Deschutes County,41017,OR,197692,1,False,2020-06-22,2020-07-23,2020-08-31,31,7.80435,2020-06-22,2020-07-05,14,76,False,True,0.0851405,0.0342396,False,1.74021,False,1.74752,1.59598,0.239677,2.00363,0.464834,True,0.0619815,0.0118961,0.659753,1.43387,2020-07-07,16,ok,
Deschutes County,41017,OR,197692,2,True,2020-10-27,2020-11-30,2021-02-28,34,34.975,2020-10-27,2020-11-09,14,352,False,True,0.0195108,0.0243065,False,2.53571,True,2.57915,1.13658,0.170145,1.2031,0.262983,True,0.0232166,0.00524453,0.550521,1.16252,2020-11-13,18,ok,
Douglas County,41019,OR,110980,1,True,2020-11-02,2021-02-19,2021-04-01,109,29.6064,2020-12-25,2021-01-07,14,167,False,True,0.0863705,0.0585789,False,6.41561,True,6.48096,1.60459,0.410053,2.02036,0.798288,False,,,,,2020-12-26,2,ok,
Josephine County,41033,OR,87487,1,True,2020-11-05,2021-01-11,2021-03-05,67,46.7008,2020-11-12,2020-11-25,14,160,False,True,0.121043,0.0246452,False,1.19969,False,1.23113,1.8473,0.172516,2.5181,0.371742,True,0.0494984,0.00615103,0.72147,1.34649,2020-12-08,27,ok,
Klamath County,41035,OR,68238,1,False,2020-06-10,2020-06-22,2020-07-25,12,9.00211,2020-06-10,2020-06-22,13,42,True,True,0.192847,0.0978113,False,2.6059,True,2.70612,2.34993,0.684679,3.70945,1.77034,False,,,,,2020-06-16,5,ok,
Klamath County,41035,OR,68238,2,False,2020-09-10,2020-10-10,2020-10-18,30,17.5855,2020-09-25,2020-10-08,14,86,False,True,0.25988,0.14472,False,10.5967,True,7.9498,2.81916,1.01304,5.01709,3.02682,False,,,,,2020-09-25,0,ok,
Klamath County,41035,OR,68238,3,True,2020-11-09,2020-12-07,2020-12-11,28,68.2485,2020-11-13,2020-11-26,14,247,False,True,0.118572,0.0896805,False,20.5819,True,24.1065,1.83001,0.627764,2.48097,1.34342,True,0.136629,0.0140256,0.913374,1.9564,2020-11-23,11,ok,
Klamath County,41035,OR,68238,4,False,2020-12-12,2020-12-18,2021-02-01,6,68.6672,2020-12-14,2020-12-18,5,,True,False,,,False,,False,,,,,,False,,,,,2020-12-15,2,dropped,rise too short
Linn County,41043,OR,129749,1,True,2020-09-19,2020-12-02,2021-02-14,74,40.9582,2020-09-30,2020-10-13,14,174,False,True,0.110256,0.0364108,False,2.44353,True,2.47296,1.77179,0.254876,2.35784,0.532717,True,-0.00291478,0.00685953,0.0071706,0.979597,2020-10-26,27,ok,
Marion County,41047,OR,347818,1,False,2020-03-12,2020-03-28,2020-04-25,16,4.47689,2020-03-12,2020-03-25,14,41,False,True,0.251941,0.0631225,False,0.844586,False,1.10699,2.76359,0.441857,4.85237,1.29916,False,,,,,2020-03-20,5,ok,
Marion County,41047,OR,347818,2,False,2020-04-26,2020-05-12,2020-05-24,16,7.02338,2020-04-26,2020-05-09,14,231,False,True,0.0615404,0.029462,False,2.34573,True,2.46529,1.43078,0.206234,1.69494,0.370771,True,0.0470976,0.00619377,0.892011,1.32968,2020-05-04,9,ok,
Marion County,41047,OR,347818,3,True,2020-10-21,2020-12-18,2021-02-08,58,61.4443,2020-10-21,2020-11-03,14,828,False,True,0.0221283,0.0171028,False,2.94915,True,2.9581,1.1549,0.119719,1.23157,0.186923,True,0.0334597,0.000915819,0.979454,1.23422,2020-11-19,30,ok,
Multnomah County,41051,OR,812855,1,True,2020-10-03,2020-12-01,2021-02-13,59,51.6346,2020-10-03,2020-10-16,14,965,False,True,0.0240388,0.0165667,False,3.22154,True,3.2523,1.16827,0.115967,1.25252,0.182393,True,0.0253574,0.00116465,0.944228,1.1775,2020-11-01,30,ok,
Umatilla County,41059,OR,77950,1,True,2020-06-15,2020-07-27,2020-12-11,42,73.1238,2020-06-15,2020-06-28,14,296,False,True,0.102656,0.0494053,False,7.79968,True,8.88952,1.71859,0.345837,2.24787,0.707067,True,0.0799397,0.00603263,0.897748,1.55958,2020-07-06,22,ok,
Umatilla County,41059,OR,77950,2,False,2020-12-12,2021-01-05,2021-02-26,24,100.247,2020-12-22,2021-01-04,14,677,False,True,0.0939859,0.0419841,False,13.1439,True,12.9056,1.6579,0.293889,2.12536,0.58557,False,,,,,2020-12-24,3,ok,
Washington County,41067,OR,601592,1,False,2020-03-16,2020-03-28,2020-06-01,12,2.61212,2020-03-16,2020-03-28,13,127,True,True,0.153622,0.0493153,False,2.57675,True,2.72863,2.07536,0.345207,3.03182,0.811342,True,0.261175,0.0232487,0.961891,2.82822,2020-03-22,7,ok,
Washington County,41067,OR,601592,2,True,2020-10-21,2020-11-30,2021-02-11,40,42.1263,2020-10-21,2020-11-03,14,927,False,True,0.0337514,0.00944964,False,1.63213,False,1.65422,1.23626,0.0661475,1.36144,0.107892,True,0.043159,0.00152291,0.97689,1.30211,2020-11-10,21,ok,
Yamhill County,41071,OR,107100,1,True,2020-06-26,2020-08-01,2020-08-24,36,13.8722,2020-06-26,2020-07-09,14,68,False,True,0.0509536,0.0631965,False,3.22323,True,3.68708,1.35667,0.442376,1.56406,0.767209,True,0.073321,0.00950139,0.777923,1.51325,2020-07-14,19,ok,
Adams County,42001,PA,103009,1,True,2020-08-22,2020-08-31,2020-09-05,9,14.0071,2020-08-22,2020-08-31,10,81,True,False,0.15987,0.116231,False,7.97107,True,6.53102,2.11909,0.813619,3.13543,1.94276,False,,,,,2020-08-26,5,ok,
Allegheny County,42003,PA,1216045,1,False,2020-06-21,2020-07-14,2020-09-10,23,16.9519,2020-06-21,2020-07-04,14,1271,False,True,0.159806,0.0297117,False,10.2051,True,10.428,2.11864,0.207982,3.13436,0.496538,True,0.169809,0.00698364,0.983368,2.18866,2020-07-02,12,ok,
Allegheny County,42003,PA,1216045,2,True,2020-11-01,2020-12-13,2021-01-27,42,87.7082,2020-11-01,2020-11-14,14,3703,False,True,0.0827109,0.0113857,False,5.41388,True,5.37583,1.57898,0.0796996,1.97077,0.153409,True,0.0638756,0.00290478,0.960282,1.44713,2020-11-22,22,ok,
Armstrong County,42005,PA,64735,1,True,2020-07-15,2020-07-22,2020-08-23,7,11.9167,2020-07-15,2020-07-22,8,41,True,False,0.0961888,0.174376,False,6.35281,True,5.76183,1.67332,1.22063,2.15619,2.44822,False,,,,,2020-07-18,4,ok,
Beaver County,42007,PA,163929,1,False,2020-03-24,2020-04-21,2020-06-06,28,13.8562,2020-03-24,2020-04-06,14,93,False,True,0.0339531,0.0627385,False,4.42149,True,5.24321,1.23767,0.43917,1.36374,0.716852,True,0.105794,0.0156647,0.778203,1.74056,2020-04-07,15,ok,
Beaver County,42007,PA,163929,2,False,2020-06-25,2020-07-21,2020-08-08,26,14.4662,2020-06-25,2020-07-08,14,151,False,True,0.126948,0.0255842,False,1.55085,False,1.82564,1.88864,0.17909,2.60792,0.392253,True,0.118439,0.0132871,0.86879,1.82907,2020-07-08,14,ok,
Beaver County,42007,PA,163929,3,True,2020-11-08,2020-12-14,2021-03-09,36,120.348,2020-11-08,2020-11-21,14,755,False,True,0.0642598,0.028297,False,7.04335,True,7.36152,1.44982,0.198079,1.72931,0.359342,True,0.0558221,0.00208099,0.97692,1.39075,2020-11-26,19,ok,
Berks County,42011,PA,421164,1,False,2020-03-28,2020-04-12,2020-06-05,15,31.1721,2020-03-28,2020-04-10,14,655,False,True,0.191321,0.0526596,False,14.6425,True,15.4498,2.33925,0.368617,3.68189,0.949742,True,0.148134,0.00804428,0.982614,2.03694,2020-04-04,8,ok,
Berks County,42011,PA,421164,2,True,2020-10-07,2020-12-05,2021-01-01,59,81.5088,2020-10-08,2020-10-21,14,1044,False,True,0.0274514,0.0188218,False,4.48905,True,4.57692,1.19216,0.131752,1.29034,0.209918,True,0.0198621,0.0018651,0.807704,1.13903,2020-11-05,29,ok,
Blair County,42013,PA,121829,1,True,2020-10-13,2020-12-12,2021-02-16,60,136.139,2020-10-16,2020-10-29,14,318,False,True,0.0161898,0.0244522,False,2.32169,True,2.37949,1.11333,0.171165,1.1674,0.261148,True,0.0647626,0.00401493,0.909152,1.45334,2020-11-12,28,ok,
Bucks County,42017,PA,628270,1,False,2020-03-23,2020-05-02,2020-06-16,40,18.236,2020-03-23,2020-04-05,14,523,False,True,0.103138,0.0270599,False,4.12939,True,4.27164,1.72197,0.189419,2.25477,0.387818,True,0.0875557,0.00611311,0.915231,1.61289,2020-04-12,21,ok,
Bucks County,42017,PA,628270,2,True,2020-10-26,2020-12-05,2021-02-12,40,82.9943,2020-10-27,2020-11-09,14,1466,False,True,0.0804047,0.0126048,False,2.63872,True,2.65977,1.56283,0.0882337,1.93981,0.168615,True,0.0812616,0.00295208,0.976796,1.56883,2020-11-15,20,ok,
Butler County,42019,PA,187853,1,True,2020-03-19,2020-03-28,2020-04-16,9,4.10655,2020-03-19,2020-03-28,10,41,True,False,0.434205,0.0792236,False,0.998009,False,1.13591,4.03943,0.554565,9.30126,2.23701,False,,,,,2020-03-23,2,ok,
Cambria County,42021,PA,130192,1,True,2020-10-25,2020-12-08,2021-02-27,44,164.592,2020-10-25,2020-11-07,14,521,False,True,0.080484,0.0245375,False,3.5532,True,3.65938,1.56339,0.171763,1.94087,0.32832,True,0.0721304,0.00168595,0.988657,1.50491,2020-11-16,23,ok,
Carbon County,42025,PA,64182,1,False,2020-03-24,2020-04-07,2020-04-21,14,13.1323,2020-03-24,2020-04-06,14,59,False,True,0.180527,0.0697894,False,2.41893,True,2.69393,2.26369,0.488525,3.48967,1.22705,False,,,,,2020-03-31,6,ok,
Carbon County,42025,PA,64182,2,True,2020-11-02,2021-01-10,2021-03-04,69,120.416,2020-11-02,2020-11-15,14,276,False,True,0.0966981,0.0336056,False,3.41229,True,3.88788,1.67689,0.23524,2.16334,0.47254,True,0.0413601,0.0020426,0.92551,1.28952,2020-12-06,35,ok,
Centre County,42027,PA,162385,1,True,2020-08-30,2020-12-14,2021-03-08,106,76.3617,2020-08-30,2020-09-12,14,673,False,True,0.133285,0.0298636,False,5.95889,True,5.69956,1.93299,0.209045,2.70591,0.465811,True,0.00104833,0.00426128,0.00116254,1.00734,2020-10-22,54,ok,
Chester County,42029,PA,524989,1,True,2020-07-05,2020-07-25,2020-08-17,20,9.63285,2020-07-05,2020-07-18,14,445,False,True,0.0394134,0.0235167,False,2.95809,True,2.95654,1.27589,0.164617,1.42676,0.274096,True,0.0420318,0.0052845,0.875454,1.29422,2020-07-15,11,ok,
Chester County,42029,PA,524989,2,False,2020-08-24,2020-09-17,2020-09-30,24,10.7213,2020-08-24,2020-09-06,14,460,False,True,0.07897,0.0205766,False,2.21247,True,2.29009,1.55279,0.144036,1.92066,0.274013,True,0.0695347,0.00373214,0.969285,1.48674,2020-09-05,13,ok,
Columbia County,42037,PA,64964,1,False,2020-03-27,2020-04-19,2020-05-12,23,23.7494,2020-03-27,2020-04-09,14,62,False,True,0.272792,0.0541197,False,1.35402,False,1.25431,2.90954,0.378838,5.29064,1.16126,True,0.264132,0.016152,0.974491,2.84893,2020-04-07,9,ok,
Columbia County,42037,PA,64964,2,False,2020-08-16,2020-09-02,2020-09-13,17,39.1426,2020-08-16,2020-08-29,14,113,False,True,0.151932,0.0307682,False,1.9404,False,2.45325,2.06352,0.215378,3.00406,0.504018,True,0.172194,0.0121169,0.9665,2.20536,2020-08-24,9,ok,
Columbia County,42037,PA,64964,3,True,2020-11-09,2021-01-10,2021-02-13,62,115.668,2020-11-10,2020-11-23,14,223,False,True,0.0942427,0.0425313,False,4.44057,True,4.82189,1.6597,0.297719,2.12894,0.59366,True,0.0382128,0.00394784,0.763634,1.26749,2020-12-10,31,ok,
Crawford County,42039,PA,84629,1,True,2020-11-05,2020-12-12,2021-02-03,37,212.693,2020-11-07,2020-11-20,14,675,False,True,0.0614598,0.0345487,False,9.4267,True,9.87208,1.43022,0.241841,1.69392,0.434668,True,0.0562474,0.010575,0.653505,1.39373,2020-11-23,17,ok,
Cumberland County,42041,PA,253370,1,True,2020-11-03,2020-12-11,2021-03-02,38,80.7402,2020-11-03,2020-11-16,14,943,False,True,0.0792314,0.0225509,False,5.44498,True,5.37752,1.55462,0.157856,1.92414,0.300552,True,0.0657752,0.00555054,0.886384,1.46043,2020-11-22,20,ok,
Dauphin County,42043,PA,278299,1,False,2020-03-26,2020-07-02,2020-07-05,98,12.9357,2020-03-26,2020-04-08,14,158,False,True,0.114218,0.0349341,False,2.02144,True,2.16895,1.79953,0.244539,2.41614,0.516926,True,0.0222629,0.00249835,0.623254,1.15584,2020-05-14,50,ok,
Dauphin County,42043,PA,278299,2,True,2020-10-23,2020-12-11,2021-02-13,49,86.5462,2020-10-23,2020-11-05,14,746,False,True,0.0330847,0.010531,False,0.99953,False,0.997844,1.23159,0.0737167,1.35383,0.119943,True,0.0362159,0.00100084,0.982738,1.25351,2020-11-16,25,ok,
Delaware County,42045,PA,566747,1,True,2020-03-23,2020-04-11,2020-08-19,19,22.8875,2020-03-23,2020-04-05,14,665,False,True,0.0881982,0.0116116,False,1.85867,False,1.87423,1.61739,0.0812814,2.04534,0.159129,True,0.107415,0.00604206,0.975313,1.7519,2020-04-01,10,ok,
Erie County,42049,PA,269728,1,True,2020-10-26,2020-12-11,2021-05-18,46,89.0315,2020-10-26,2020-11-08,14,602,False,True,0.0324117,0.0117199,False,0.950346,False,0.970238,1.22688,0.082039,1.34618,0.133153,True,0.0745974,0.00298392,0.965996,1.52218,2020-11-18,24,ok,
Fayette County,42051,PA,129274,1,False,2020-06-25,2020-08-09,2020-08-17,45,16.6866,2020-06-25,2020-07-08,14,56,False,True,0.170893,0.0742104,False,2.6937,True,2.79895,2.19625,0.519473,3.32222,1.27475,True,0.0933975,0.00885394,0.84124,1.65378,2020-07-17,23,ok,
Fayette County,42051,PA,129274,2,True,2020-11-13,2020-12-14,2021-02-12,31,186.868,2020-11-13,2020-11-26,14,687,False,True,0.0499946,0.0192363,False,3.0207,True,3.03984,1.34996,0.134654,1.55243,0.232755,True,0.0601321,0.00321327,0.96156,1.42092,2020-11-28,16,ok,
Franklin County,42055,PA,155027,1,False,2020-03-24,2020-05-02,2020-06-06,39,14.6518,2020-03-24,2020-04-06,14,31,False,True,0.0854053,0.0536254,False,1.08739,False,1.34091,1.59784,0.375378,2.00723,0.728609,True,0.0667071,0.00583426,0.890955,1.46695,2020-04-12,18,ok,
Franklin County,42055,PA,155027,2,False,2020-06-28,2020-07-22,2020-09-30,24,12.3481,2020-07-07,2020-07-20,14,116,False,True,0.0497581,0.049237,False,3.3425,True,3.47514,1.34831,0.344659,1.54957,0.595268,False,,,,,2020-07-10,4,ok,
Franklin County,42055,PA,155027,3,True,2020-10-26,2020-12-12,2020-12-26,47,111.317,2020-10-26,2020-11-08,14,528,False,True,0.0514137,0.0197746,False,2.44905,True,2.58161,1.3599,0.138422,1.56965,0.240447,True,0.0549408,0.0017906,0.977165,1.38459,2020-11-18,24,ok,
Franklin County,42055,PA,155027,4,False,2020-12-27,2021-01-08,2021-05-24,12,98.7846,2020-12-30,2021-01-08,10,1332,True,False,0.0575575,0.057331,False,35.5227,True,37.5368,1.4029,0.401317,1.64515,0.711903,False,,,,,2021-01-02,4,ok,
Indiana County,42063,PA,84073,1,True,2020-09-12,2020-12-06,2021-02-16,85,74.2552,2020-09-30,2020-10-13,14,153,False,True,0.035665,0.0461229,False,3.92565,True,4.63936,1.24965,0.32286,1.38336,0.530318,True,0.0201825,0.00340627,0.604178,1.14128,2020-10-24,25,ok,
Lackawanna County,42069,PA,209674,1,False,2020-03-24,2020-04-10,2020-06-07,17,18.3278,2020-03-24,2020-04-06,14,183,False,True,0.120671,0.0230325,False,0.831736,False,0.880747,1.8447,0.161228,2.5125,0.347058,True,0.123724,0.0109624,0.947908,1.86607,2020-04-01,9,ok,
Lackawanna County,42069,PA,209674,2,False,2020-06-21,2020-06-27,2020-08-15,6,4.97371,2020-06-21,2020-06-27,7,58,True,False,0.379575,0.0773462,False,0.90536,False,1.26306,3.65703,0.541424,7.82137,2.00653,False,,,,,2020-06-24,4,ok,
Lackawanna County,42069,PA,209674,3,False,2020-08-26,2020-10-15,2020-11-06,50,24.2553,2020-08-26,2020-09-08,14,208,False,True,0.0359021,0.0356745,False,3.19209,True,3.30938,1.25131,0.249721,1.38609,0.410538,True,-0.00331214,0.00444681,0.0225936,0.976815,2020-09-20,26,ok,
Lackawanna County,42069,PA,209674,4,True,2020-11-16,2021-01-11,2021-02-12,56,71.2671,2020-11-16,2020-11-29,14,813,False,True,0.0285608,0.0199926,False,3.94125,True,4.24963,1.19993,0.139948,1.30274,0.223908,True,0.03575,0.00110568,0.974823,1.25025,2020-12-14,29,ok,
Lancaster County,42071,PA,545724,1,True,2020-03-26,2020-04-18,2020-05-08,23,11.2563,2020-03-26,2020-04-08,14,549,False,True,0.146383,0.0261297,False,3.56977,True,3.46996,2.02468,0.182908,2.91382,0.421944,True,0.165882,0.0120951,0.94952,2.16117,2020-04-06,12,ok,
Lawrence County,42073,PA,85512,1,True,2020-06-29,2020-07-10,2020-08-15,11,12.1954,2020-06-29,2020-07-10,12,58,True,True,0.213094,0.0527046,False,1.55199,False,1.61814,2.49165,0.368932,4.08452,0.998749,False,,,,,2020-07-04,6,ok,
Lebanon County,42075,PA,141793,1,False,2020-03-23,2020-04-15,2020-05-20,23,22.7696,2020-03-23,2020-04-05,14,103,False,True,0.241903,0.0667801,False,2.9532,True,2.84127,2.69332,0.467461,4.64788,1.34628,True,0.223764,0.0092855,0.984739,2.56635,2020-04-03,11,ok,
Lebanon County,42075,PA,141793,2,False,2020-05-21,2020-06-10,2020-07-26,20,14.2058,2020-05-21,2020-06-03,14,109,False,True,0.0183739,0.0274231,False,0.613127,False,0.653183,1.12862,0.191962,1.19083,0.295393,True,0.0541664,0.01145,0.713188,1.37917,2020-05-31,11,ok,
Lebanon County,42075,PA,141793,3,True,2020-10-03,2021-01-08,2021-02-15,97,95.1085,2020-10-03,2020-10-16,14,383,False,True,0.0582345,0.0486073,False,10.637,True,14.107,1.40764,0.340251,1.65356,0.604959,True,0.0266032,0.00102637,0.934616,1.18622,2020-11-20,49,ok,
Lehigh County,42077,PA,369318,1,False,2020-03-26,2020-04-06,2020-06-06,11,38.1785,2020-03-26,2020-04-06,12,968,True,True,0.169457,0.0507392,False,18.651,True,20.2928,2.1862,0.355174,3.2976,0.868512,False,,,,,2020-03-31,6,ok,
Lehigh County,42077,PA,369318,2,True,2020-10-23,2021-01-08,2021-02-20,77,94.5759,2020-10-23,2020-11-05,14,918,False,True,0.0490284,0.0174563,False,3.32781,True,3.32927,1.3432,0.122194,1.54076,0.210509,True,0.0426072,0.00184916,0.934848,1.29825,2020-11-30,39,ok,
Luzerne County,42079,PA,317417,1,False,2020-03-26,2020-04-06,2020-06-03,11,38.5703,2020-03-26,2020-04-06,12,822,True,True,0.218311,0.0538894,False,14.3827,True,14.7389,2.52817,0.377226,4.18396,1.03301,False,,,,,2020-03-31,6,ok,
Luzerne County,42079,PA,317417,2,True,2020-10-12,2020-12-16,2021-05-22,65,105.449,2020-10-12,2020-10-25,14,754,False,True,0.0443078,0.0218261,False,4.29593,True,4.29642,1.31015,0.152783,1.48431,0.258878,True,0.0313443,0.00220495,0.866997,1.21941,2020-11-13,33,ok,
Lycoming County,42081,PA,113299,1,False,2020-04-07,2020-05-10,2020-05-12,33,6.17834,2020-04-07,2020-04-20,14,30,False,True,-0.0579236,0.0532396,True,0.804398,False,0.920331,0.594535,0.372677,0.491222,0.402875,True,0.0138032,0.00779253,0.17299,1.09662,2020-04-23,17,ok,
Lycoming County,42081,PA,113299,2,True,2020-11-09,2020-12-13,2021-03-14,34,153.324,2020-11-09,2020-11-22,14,626,False,True,0.0640361,0.0384485,False,10.7853,True,12.2102,1.44825,0.269139,1.72647,0.487893,True,0.0520742,0.00479119,0.880712,1.36452,2020-11-26,18,ok,
Mercer County,42085,PA,109424,1,True,2020-10-20,2020-12-11,2021-02-20,52,115.148,2020-10-20,2020-11-02,14,271,False,True,0.0306921,0.0174561,False,1.3301,False,1.35888,1.21484,0.122193,1.3267,0.197064,True,0.0686788,0.0023755,0.970959,1.48075,2020-11-15,27,ok,
Monroe County,42089,PA,170271,1,True,2020-03-22,2020-04-06,2020-05-22,15,33.1404,2020-03-22,2020-04-04,14,459,False,True,0.220064,0.0374183,False,4.57645,True,5.00423,2.54045,0.261928,4.21762,0.720028,True,0.237327,0.0119218,0.985085,2.66129,2020-03-29,8,ok,
Monroe County,42089,PA,170271,2,False,2020-10-30,2020-12-05,2020-12-25,36,63.2605,2020-10-30,2020-11-12,14,384,False,True,0.0588543,0.0223668,False,2.25618,True,2.24907,1.41198,0.156567,1.66128,0.278956,True,0.0630392,0.00474283,0.912219,1.44127,2020-11-17,19,ok,
Montgomery County,42091,PA,830915,1,False,2020-03-21,2020-04-08,2020-07-29,18,18.4134,2020-03-21,2020-04-03,14,816,False,True,0.0662905,0.0315362,False,9.42483,True,9.76181,1.46403,0.220754,1.75519,0.403165,True,0.155235,0.0261258,0.815265,2.08664,2020-03-30,10,ok,
Montgomery County,42091,PA,830915,2,True,2020-10-25,2020-12-05,2020-12-26,41,61.8423,2020-10-25,2020-11-07,14,1788,False,True,0.0372827,0.0123647,False,3.29229,True,3.27589,1.26098,0.0865531,1.40202,0.143009,True,0.0602403,0.00237908,0.971218,1.42168,2020-11-14,21,ok,
Northampton County,42095,PA,305285,1,False,2020-03-24,2020-04-06,2020-05-31,13,26.7198,2020-03-24,2020-04-06,14,693,False,True,0.170748,0.041174,False,10.2671,True,9.95899,2.19524,0.288218,3.31974,0.707017,True,0.279226,0.016179,0.983491,2.95458,2020-03-30,7,ok,
Northampton County,42095,PA,305285,2,True,2020-10-24,2020-12-07,2021-03-08,44,93.9169,2020-10-24,2020-11-06,14,727,False,True,0.0528647,0.0160969,False,2.23033,True,2.22592,1.37005,0.112678,1.58734,0.196709,True,0.0550239,0.00179958,0.978031,1.38517,2020-11-15,23,ok,
Philadelphia County,42101,PA,1584064,1,False,2020-03-23,2020-04-08,2020-05-31,16,30.7708,2020-03-23,2020-04-05,14,3044,False,True,0.153709,0.0153362,False,6.65203,True,6.40173,2.07596,0.107353,3.03325,0.252369,True,0.184506,0.00787031,0.987423,2.29154,2020-03-31,9,ok,
Philadelphia County,42101,PA,1584064,2,True,2020-10-03,2020-12-05,2021-02-20,63,74.6723,2020-10-05,2020-10-18,14,2808,False,True,0.0238649,0.0159148,False,8.65184,True,8.66613,1.16705,0.111404,1.25061,0.1751,True,0.0328186,0.00149781,0.944892,1.22973,2020-11-03,30,ok,
Pike County,42103,PA,55809,1,True,2020-03-20,2020-04-11,2020-05-21,22,30.717,2020-03-20,2020-04-02,14,66,False,True,0.200763,0.0442145,False,1.67076,False,2.15465,2.40534,0.309501,3.85406,0.814963,True,0.213242,0.0247078,0.903015,2.4927,2020-03-31,10,ok,
Schuylkill County,42107,PA,141359,1,False,2020-03-24,2020-04-08,2020-06-01,15,10.3081,2020-03-24,2020-04-06,14,100,False,True,0.142089,0.0321779,False,0.79561,False,0.832508,1.99462,0.225245,2.84486,0.513808,True,0.201834,0.0122673,0.978316,2.41284,2020-03-31,8,ok,
Schuylkill County,42107,PA,141359,2,True,2020-10-07,2021-01-05,2021-03-09,90,122.08,2020-10-09,2020-10-22,14,412,False,True,0.0433249,0.0280044,False,3.86844,True,4.07151,1.30327,0.19603,1.47267,0.331001,True,0.0261622,0.00173088,0.844711,1.18314,2020-11-21,44,ok,
Somerset County,42111,PA,73447,1,True,2020-11-06,2020-12-13,2021-02-04,37,193.337,2020-11-06,2020-11-19,14,588,False,True,0.0371368,0.0503686,False,17.9687,True,18.7807,1.25996,0.35258,1.40033,0.582248,True,0.0721609,0.00804819,0.825446,1.50513,2020-11-24,19,ok,
Venango County,42121,PA,50668,1,True,2020-10-15,2020-12-11,2021-03-15,57,124.621,2020-10-19,2020-11-01,14,126,False,True,0.0939486,0.0387557,False,2.0847,True,2.1207,1.65764,0.27129,2.12484,0.540481,True,0.0498542,0.0034812,0.899163,1.34898,2020-11-12,25,ok,
Wayne County,42127,PA,51361,1,True,2020-11-18,2020-12-14,2021-03-11,26,121.549,2020-11-18,2020-12-01,14,212,False,True,0.132791,0.0217807,False,1.4659,False,1.44546,1.92954,0.152465,2.69821,0.339283,True,0.103015,0.00499399,0.972572,1.7211,2020-12-01,14,ok,
Westmoreland County,42129,PA,348899,1,False,2020-03-19,2020-04-04,2020-04-29,16,4.74963,2020-03-19,2020-04-01,14,72,False,True,0.178966,0.0404962,False,1.52325,False,2.03854,2.25276,0.283473,3.46227,0.709355,True,0.249245,0.0175752,0.975742,2.74472,2020-03-27,7,ok,
Westmoreland County,42129,PA,348899,2,False,2020-09-03,2020-10-15,2020-11-02,42,27.4742,2020-09-07,2020-09-20,14,180,False,True,0.0513391,0.0473193,False,4.78121,True,6.08656,1.35937,0.331235,1.56874,0.575225,True,0.041523,0.00515932,0.801913,1.29066,2020-09-24,18,ok,
Westmoreland County,42129,PA,348899,3,True,2020-11-09,2020-12-13,2021-01-26,34,134.464,2020-11-09,2020-11-22,14,2412,False,True,0.0441772,0.0114137,False,3.75856,True,3.7469,1.30924,0.0798956,1.48276,0.135314,True,0.0394888,0.00262086,0.934161,1.27642,2020-11-26,18,ok,
York County,42133,PA,449058,1,False,2020-03-20,2020-04-16,2020-04-24,27,5.5354,2020-03-20,2020-04-02,14,100,False,True,0.207144,0.0561149,False,2.3746,True,2.72019,2.45001,0.392804,3.97253,1.04935,True,0.18505,0.00665799,0.984703,2.29535,2020-04-02,14,ok,
York County,42133,PA,449058,2,False,2020-06-18,2020-09-03,2020-09-30,77,14.1566,2020-06-26,2020-07-09,14,296,False,True,0.0212748,0.0333274,False,4.0052,True,4.23153,1.14892,0.233292,1.22225,0.363053,True,0.00499625,0.00391041,0.053292,1.03497,2020-07-26,31,ok,
York County,42133,PA,449058,3,True,2020-11-08,2020-12-11,2021-02-28,33,113.094,2020-11-08,2020-11-21,14,1885,False,True,0.0598208,0.0154666,False,5.28855,True,5.44271,1.41875,0.108266,1.67336,0.193526,True,0.0624805,0.00385358,0.94602,1.43736,2020-11-24,17,ok,
Kent County,44003,RI,164292,1,False,2020-03-21,2020-04-24,2020-07-06,34,17.3037,2020-03-21,2020-04-03,14,41,False,True,0.126056,0.0938519,False,3.66334,True,4.60699,1.88239,0.656963,2.59425,1.4354,True,0.153317,0.0134392,0.896656,2.07322,2020-04-07,17,ok,
Kent County,44003,RI,164292,2,True,2020-10-25,2020-12-06,2021-02-13,42,107.213,2020-10-25,2020-11-07,14,621,False,True,0.0290856,0.0115248,False,2.27179e-10,False,4.54365e-10,1.2036,0.0806735,1.30862,0.129326,True,0.0371391,0.00392322,0.817542,1.25997,2020-11-15,22,ok,
Providence County,44007,RI,638931,1,False,2020-03-28,2020-04-17,2020-05-30,20,49.48,2020-04-01,2020-04-14,14,1652,False,True,0.158332,0.0908276,False,124.603,True,122.724,2.10832,0.635793,3.10976,1.51227,True,0.0963207,0.0109555,0.939246,1.67425,2020-04-07,7,ok,
Providence County,44007,RI,638931,2,True,2020-10-18,2020-12-06,2021-02-13,49,134.309,2020-10-18,2020-10-31,14,2881,False,True,0.0679981,0.00547451,False,3.91854e-10,False,7.83724e-10,1.47599,0.0383216,1.77708,0.0703799,True,0.0371172,0.0031319,0.859288,1.25982,2020-11-11,25,ok,
Washington County,44009,RI,125577,1,True,2020-03-21,2020-04-26,2020-05-25,36,11.9449,2020-03-21,2020-04-03,14,44,False,True,0.108877,0.119006,False,6.62418,True,7.99872,1.76214,0.833043,2.33771,1.73426,True,0.101814,0.0136294,0.777168,1.7127,2020-04-08,18,ok,
Washington County,44009,RI,125577,2,False,2020-09-13,2020-10-11,2020-11-07,28,18.6567,2020-09-13,2020-09-26,14,70,False,True,0.130899,0.0377964,False,1.97349e-10,False,3.94699e-10,1.91629,0.264575,2.66881,0.58576,True,0.10143,0.0141861,0.797262,1.71001,2020-09-27,15,ok,
Aiken County,45003,SC,170872,1,False,2020-06-19,2020-08-09,2020-09-07,51,35.532,2020-06-20,2020-07-03,14,190,False,True,0.0967713,0.0380656,False,3.01341,True,3.45685,1.6774,0.266459,2.16437,0.53537,True,0.0749637,0.00440871,0.926311,1.52475,2020-07-14,25,ok,
Aiken County,45003,SC,170872,2,True,2020-09-19,2020-09-23,2020-10-02,4,126.745,2020-09-19,2020-09-23,5,,True,False,,,False,,False,,,,,,False,,,,,2020-09-21,3,dropped,rise too short
Anderson County,45007,SC,202558,1,True,2020-09-07,2021-01-16,2021-05-10,131,112.419,2020-09-07,2020-09-20,14,668,False,True,-0.000855435,0.0637271,True,33.2321,True,37.4642,0.994012,0.44609,0.991461,0.634982,True,0.00562864,0.00180317,0.132132,1.0394,2020-11-11,66,ok,
Beaufort County,45013,SC,192122,1,True,2020-06-07,2020-07-28,2020-08-16,51,50.7862,2020-06-07,2020-06-20,14,395,False,True,0.0778182,0.0149124,False,0.958224,False,0.958024,1.54473,0.104387,1.90535,0.197863,True,0.0459979,0.00418205,0.834455,1.32199,2020-07-02,26,ok,
Beaufort County,45013,SC,192122,2,False,2020-10-22,2021-01-19,2021-03-30,89,78.001,2020-10-29,2020-11-11,14,286,False,True,0.00799409,0.0322572,False,3.64264,True,3.73694,1.05596,0.225801,1.08128,0.333403,True,0.031473,0.00322625,0.725537,1.22031,2020-12-05,38,ok,
Berkeley County,45015,SC,227907,1,True,2020-06-08,2020-07-16,2020-11-19,38,47.0117,2020-06-08,2020-06-21,14,326,False,True,0.0905578,0.0428569,False,6.64475,True,6.6502,1.6339,0.299999,2.07779,0.591573,True,0.0874883,0.00440349,0.956389,1.61242,2020-06-27,20,ok,
Berkeley County,45015,SC,227907,2,False,2020-11-20,2021-01-06,2021-04-01,47,58.8586,2020-11-28,2020-12-11,14,688,False,True,0.0703234,0.0362574,False,10.4345,True,13.2311,1.49226,0.253802,1.80709,0.469664,True,0.0510574,0.00807272,0.740749,1.3574,2020-12-13,16,ok,
Charleston County,45019,SC,411406,1,True,2020-06-09,2020-07-03,2020-09-27,24,80.7336,2020-06-09,2020-06-22,14,1233,False,True,0.129927,0.022705,False,6.37481,True,6.00883,1.90949,0.158935,2.65377,0.350949,True,0.130377,0.00396565,0.989926,1.91264,2020-06-21,13,ok,
Charleston County,45019,SC,411406,2,False,2020-12-23,2021-01-06,2021-05-18,14,79.9349,2020-12-23,2021-01-05,14,2338,False,True,0.0531528,0.027688,False,21.2138,True,21.8882,1.37207,0.193816,1.59086,0.338691,True,0.0749955,0.0101476,0.901021,1.52497,2020-12-30,8,ok,
Cherokee County,45021,SC,57300,1,False,2020-06-02,2020-07-22,2020-08-24,50,37.6465,2020-06-17,2020-06-30,14,61,False,True,0.102549,0.0389637,False,1.31009,False,1.33954,1.71784,0.272746,2.24633,0.557455,True,0.115518,0.0111306,0.922887,1.80863,2020-06-27,11,ok,
Cherokee County,45021,SC,57300,2,True,2020-10-19,2021-01-23,2021-02-27,96,147.594,2020-11-02,2020-11-15,14,248,False,True,0.056006,0.0368015,False,3.96038,True,4.27172,1.39204,0.25761,1.62593,0.454581,True,0.020904,0.00399053,0.454012,1.14633,2020-12-06,35,ok,
Darlington County,45031,SC,66618,1,True,2020-10-04,2021-01-06,2021-03-20,94,146.893,2020-11-15,2020-11-28,14,219,False,True,0.0433832,0.11799,False,36.5,True,49.7678,1.30368,0.825927,1.47336,1.39488,False,,,,,2020-11-20,6,ok,
Dorchester County,45035,SC,162809,1,False,2020-03-26,2020-04-03,2020-04-13,8,3.42206,2020-03-26,2020-04-03,9,32,True,False,0.175753,0.132452,False,3.3119,True,3.84301,2.23027,0.927166,3.40621,2.30224,False,,,,,2020-03-30,5,ok,
Dorchester County,45035,SC,162809,2,True,2020-10-04,2021-01-10,2021-04-01,98,103.452,2020-11-19,2020-12-02,14,632,False,True,-0.0653095,0.091131,True,61.0503,True,76.9975,0.542834,0.637917,0.436477,0.661338,False,,,,,2020-11-22,4,ok,
Florence County,45041,SC,138293,1,False,2020-06-14,2020-07-30,2020-09-27,46,57.2284,2020-06-18,2020-07-01,14,375,False,True,0.0437677,0.0359704,False,5.80639,True,5.90353,1.30637,0.251793,1.47791,0.425826,True,0.030985,0.00464668,0.711839,1.2169,2020-07-07,20,ok,
Florence County,45041,SC,138293,2,True,2020-11-20,2021-01-06,2021-03-15,47,154.021,2020-11-23,2020-12-06,14,871,False,True,0.0220215,0.0747888,False,59.3266,True,74.0954,1.15415,0.523521,1.2304,0.81706,True,0.0650386,0.00707291,0.816525,1.45527,2020-12-13,21,ok,
Georgetown County,45043,SC,62680,1,True,2020-06-08,2020-07-06,2020-10-03,28,56.0671,2020-06-08,2020-06-21,14,173,False,True,0.0248353,0.05687,False,6.80255,True,8.42732,1.17385,0.39809,1.26131,0.62802,True,0.0515577,0.0111315,0.622671,1.3609,2020-06-22,15,ok,
Georgetown County,45043,SC,62680,2,False,2020-10-04,2021-01-13,2021-03-16,101,109.399,2020-10-04,2020-10-17,14,244,False,True,0.116059,0.0287685,False,2.10664,True,2.10123,1.81241,0.20138,2.44345,0.427917,True,-0.004895,0.00307732,0.0491018,0.965735,2020-11-23,51,ok,
Greenville County,45045,SC,523542,1,True,2020-09-23,2021-01-05,2021-03-11,104,159.6,2020-09-29,2020-10-12,14,1270,False,True,0.0139594,0.0346293,False,18.6119,True,19.44,1.09772,0.242405,1.14369,0.366596,True,0.0191484,0.000824341,0.923021,1.13404,2020-11-14,47,ok,
Greenwood County,45047,SC,70811,1,True,2020-06-08,2021-01-16,2021-03-09,222,113.582,2020-09-27,2020-10-10,14,166,False,True,0.00344251,0.0644775,False,8.45273,True,9.70079,1.0241,0.451342,1.03467,0.654097,False,,,,,2020-09-27,1,ok,
Horry County,45051,SC,354081,1,True,2020-06-04,2020-07-03,2020-09-29,29,63.1413,2020-06-04,2020-06-17,14,928,False,True,0.0958003,0.0208979,False,4.44583,True,4.40126,1.6706,0.146286,2.15073,0.293065,True,0.104287,0.00578281,0.961564,1.73001,2020-06-18,15,ok,
Horry County,45051,SC,354081,2,False,2020-11-08,2021-01-06,2021-04-01,59,98.565,2020-11-19,2020-12-02,14,1511,False,True,-0.0521944,0.0964755,True,166.656,True,215.117,0.634639,0.675329,0.535265,0.753265,True,0.0364094,0.0107225,0.404138,1.25487,2020-12-07,19,ok,
Kershaw County,45055,SC,66551,1,True,2020-03-11,2020-03-31,2020-05-11,20,14.1674,2020-03-11,2020-03-24,14,50,False,True,0.134923,0.0449958,False,1.75041,False,2.06934,1.94446,0.31497,2.73152,0.704938,True,0.16233,0.0136005,0.946829,2.13631,2020-03-21,10,ok,
Laurens County,45059,SC,67493,1,True,2020-10-24,2021-01-16,2021-03-11,84,111.969,2020-10-24,2020-11-06,14,168,False,True,-0.0272936,0.0316551,True,2.0435,True,2.11511,0.808945,0.221586,0.742708,0.280264,True,0.0207809,0.00281516,0.570639,1.14547,2020-12-05,43,ok,
Lexington County,45063,SC,298750,1,False,2020-05-27,2020-07-21,2020-08-24,55,34.5726,2020-05-28,2020-06-10,14,360,False,True,0.106225,0.0445208,False,7.63604,True,9.03429,1.74358,0.311646,2.29922,0.643837,True,0.0517281,0.00430557,0.852369,1.3621,2020-06-23,27,ok,
Lexington County,45063,SC,298750,2,False,2020-08-25,2020-09-25,2020-10-11,31,27.9737,2020-08-25,2020-09-07,14,629,False,True,0.0369985,0.0284915,False,6.15115,True,6.4801,1.25899,0.199441,1.39873,0.32919,True,0.010777,0.0090724,0.0915626,1.07544,2020-09-09,16,ok,
Lexington County,45063,SC,298750,3,True,2020-11-09,2021-01-05,2021-01-25,57,112.23,2020-11-19,2020-12-02,14,1244,False,True,-0.0304315,0.0929504,True,130.179,True,172.704,0.786979,0.650653,0.715133,0.810702,True,0.0386853,0.00948912,0.494354,1.2708,2020-12-07,19,ok,
Oconee County,45073,SC,79546,1,True,2020-08-18,2020-10-02,2020-11-06,45,96.7993,2020-08-18,2020-08-31,14,195,False,True,0.0579236,0.0424064,False,4.12386,True,4.4654,1.40547,0.296845,1.64969,0.527229,True,0.0138259,0.00607406,0.197896,1.09678,2020-09-09,23,ok,
Orangeburg County,45075,SC,86175,1,True,2020-05-26,2020-07-19,2020-09-30,54,65.4814,2020-05-26,2020-06-08,14,130,False,True,0.030889,0.05375,False,4.54747,True,5.24184,1.21622,0.37625,1.32893,0.607232,True,0.0469197,0.00289595,0.909878,1.32844,2020-06-22,28,ok,
Orangeburg County,45075,SC,86175,2,False,2020-11-20,2021-01-16,2021-03-21,57,126.487,2020-11-28,2020-12-11,14,448,False,True,0.0881539,0.0266194,False,3.54085,True,5.19259,1.61708,0.186336,2.04473,0.364751,True,0.0474235,0.00684927,0.716164,1.33196,2020-12-18,21,ok,
Pickens County,45077,SC,126884,1,True,2020-09-23,2021-01-05,2021-03-11,104,171.135,2020-09-24,2020-10-07,14,611,False,True,-0.0467058,0.0530391,True,20.5029,True,21.8421,0.67306,0.371274,0.578752,0.426347,True,0.00426513,0.00154763,0.13187,1.02986,2020-11-14,52,ok,
Richland County,45079,SC,415759,1,True,2020-03-18,2020-04-07,2020-04-24,20,7.83421,2020-03-18,2020-03-31,14,147,False,True,0.121506,0.0571643,False,4.93649,True,4.66328,1.85054,0.40015,2.52509,0.863366,True,0.116011,0.0155921,0.86016,1.81208,2020-03-28,11,ok,
Spartanburg County,45083,SC,319785,1,True,2020-08-30,2021-01-23,2021-03-15,146,135.18,2020-09-30,2020-10-13,14,775,False,True,0.0359489,0.0556372,False,28.9275,True,35.845,1.25164,0.389461,1.38663,0.640376,True,0.0153887,0.00179825,0.641082,1.10772,2020-11-11,43,ok,
Sumter County,45085,SC,106721,1,True,2020-05-30,2020-07-21,2020-11-28,52,53.8119,2020-05-30,2020-06-12,14,215,False,True,0.132297,0.04295,False,3.94942,True,4.68175,1.92608,0.30065,2.69052,0.66815,True,0.0568561,0.00447485,0.865905,1.39799,2020-06-25,27,ok,
Sumter County,45085,SC,106721,2,False,2020-11-29,2021-01-26,2021-03-23,58,94.1039,2020-11-29,2020-12-12,14,574,False,True,0.105037,0.0422335,False,10.9886,True,12.9454,1.73526,0.295635,2.28206,0.608651,True,0.0131869,0.00548814,0.170946,1.09231,2020-12-28,30,ok,
York County,45091,SC,280979,1,False,2020-03-18,2020-03-31,2020-05-04,13,2.79635,2020-03-18,2020-03-31,14,55,False,True,0.214868,0.0499433,False,1.28618,False,1.80047,2.50408,0.349603,4.11822,0.950144,False,,,,,2020-03-24,4,ok,
York County,45091,SC,280979,2,False,2020-06-06,2020-07-22,2020-08-16,46,28.2177,2020-06-06,2020-06-19,14,294,False,True,0.0253334,0.0349581,False,4.36686,True,4.48418,1.17733,0.244707,1.26681,0.386777,True,0.048538,0.00281802,0.930963,1.33977,2020-06-29,24,ok,
York County,45091,SC,280979,3,True,2020-10-27,2021-01-05,2021-02-01,70,106.617,2020-10-27,2020-11-09,14,921,False,True,0.0164599,0.0235047,False,6.21247,True,6.26164,1.11522,0.164533,1.17029,0.251296,True,0.0229473,0.003381,0.575346,1.16063,2020-12-01,36,ok,
Lincoln County,46083,SD,61128,1,False,2020-03-28,2020-06-18,2020-07-16,82,13.0873,2020-03-28,2020-04-10,14,36,False,True,0.0158894,0.0476927,False,1.44771,False,1.72725,1.11123,0.333849,1.1642,0.508755,True,0.0171126,0.0039028,0.33019,1.11979,2020-05-08,41,ok,
Lincoln County,46083,SD,61128,2,False,2020-07-17,2020-07-28,2020-08-23,11,21.968,2020-07-17,2020-07-28,12,92,True,True,0.172834,0.0394781,False,1.06494,False,1.06645,2.20984,0.276347,3.35564,0.681353,False,,,,,2020-07-22,6,ok,
Lincoln County,46083,SD,61128,3,True,2020-09-23,2020-11-11,2021-01-23,49,185.793,2020-09-23,2020-10-06,14,362,False,True,0.030103,0.0359266,False,5.66064,True,6.14931,1.21072,0.251486,1.32006,0.404689,True,0.0431233,0.00261575,0.921978,1.30186,2020-10-17,25,ok,
Minnehaha County,46099,SD,193134,1,False,2020-04-03,2020-04-15,2020-05-28,12,61.9851,2020-04-03,2020-04-15,13,880,True,True,0.190455,0.0191271,False,2.46844,True,2.50147,2.33318,0.13389,3.66628,0.344271,True,0.225524,0.00686563,0.995387,2.57867,2020-04-09,7,ok,
Minnehaha County,46099,SD,193134,2,True,2020-09-25,2020-11-11,2021-01-14,47,196.311,2020-09-27,2020-10-10,14,1267,False,True,0.0475651,0.0426424,False,27.4546,True,32.5379,1.33296,0.298497,1.52316,0.511612,True,0.0493912,0.00357862,0.904983,1.34574,2020-10-18,22,ok,
Pennington County,46103,SD,113775,1,False,2020-08-19,2020-08-30,2020-09-18,11,48.2155,2020-08-19,2020-08-30,12,448,True,True,0.192847,0.0472883,False,7.30917,True,7.05885,2.34993,0.331018,3.70945,0.855898,False,,,,,2020-08-24,6,ok,
Pennington County,46103,SD,113775,2,True,2020-09-19,2020-11-12,2021-01-17,54,153.938,2020-09-19,2020-10-02,14,590,False,True,0.0223213,0.02467,False,4.37196,True,4.45668,1.15625,0.17269,1.23368,0.269827,True,0.0295344,0.0039969,0.677428,1.20674,2020-10-16,28,ok,
Anderson County,47001,TN,76978,1,False,2020-06-25,2020-07-26,2020-08-27,31,36.374,2020-06-25,2020-07-08,14,81,False,True,0.107034,0.0509571,False,2.24624,True,2.28972,1.74924,0.3567,2.31092,0.738644,True,0.11211,0.00731855,0.943698,1.78477,2020-07-10,16,ok,
Anderson County,47001,TN,76978,2,True,2020-10-24,2020-12-17,2021-02-21,54,181.128,2020-10-24,2020-11-06,14,341,False,True,-0.0396322,0.0534237,True,11.6958,True,13.7387,0.722574,0.373966,0.636663,0.445311,True,0.029105,0.00344192,0.733345,1.20373,2020-11-20,28,ok,
Blount County,47009,TN,133088,1,True,2020-10-04,2020-12-16,2021-02-16,73,175.609,2020-10-07,2020-10-20,14,395,False,True,0.00361683,0.014377,False,1.70046,False,1.73383,1.02532,0.100639,1.03644,0.145954,True,0.0198234,0.00263133,0.639458,1.13876,2020-11-09,34,ok,
Bradley County,47011,TN,108110,1,False,2020-05-29,2020-07-06,2020-08-23,38,40.0386,2020-05-29,2020-06-11,14,140,False,True,0.0452731,0.024451,False,1.0283,False,1.03655,1.31691,0.171157,1.49577,0.291003,True,-0.00148126,0.00748252,0.00217244,0.989631,2020-06-17,20,ok,
Bradley County,47011,TN,108110,2,True,2020-11-06,2020-12-16,2021-02-20,40,156.058,2020-11-07,2020-11-20,14,749,False,True,0.048918,0.0272599,False,6.62212,True,6.70184,1.34243,0.190819,1.53943,0.328606,True,0.0210655,0.0054145,0.456794,1.14746,2020-11-26,20,ok,
Carter County,47019,TN,56391,1,True,2020-10-03,2020-12-16,2021-02-28,74,140.853,2020-10-03,2020-10-16,14,170,False,True,0.0440431,0.0405437,False,3.34312,True,3.46507,1.3083,0.283806,1.48117,0.480435,True,0.037031,0.0022501,0.882678,1.25922,2020-11-09,38,ok,
Coffee County,47031,TN,56520,1,False,2020-07-04,2020-07-28,2020-08-31,24,32.0999,2020-07-04,2020-07-17,14,55,False,True,0.0471774,0.0390521,False,0.926319,False,1.00985,1.33024,0.273365,1.51851,0.467901,True,0.0642274,0.00886915,0.826612,1.44959,2020-07-16,13,ok,
Coffee County,47031,TN,56520,2,True,2020-11-13,2020-12-18,2021-02-04,35,179.456,2020-11-13,2020-11-26,14,419,False,True,-0.0225493,0.0257667,True,3.38661,True,3.42237,0.842155,0.180367,0.785185,0.233264,True,0.0256001,0.00601876,0.530673,1.1792,2020-11-30,18,ok,
Cumberland County,47035,TN,60520,1,True,2020-10-03,2020-12-17,2021-02-10,75,157.681,2020-10-03,2020-10-16,14,221,False,True,-0.0590018,0.0488095,True,6.18224,True,6.32342,0.586988,0.341666,0.483088,0.367141,True,0.0132565,0.00342537,0.293808,1.0928,2020-11-09,38,ok,
Davidson County,47037,TN,694144,1,False,2020-06-10,2020-07-11,2020-08-21,31,58.7363,2020-06-10,2020-06-23,14,1776,False,True,0.00868994,0.0361288,False,28.3717,True,29.2349,1.06083,0.252902,1.08849,0.374475,True,0.030791,0.00389441,0.817023,1.21554,2020-06-25,16,ok,
Davidson County,47037,TN,694144,2,True,2020-10-15,2020-12-16,2021-02-13,62,118.728,2020-10-15,2020-10-28,14,3130,False,True,0.0307896,0.0232033,False,20.4055,True,20.5126,1.21553,0.162423,1.3278,0.262039,True,0.0244491,0.00299437,0.689658,1.17114,2020-11-15,32,ok,
Dickson County,47043,TN,53948,1,True,2020-10-03,2020-12-16,2021-02-16,74,160.472,2020-10-10,2020-10-23,14,214,False,True,0.0485253,0.0198134,False,1.41035,False,1.43578,1.33968,0.138694,1.5347,0.238515,True,0.0349364,0.00247702,0.872767,1.24456,2020-11-09,31,ok,
Greene County,47059,TN,69069,1,True,2020-10-05,2020-12-16,2021-02-13,72,168.775,2020-10-05,2020-10-18,14,278,False,True,0.0648096,0.0375163,False,4.55475,True,4.85041,1.45367,0.262614,1.7363,0.477283,True,0.0240113,0.0028721,0.666326,1.16808,2020-11-10,37,ok,
Hamblen County,47063,TN,64934,1,True,2020-06-20,2020-07-25,2020-09-09,35,87.7814,2020-06-20,2020-07-03,14,240,False,True,0.129651,0.0500228,False,6.0279,True,6.00518,1.90756,0.35016,2.64951,0.77262,True,0.0784882,0.00974505,0.802151,1.54942,2020-07-07,18,ok,
Hamblen County,47063,TN,64934,2,False,2020-10-03,2020-12-16,2021-02-19,74,173.583,2020-11-02,2020-11-15,14,378,False,True,0.0472904,0.0679776,False,20.8217,True,22.561,1.33103,0.475843,1.51987,0.814793,True,0.0815603,0.0217919,0.700115,1.57092,2020-11-09,8,ok,
Hamilton County,47065,TN,367804,1,True,2020-06-29,2020-12-18,2021-04-06,172,135.049,2020-09-10,2020-09-23,14,884,False,True,-0.0370518,0.0254982,True,6.92347,True,7.07226,0.740637,0.178487,0.658311,0.215302,True,-0.00585442,0.00643776,0.0644724,0.959019,2020-09-23,14,ok,
Hawkins County,47073,TN,56786,1,False,2020-07-05,2020-08-06,2020-09-11,32,38.2388,2020-07-05,2020-07-18,14,72,False,True,0.0645693,0.0345353,False,1.54091,False,1.67544,1.45199,0.241747,1.73325,0.439009,True,0.0657692,0.00715304,0.849308,1.46038,2020-07-21,17,ok,
Hawkins County,47073,TN,56786,2,True,2020-10-04,2020-12-16,2021-02-24,73,136.603,2020-10-05,2020-10-18,14,211,False,True,0.0257977,0.033579,False,2.89081,True,2.96007,1.18058,0.235053,1.27195,0.372173,True,0.00635238,0.00281291,0.130433,1.04447,2020-11-09,36,ok,
Jefferson County,47089,TN,54495,1,True,2020-06-15,2020-07-26,2020-08-19,41,40.1085,2020-06-15,2020-06-28,14,45,False,True,0.0579236,0.04347,False,1.76119,False,1.99264,1.40547,0.30429,1.64969,0.540454,True,0.0528077,0.00486202,0.861281,1.36965,2020-07-05,21,ok,
Knox County,47093,TN,470313,1,True,2020-07-06,2020-12-15,2021-04-20,162,126.056,2020-07-10,2020-07-23,14,1339,False,True,0.0694013,0.0318788,False,15.7233,True,15.9362,1.48581,0.223152,1.79516,0.41171,True,0.000424102,0.000993797,0.00239053,1.00297,2020-09-25,78,ok,
Loudon County,47105,TN,54068,1,True,2020-09-23,2020-12-16,2021-01-22,84,159.852,2020-09-23,2020-10-06,14,204,False,True,0.045191,0.0367797,False,3.29733,True,3.44069,1.31634,0.257458,1.4948,0.437606,True,-0.000672333,0.0024562,0.00182417,0.995294,2020-11-04,43,ok,
McMinn County,47107,TN,53794,1,False,2020-04-21,2020-04-27,2020-05-08,6,23.6351,2020-04-21,2020-04-27,7,16,True,False,,,False,,False,,,,,,False,,,,,2020-04-24,2,dropped,< 30 cases in window
McMinn County,47107,TN,53794,2,True,2020-10-07,2020-12-16,2021-02-14,70,157.479,2020-10-30,2020-11-12,14,290,False,True,0.05383,0.0379078,False,4.92795,True,5.74717,1.37681,0.265355,1.59915,0.464782,True,0.052138,0.00477332,0.915584,1.36497,2020-11-11,13,ok,
Madison County,47113,TN,97984,1,False,2020-03-26,2020-04-10,2020-04-28,15,6.56084,2020-03-26,2020-04-08,14,42,False,True,0.206703,0.0561361,False,0.334559,False,0.28454,2.44692,0.392953,3.96427,1.04871,False,,,,,2020-04-02,6,ok,
Madison County,47113,TN,97984,2,True,2020-10-31,2020-12-15,2021-02-10,45,133.112,2020-10-31,2020-11-13,14,548,False,True,0.0780028,0.0324511,False,6.5675,True,8.04225,1.54602,0.227158,1.9078,0.430825,True,0.0437482,0.00436569,0.827045,1.30624,2020-11-22,23,ok,
Maury County,47119,TN,96387,1,False,2020-06-09,2020-07-25,2020-07-30,46,35.2745,2020-06-10,2020-06-23,14,118,False,True,0.0640035,0.0269648,False,1.77923,False,1.94272,1.44802,0.188754,1.72606,0.342134,True,0.0220298,0.00582349,0.405276,1.15421,2020-07-02,23,ok,
Maury County,47119,TN,96387,2,True,2020-10-06,2020-12-18,2021-02-11,73,153.548,2020-10-14,2020-10-27,14,595,False,True,0.00912675,0.0353214,False,9.08419,True,9.32575,1.06389,0.24725,1.09302,0.366754,True,0.0371394,0.00185478,0.936908,1.25998,2020-11-11,29,ok,
Montgomery County,47125,TN,208993,1,True,2020-10-03,2020-12-16,2021-02-19,74,113.196,2020-10-03,2020-10-16,14,507,False,True,0.0197553,0.0487355,False,14.6811,True,15.283,1.13829,0.341148,1.20575,0.527791,True,0.0162326,0.00294223,0.458147,1.11363,2020-11-09,38,ok,
Putnam County,47141,TN,80245,1,False,2020-03-20,2020-04-05,2020-04-18,16,8.72328,2020-03-20,2020-04-02,14,35,False,True,0.0929411,0.0508723,False,1.43191,False,1.83687,1.65059,0.356106,2.11081,0.707304,True,0.12365,0.0138609,0.919151,1.86555,2020-03-28,9,ok,
Putnam County,47141,TN,80245,2,False,2020-04-25,2020-05-22,2020-06-14,27,24.3896,2020-04-25,2020-05-08,14,66,False,True,0.099021,0.0617318,False,2.7387,True,2.92519,1.69315,0.432122,2.19612,0.874053,True,0.0406233,0.0119777,0.489421,1.28436,2020-05-08,14,ok,
Putnam County,47141,TN,80245,3,True,2020-11-05,2020-11-14,2020-11-24,9,84.3844,2020-11-05,2020-11-14,10,501,True,False,0.0671591,0.0682588,False,18.827,True,21.9247,1.47011,0.477812,1.76631,0.875125,False,,,,,2020-11-09,5,ok,
Putnam County,47141,TN,80245,4,False,2020-11-25,2020-12-17,2021-02-10,22,159.511,2020-11-25,2020-12-08,14,684,False,True,0.0515117,0.0510057,False,21.1052,True,21.9096,1.36058,0.35704,1.57084,0.620408,True,0.040126,0.00930092,0.6505,1.28088,2020-12-06,12,ok,
Roane County,47145,TN,53382,1,True,2020-10-04,2020-12-17,2021-01-31,74,164.314,2020-10-04,2020-10-17,14,192,False,True,0.00595324,0.0548733,False,7.07898,True,7.62585,1.04167,0.384113,1.06028,0.562453,True,0.0294164,0.00173466,0.888743,1.20592,2020-11-10,38,ok,
Robertson County,47147,TN,71813,1,False,2020-03-22,2020-05-26,2020-06-25,65,24.8662,2020-03-22,2020-04-04,14,46,False,True,0.0374806,0.0424893,False,1.97865,False,2.40187,1.26236,0.297425,1.40431,0.491779,True,0.0144222,0.00348683,0.355616,1.10096,2020-04-23,33,ok,
Robertson County,47147,TN,71813,2,False,2020-07-02,2020-07-16,2020-09-21,14,37.1998,2020-07-03,2020-07-16,14,245,False,True,0.106077,0.0195262,False,1.16947,False,1.2136,1.74254,0.136683,2.29707,0.282256,True,0.0713165,0.0168923,0.780931,1.49922,2020-07-09,7,ok,
Robertson County,47147,TN,71813,3,True,2020-11-05,2020-12-16,2021-02-13,41,181.225,2020-11-05,2020-11-18,14,556,False,True,0.0691508,0.0124736,False,1.91303,False,1.90167,1.48406,0.0873153,1.79193,0.160964,True,0.0318232,0.00680559,0.535059,1.22276,2020-11-25,21,ok,
Rutherford County,47149,TN,332285,1,True,2020-09-11,2020-12-15,2021-02-19,95,145.142,2020-09-12,2020-09-25,14,803,False,True,-0.00604965,0.0232236,True,5.30292,True,5.45848,0.957652,0.162565,0.940272,0.226335,True,0.0205832,0.00157338,0.791806,1.14408,2020-10-28,47,ok,
Sevier County,47155,TN,98250,1,False,2020-06-05,2020-07-25,2020-08-18,50,49.4366,2020-06-05,2020-06-18,14,240,False,True,0.0579236,0.0328887,False,3.05289,True,3.20607,1.40547,0.230221,1.64969,0.408898,True,0.0322442,0.00607245,0.540188,1.22571,2020-06-30,26,ok,
Sevier County,47155,TN,98250,2,True,2020-11-05,2020-12-17,2021-02-14,42,194.402,2020-11-05,2020-11-18,14,649,False,True,0.0466347,0.0241806,False,4.52685,True,4.59252,1.32644,0.169264,1.51202,0.289168,True,0.0210208,0.00378002,0.607267,1.14715,2020-11-26,22,ok,
Shelby County,47157,TN,937166,1,False,2020-03-18,2020-04-15,2020-04-21,28,9.37477,2020-03-18,2020-03-31,14,470,False,True,0.154523,0.0846969,False,31.2383,True,34.2574,2.08166,0.592878,3.04666,1.39665,True,0.140116,0.0205345,0.79508,1.98081,2020-04-01,14,ok,
Shelby County,47157,TN,937166,2,False,2020-05-23,2020-07-16,2020-10-01,54,44.4959,2020-05-25,2020-06-07,14,1559,False,True,0.0259115,0.0430763,False,35.1473,True,36.2436,1.18138,0.301534,1.27322,0.477643,True,0.0180582,0.00266246,0.657156,1.12641,2020-06-19,26,ok,
Shelby County,47157,TN,937166,3,True,2020-10-15,2020-12-14,2021-02-13,60,90.699,2020-10-15,2020-10-28,14,3379,False,True,0.0484009,0.0211661,False,18.022,True,18.5767,1.33881,0.148163,1.5332,0.254689,True,0.0210831,0.00339031,0.571459,1.14758,2020-11-14,31,ok,
Sullivan County,47163,TN,158348,1,True,2020-09-24,2020-12-16,2021-03-05,83,125.402,2020-09-24,2020-10-07,14,388,False,True,0.0385234,0.0352789,False,5.80932,True,5.96631,1.26966,0.246952,1.4164,0.409869,True,0.0293208,0.00367654,0.613908,1.20525,2020-11-04,42,ok,
Sumner County,47165,TN,191283,1,False,2020-03-16,2020-03-31,2020-05-12,15,17.2519,2020-03-16,2020-03-29,14,108,False,True,0.272034,0.0409247,False,1.47424,False,2.02944,2.90424,0.286473,5.27439,0.87683,False,,,,,2020-03-23,6,ok,
Sumner County,47165,TN,191283,2,False,2020-05-31,2020-07-15,2020-07-28,45,39.0596,2020-06-15,2020-06-28,14,240,False,True,0.0480675,0.0388194,False,4.30736,True,4.87934,1.33647,0.271736,1.52919,0.466564,True,0.0665601,0.0147336,0.772799,1.46592,2020-06-22,8,ok,
Sumner County,47165,TN,191283,3,True,2020-10-18,2020-12-14,2021-02-14,57,137.418,2020-10-19,2020-11-01,14,852,False,True,-0.0316513,0.0468143,True,22.5951,True,28.5275,0.778441,0.3277,0.704525,0.40591,True,0.0327212,0.00506734,0.615933,1.22905,2020-11-15,28,ok,
Tipton County,47167,TN,61599,1,False,2020-03-27,2020-05-01,2020-05-08,35,14.6106,2020-03-27,2020-04-09,14,31,False,True,-0.00921979,0.0513425,True,1.27373,False,1.55082,0.935461,0.359397,0.909587,0.493543,True,-0.00788676,0.00935999,0.0424884,0.944793,2020-04-13,18,ok,
Tipton County,47167,TN,61599,2,False,2020-05-09,2020-05-14,2020-05-16,5,57.2829,2020-05-09,2020-05-14,6,,True,False,,,False,,False,,,,,,False,,,,,2020-05-11,3,dropped,rise too short
Tipton County,47167,TN,61599,3,True,2020-09-13,2020-11-16,2020-12-04,64,83.4893,2020-10-01,2020-10-14,14,259,False,True,0.0410974,0.0179374,False,1.84312,False,1.87965,1.28768,0.125562,1.44644,0.210336,True,0.0473821,0.00848783,0.705634,1.33167,2020-10-15,15,ok,
Tipton County,47167,TN,61599,4,False,2020-12-05,2020-12-16,2021-02-12,11,128.017,2020-12-06,2020-12-16,11,660,True,False,0.0927977,0.0325874,False,6.65531,True,7.06541,1.64958,0.228112,2.10882,0.452883,False,,,,,2020-12-10,5,ok,
Washington County,47179,TN,129375,1,False,2020-07-03,2020-07-29,2020-08-25,26,37.3223,2020-07-03,2020-07-16,14,192,False,True,0.0858248,0.0428997,False,3.96036,True,3.97648,1.60077,0.300298,2.01293,0.583635,True,0.0800712,0.009738,0.849266,1.5605,2020-07-16,14,ok,
Washington County,47179,TN,129375,2,True,2020-10-09,2020-12-16,2021-01-27,68,136.812,2020-10-09,2020-10-22,14,621,False,True,0.03561,0.0379018,False,10.7602,True,11.6824,1.24927,0.265313,1.38273,0.435705,True,0.018513,0.00293929,0.545898,1.12959,2020-11-12,35,ok,
Williamson County,47187,TN,238412,1,False,2020-06-06,2020-07-16,2020-09-23,40,41.2851,2020-06-11,2020-06-24,14,173,False,True,0.0382113,0.021917,False,1.7384,False,1.81531,1.26748,0.153419,1.41278,0.254344,True,0.0603765,0.00378395,0.947876,1.42264,2020-06-26,16,ok,
Williamson County,47187,TN,238412,2,True,2020-10-03,2020-12-19,2021-02-19,77,109.355,2020-10-04,2020-10-17,14,860,False,True,-0.0146307,0.0357709,True,13.4448,True,13.9138,0.897585,0.250396,0.858188,0.335728,True,0.018741,0.00230949,0.646538,1.13119,2020-11-10,38,ok,
Wilson County,47189,TN,144657,1,False,2020-03-19,2020-04-03,2020-05-08,15,6.41913,2020-03-19,2020-04-01,14,57,False,True,0.188822,0.0776591,False,2.79962,True,3.07816,2.32176,0.543613,3.63695,1.39247,False,,,,,2020-03-26,6,ok,
Wilson County,47189,TN,144657,2,False,2020-06-16,2020-07-17,2020-08-10,31,39.0085,2020-06-16,2020-06-29,14,218,False,True,0.00524305,0.0413804,False,4.57125,True,5.07094,1.0367,0.289663,1.05301,0.422916,True,0.053961,0.00663726,0.825212,1.37773,2020-07-01,16,ok,
Wilson County,47189,TN,144657,3,True,2020-10-08,2020-12-17,2021-02-12,70,149.911,2020-10-13,2020-10-26,14,653,False,True,0.0241219,0.044449,False,15.6921,True,16.9525,1.16885,0.311143,1.25344,0.489523,True,0.0242032,0.00334747,0.643196,1.16942,2020-11-12,31,ok,
Anderson County,48001,TX,57735,1,True,2020-06-12,2020-06-16,2020-06-19,4,225.662,2020-06-12,2020-06-16,5,,True,False,,,False,,False,,,,,,False,,,,,2020-06-14,3,dropped,rise too short
Anderson County,48001,TX,57735,2,False,2020-09-18,2020-09-18,2020-09-24,0,272.427,2020-09-18,2020-09-18,1,,True,False,,,False,,False,,,,,,False,,,,,2020-09-18,1,dropped,rise too short
Anderson County,48001,TX,57735,3,False,2020-12-01,2021-01-03,2021-02-05,33,219.971,2020-12-08,2020-12-21,14,322,False,True,0.0725021,0.0622881,False,14.3593,True,15.6832,1.50751,0.436017,1.83541,0.812554,True,0.0980738,0.0194302,0.761032,1.68652,2020-12-17,10,ok,
Angelina County,48005,TX,86715,1,True,2020-06-09,2020-07-25,2020-08-21,46,80.23,2020-06-16,2020-06-29,14,155,False,True,0.0240196,0.0587398,False,6.50529,True,8.59762,1.16814,0.411178,1.25231,0.646656,True,0.00633537,0.00673788,0.0556589,1.04435,2020-07-02,17,ok,
Angelina County,48005,TX,86715,2,False,2020-10-29,2021-01-11,2021-02-13,74,117.956,2020-11-05,2020-11-18,14,311,False,True,-0.00275617,0.0714988,True,19.4739,True,25.864,0.980707,0.500491,0.972598,0.706711,True,0.0266748,0.00506822,0.488543,1.18672,2020-12-05,31,ok,
Atascosa County,48013,TX,51153,1,True,2020-09-18,2020-09-19,2020-09-27,1,149.412,2020-09-18,2020-09-19,2,,True,False,,,False,,False,,,,,,False,,,,,2020-09-18,1,dropped,rise too short
Atascosa County,48013,TX,51153,2,False,2020-10-29,2020-11-04,2020-11-26,6,77.359,2020-10-30,2020-11-04,6,,True,False,,,False,,False,,,,,,False,,,,,2020-11-01,3,dropped,rise too short
Bastrop County,48021,TX,88723,1,True,2020-05-18,2020-07-17,2020-09-21,60,48.1434,2020-05-26,2020-06-08,14,73,False,True,0.051429,0.0339835,False,0.84532,False,0.927988,1.36,0.237885,1.56983,0.41324,True,0.0248539,0.00402516,0.644828,1.17398,2020-06-17,23,ok,
Bell County,48027,TX,362924,1,True,2020-10-11,2021-01-06,2021-02-17,87,73.7266,2020-10-11,2020-10-24,14,526,False,True,-2.05391e-14,0.0621108,True,24.8575,True,30.4459,1,0.434776,1,0.621108,True,0.0277239,0.00220711,0.789772,1.19407,2020-11-23,44,ok,
Bexar County,48029,TX,2003554,1,True,2020-06-13,2020-07-20,2020-08-11,37,77.4623,2020-06-13,2020-06-26,14,4612,False,True,0.0755581,0.0316196,False,52.7125,True,54.5938,1.52891,0.221337,1.87547,0.416539,True,0.0764082,0.00394388,0.956671,1.53486,2020-07-01,19,ok,
Bexar County,48029,TX,2003554,2,False,2020-10-29,2020-11-04,2020-11-04,6,98.3039,2020-10-29,2020-11-04,7,13702,True,False,0.00545554,0.493273,False,13334.8,True,8246.5,1.03819,3.45291,1.05518,5.04576,False,,,,,2020-11-01,4,ok,
Bexar County,48029,TX,2003554,3,False,2020-11-18,2021-01-14,2021-03-02,57,113.341,2020-11-18,2020-12-01,14,10938,False,True,0.0590237,0.0566835,False,412.652,True,462.685,1.41317,0.396785,1.6634,0.707353,True,0.0257873,0.00374059,0.637711,1.18051,2020-12-16,29,ok,
Bowie County,48037,TX,93245,1,True,2020-08-18,2020-10-29,2020-11-29,72,112.147,2020-08-22,2020-09-04,14,156,False,True,0.0868268,0.12207,False,26,True,33.749,1.60779,0.85449,2.02658,1.66586,True,0.00242949,0.00676196,0.00414685,1.01701,2020-09-23,33,ok,
Bowie County,48037,TX,93245,2,False,2020-11-30,2021-01-29,2021-02-18,60,129.612,2020-11-30,2020-12-13,14,303,False,True,-0.0742338,0.0428184,True,6.36571,True,6.46837,0.480364,0.299729,0.373386,0.294684,True,0.0156539,0.00396541,0.349539,1.10958,2020-12-30,31,ok,
Brazoria County,48039,TX,374264,1,True,2020-06-13,2020-07-29,2020-08-21,46,47.1401,2020-06-21,2020-07-04,14,957,False,True,0.0503737,0.0153314,False,2.67165,True,2.73609,1.35262,0.10732,1.55703,0.18575,True,0.0505814,0.00190787,0.980471,1.35407,2020-07-06,16,ok,
Brazos County,48041,TX,229211,1,True,2020-06-03,2020-06-29,2020-08-18,26,46.7442,2020-06-03,2020-06-16,14,334,False,True,0.0343823,0.0315296,False,4.0091,True,4.08942,1.24068,0.220707,1.36865,0.360827,True,0.076334,0.0112605,0.792939,1.53434,2020-06-16,14,ok,
Brazos County,48041,TX,229211,2,False,2020-08-19,2020-09-06,2020-10-26,18,41.7582,2020-08-19,2020-09-01,14,527,False,True,0.0725415,0.0354894,False,7.6286,True,7.56299,1.50779,0.248426,1.83592,0.463022,True,0.129237,0.00894017,0.963129,1.90466,2020-08-28,10,ok,
Cameron County,48061,TX,423163,1,True,2020-07-08,2020-08-01,2020-09-04,24,222.137,2020-07-08,2020-07-21,14,3333,False,True,0.0647797,0.0294205,False,33.5843,True,34.4415,1.45346,0.205944,1.73592,0.374251,True,0.070306,0.0124593,0.743243,1.49214,2020-07-20,13,ok,
Cameron County,48061,TX,423163,2,False,2020-12-30,2021-01-17,2021-02-16,18,53.4748,2020-12-30,2021-01-12,14,2026,False,True,0.0118528,0.0638172,False,100.903,True,117.602,1.08297,0.44672,1.12148,0.669941,True,0.0903894,0.00890664,0.927923,1.63273,2021-01-08,10,ok,
Cherokee County,48073,TX,52646,1,True,2020-06-24,2020-08-08,2020-09-08,45,93.3459,2020-06-24,2020-07-07,14,174,False,True,0.0531499,0.0667147,False,9.16612,True,11.0537,1.37205,0.467003,1.59082,0.816074,True,0.0510399,0.00703525,0.714803,1.35728,2020-07-16,23,ok,
Cherokee County,48073,TX,52646,2,False,2020-10-29,2020-11-03,2021-02-12,5,160.642,2020-10-30,2020-11-03,5,,True,False,,,False,,False,,,,,,False,,,,,2020-10-31,2,dropped,rise too short
Collin County,48085,TX,1034730,1,True,2020-06-13,2020-08-13,2020-08-23,61,35.4544,2020-06-13,2020-06-26,14,926,False,True,-0.00185131,0.0524333,True,31.1848,True,35.2639,0.987041,0.367033,0.981559,0.520256,True,0.0380804,0.00230195,0.904183,1.26656,2020-07-13,31,ok,
Collin County,48085,TX,1034730,2,False,2020-09-11,2020-09-30,2020-10-07,19,28.0957,2020-09-19,2020-09-30,12,1162,True,True,0.000317108,0.0704268,False,54.744,True,59.4162,1.00222,0.492988,1.00317,0.705206,False,,,,,2020-09-20,2,ok,
Comal County,48091,TX,156209,1,True,2020-10-29,2020-11-04,2020-12-29,6,96.4825,2020-10-29,2020-11-04,7,985,True,False,0.0131999,0.500827,False,987.83,True,625.312,1.0924,3.50579,1.13566,5.28592,False,,,,,2020-11-01,4,ok,
Comal County,48091,TX,156209,2,False,2020-12-30,2021-01-05,2021-02-17,6,49.5673,2020-12-30,2021-01-05,7,423,True,False,0.121444,0.215181,False,75.5368,True,105.672,1.85011,1.50627,2.52416,3.24937,False,,,,,2021-01-02,4,ok,
Coryell County,48099,TX,75951,1,True,2020-08-24,2020-08-29,2020-09-12,5,130.347,2020-08-24,2020-08-29,6,,True,False,,,False,,False,,,,,,False,,,,,2020-08-26,3,dropped,rise too short
Dallas County,48113,TX,2635516,1,False,2020-04-29,2020-07-10,2020-08-06,72,43.1469,2020-04-29,2020-05-12,14,3018,False,True,0.0466081,0.0138186,False,6.87512,True,6.96274,1.32626,0.0967305,1.5117,0.165237,True,0.00396938,0.0024072,0.0720872,1.02779,2020-06-04,37,ok,
Dallas County,48113,TX,2635516,2,False,2020-08-07,2020-08-17,2020-09-03,10,57.8743,2020-08-10,2020-08-17,8,9597,True,False,0.399703,0.165602,False,877.489,True,762.114,3.79792,1.15921,8.35204,4.43606,False,,,,,2020-08-12,3,ok,
Dallas County,48113,TX,2635516,3,True,2020-10-27,2021-01-07,2021-02-20,72,117.38,2020-10-27,2020-11-09,14,16807,False,True,-0.0494645,0.0653524,True,853.487,True,932.232,0.653748,0.457467,0.556736,0.517754,True,0.00502588,0.00414639,0.0402864,1.03518,2020-12-02,37,ok,
Denton County,48121,TX,887207,1,False,2020-05-06,2020-07-23,2020-08-06,78,18.6138,2020-05-07,2020-05-20,14,284,False,True,0.0120796,0.0169692,False,1.13027,False,1.14737,1.08456,0.118784,1.12386,0.178301,True,0.0101755,0.00235139,0.336047,1.07123,2020-06-14,39,ok,
Denton County,48121,TX,887207,2,False,2020-08-07,2020-08-26,2020-09-02,19,14.8943,2020-08-14,2020-08-26,13,1447,True,True,0.0194184,0.0146053,False,3.48803,True,3.50819,1.13593,0.102237,1.2021,0.157965,False,,,,,2020-08-16,3,ok,
Denton County,48121,TX,887207,3,True,2020-10-29,2020-12-15,2020-12-28,47,73.167,2020-11-05,2020-11-18,14,2716,False,True,0.0410974,0.021928,False,15.6715,True,16.9065,1.28768,0.153496,1.44644,0.25713,True,0.0376055,0.00188111,0.963825,1.26324,2020-11-21,17,ok,
Ector County,48135,TX,166223,1,False,2020-06-15,2020-07-26,2020-08-08,41,45.6358,2020-06-15,2020-06-28,14,268,False,True,0.104656,0.0275479,False,2.18492,True,2.19074,1.73259,0.192835,2.27656,0.396566,True,0.0762926,0.00595519,0.896246,1.53405,2020-07-05,21,ok,
Ector County,48135,TX,166223,2,True,2020-10-29,2020-11-04,2020-11-16,6,292.035,2020-10-31,2020-11-04,5,,True,False,,,False,,False,,,,,,False,,,,,2020-11-01,2,dropped,rise too short
Ellis County,48139,TX,184826,1,False,2020-06-21,2020-07-11,2020-07-29,20,42.2791,2020-06-23,2020-07-06,14,536,False,True,0.0729751,0.0766259,False,36.143,True,42.4441,1.51083,0.536382,1.84158,1.00111,True,0.0632132,0.0218228,0.545177,1.44249,2020-07-01,9,ok,
Ellis County,48139,TX,184826,2,False,2020-07-30,2020-08-08,2020-08-31,9,44.4433,2020-07-30,2020-08-08,10,468,True,False,0.142142,0.101159,False,35.7809,True,38.4695,1.99499,0.708116,2.84571,1.61551,False,,,,,2020-08-03,5,ok,
Ellis County,48139,TX,184826,3,True,2020-10-29,2021-01-06,2021-03-07,69,133.175,2020-11-05,2020-11-18,14,843,False,True,-0.0461522,0.0764607,True,58.8243,True,70.3015,0.676934,0.535225,0.583208,0.616396,True,0.0387175,0.00713213,0.531276,1.27102,2020-12-02,28,ok,
El Paso County,48141,TX,839238,1,False,2020-05-05,2020-07-09,2020-07-24,65,43.5259,2020-05-05,2020-05-18,14,774,False,True,0.0333736,0.0335139,False,10.5055,True,10.7261,1.23361,0.234598,1.35713,0.382115,True,0.0182363,0.0031355,0.521801,1.12765,2020-06-06,33,ok,
El Paso County,48141,TX,839238,2,False,2020-07-25,2020-08-14,2020-08-30,20,35.5765,2020-07-27,2020-08-09,14,3068,False,True,0.0115541,0.0312345,False,36.6058,True,49.5622,1.08088,0.218641,1.11834,0.327502,True,0.0177893,0.00498704,0.645106,1.12452,2020-08-04,9,ok,
El Paso County,48141,TX,839238,3,True,2020-10-04,2020-11-02,2020-12-25,29,227.928,2020-10-04,2020-10-17,14,6854,False,True,0.0574548,0.0584524,False,275.575,True,324.797,1.40218,0.409167,1.64387,0.725575,True,0.0623417,0.00465816,0.932332,1.43639,2020-10-18,15,ok,
Fort Bend County,48157,TX,811688,1,True,2020-06-15,2020-08-17,2020-09-01,63,54.8768,2020-06-15,2020-06-28,14,1331,False,True,0.0430403,0.046811,False,34.9294,True,42.2867,1.30128,0.327677,1.4693,0.552729,True,0.0141799,0.00462627,0.238477,1.09926,2020-07-16,32,ok,
Fort Bend County,48157,TX,811688,2,False,2020-11-13,2020-12-07,2021-01-03,24,103.611,2020-11-20,2020-12-03,14,3211,False,True,0.0284785,0.0676024,False,177.989,True,204.669,1.19935,0.473217,1.30182,0.756883,False,,,,,2020-11-25,6,ok,
Galveston County,48167,TX,342139,1,False,2020-03-23,2020-04-08,2020-05-15,16,8.5596,2020-03-23,2020-04-05,14,213,False,True,0.209202,0.0780326,False,9.69337,True,10.8741,2.46441,0.546228,4.01109,1.46596,True,0.164731,0.01607,0.937544,2.15312,2020-03-31,9,ok,
Galveston County,48167,TX,342139,2,True,2020-06-08,2020-07-09,2020-08-25,31,78.623,2020-06-08,2020-06-21,14,812,False,True,0.103531,0.0180962,False,2.86451,True,2.80971,1.72472,0.126674,2.26041,0.259651,True,0.0994665,0.00336512,0.984229,1.69627,2020-06-23,16,ok,
Galveston County,48167,TX,342139,3,False,2020-08-26,2020-09-12,2020-09-15,17,20.5848,2020-08-29,2020-09-11,14,747,False,True,0.0690108,0.0517539,False,23.1339,True,25.7885,1.48308,0.362278,1.79012,0.667546,False,,,,,2020-09-03,6,ok,
Galveston County,48167,TX,342139,4,False,2020-10-29,2021-01-17,2021-03-14,80,122.131,2020-11-09,2020-11-22,14,1155,False,True,0.00470049,0.0363562,False,18.6964,True,25.0106,1.0329,0.254494,1.04747,0.37074,True,0.023669,0.00221056,0.803708,1.16568,2020-12-08,30,ok,
Grayson County,48181,TX,136212,1,False,2020-04-30,2020-05-21,2020-06-28,21,15.6269,2020-04-30,2020-05-13,14,85,False,True,0.0792853,0.0541891,False,2.83372,True,2.91158,1.555,0.379324,1.92486,0.72234,True,0.0947294,0.0118287,0.87694,1.66311,2020-05-10,11,ok,
Grayson County,48181,TX,136212,2,True,2020-10-07,2021-01-06,2021-02-27,91,121.135,2020-10-10,2020-10-23,14,393,False,True,-0.0152817,0.0360904,True,6.25272,True,6.5367,0.893028,0.252632,0.852087,0.33774,True,0.0290951,0.00199001,0.839065,1.20367,2020-11-21,43,ok,
Gregg County,48183,TX,123945,1,False,2020-06-27,2020-07-11,2020-08-01,14,42.1846,2020-06-27,2020-07-10,14,397,False,True,0.225221,0.0338938,False,3.17214,True,3.06572,2.57655,0.237257,4.31743,0.65955,True,0.0944559,0.0214082,0.7644,1.66119,2020-07-04,8,ok,
Gregg County,48183,TX,123945,2,False,2020-08-02,2020-08-15,2020-09-06,13,30.4282,2020-08-02,2020-08-15,14,333,False,True,0.114764,0.0664853,False,15.4088,True,15.7472,1.80335,0.465397,2.42423,0.985318,True,0.026559,0.0122529,0.484448,1.18591,2020-08-08,7,ok,
Gregg County,48183,TX,123945,3,True,2020-10-29,2020-11-03,2021-02-17,5,130.012,2020-10-30,2020-11-03,5,,True,False,,,False,,False,,,,,,False,,,,,2020-10-31,2,dropped,rise too short
Guadalupe County,48187,TX,166847,1,False,2020-06-12,2020-06-22,2020-08-23,10,32.2794,2020-06-12,2020-06-22,11,169,True,False,0.161177,0.169305,False,41.6282,True,30.565,2.12824,1.18514,3.15731,2.83916,False,,,,,2020-06-17,6,ok,
Guadalupe County,48187,TX,166847,2,True,2020-09-18,2020-09-20,2020-09-24,2,138.536,2020-09-19,2020-09-20,2,,True,False,,,False,,False,,,,,,False,,,,,2020-09-19,1,dropped,rise too short
Guadalupe County,48187,TX,166847,3,False,2020-10-29,2020-11-04,2020-11-20,6,40.4134,2020-10-30,2020-11-04,6,,True,False,,,False,,False,,,,,,False,,,,,2020-11-01,3,dropped,rise too short
Hardin County,48199,TX,57602,1,False,2020-06-16,2020-07-12,2020-09-18,26,45.8813,2020-06-16,2020-06-29,14,71,False,True,0.0783666,0.0767109,False,4.75158,True,5.45008,1.54857,0.536977,1.91263,1.0196,True,0.0507273,0.014971,0.488949,1.35509,2020-06-29,14,ok,
Hardin County,48199,TX,57602,2,True,2020-10-28,2020-11-04,2021-02-16,7,156.245,2020-10-28,2020-11-04,8,553,True,False,0.0891066,0.428298,False,519.099,True,307.141,1.62375,2.99809,2.05781,5.88587,False,,,,,2020-10-31,4,ok,
Harris County,48201,TX,4713325,1,True,2020-06-04,2020-09-19,2020-12-24,107,61.7641,2020-06-11,2020-06-24,14,9183,False,True,0.142912,0.028232,False,70.5013,True,65.478,2.00038,0.197624,2.85802,0.451776,True,0.0274975,0.00302834,0.646914,1.19248,2020-07-27,47,ok,
Harris County,48201,TX,4713325,2,False,2020-12-25,2021-01-15,2021-02-20,21,67.8684,2020-12-26,2021-01-08,14,28510,False,True,0.0328138,0.0572554,False,1129.93,True,1306.69,1.2297,0.400788,1.35075,0.651462,True,0.0278555,0.0108861,0.450078,1.19499,2021-01-04,10,ok,
Harrison County,48203,TX,66553,1,False,2020-04-10,2020-05-03,2020-06-16,23,16.3135,2020-04-10,2020-04-23,14,49,False,True,0.0175146,0.0842123,False,4.24084,True,5.257,1.1226,0.589486,1.18159,0.90407,True,0.0902048,0.0291115,0.489829,1.63143,2020-04-21,12,ok,
Harrison County,48203,TX,66553,2,False,2020-06-24,2020-07-15,2020-08-18,21,22.1091,2020-06-26,2020-07-09,14,111,False,True,0.0600719,0.0615411,False,4.92868,True,6.06033,1.4205,0.430788,1.6765,0.77068,True,0.161762,0.0265827,0.841017,2.13233,2020-07-04,9,ok,
Harrison County,48203,TX,66553,3,True,2020-10-29,2020-11-03,2020-11-21,5,78.1332,2020-10-30,2020-11-03,5,,True,False,,,False,,False,,,,,,False,,,,,2020-10-31,2,dropped,rise too short
Harrison County,48203,TX,66553,4,False,2020-11-22,2021-01-14,2021-02-16,53,125.357,2020-11-29,2020-12-12,14,265,False,True,0.0140274,0.0322337,False,3.36478,True,3.82621,1.09819,0.225636,1.14441,0.341328,True,0.0393522,0.00475085,0.792174,1.27547,2020-12-18,20,ok,
Hays County,48209,TX,230191,1,True,2020-06-08,2020-06-19,2020-07-29,11,64.4186,2020-06-08,2020-06-19,12,1063,True,True,0.201588,0.0261019,False,5.07257,True,4.91349,2.41112,0.182713,3.86927,0.482016,False,,,,,2020-06-13,6,ok,
Hays County,48209,TX,230191,2,False,2020-07-30,2020-08-05,2020-08-08,6,44.3731,2020-07-30,2020-08-05,7,686,True,False,0.51318,0.438457,False,301.763,True,279.686,4.59226,3.0692,11.6622,13.8349,False,,,,,2020-08-02,4,ok,
Hays County,48209,TX,230191,3,False,2020-10-24,2020-11-04,2020-11-27,11,60.3846,2020-10-28,2020-11-04,8,900,True,False,0.131948,0.384108,False,659.354,True,399.009,1.92364,2.68875,2.6851,5.96974,False,,,,,2020-10-29,2,ok,
Hays County,48209,TX,230191,4,False,2020-11-28,2021-01-23,2021-02-16,56,104.199,2020-11-29,2020-12-12,14,1086,False,True,-0.0279765,0.0216779,True,6.19217,True,6.21468,0.804165,0.151745,0.736672,0.191307,True,0.0159998,0.0051816,0.268318,1.112,2020-12-26,28,ok,
Henderson County,48213,TX,82737,1,False,2020-06-26,2020-07-14,2020-08-08,18,23.4823,2020-06-26,2020-07-09,14,116,False,True,0.125766,0.0291397,False,0.410516,False,0.472371,1.88036,0.203978,2.58981,0.445317,True,0.135586,0.00926169,0.964015,1.9491,2020-07-05,10,ok,
Henderson County,48213,TX,82737,2,True,2020-10-06,2020-11-03,2021-03-01,28,90.8213,2020-10-10,2020-10-23,14,139,False,True,-0.030953,0.0670939,True,7.57583,True,9.09112,0.783329,0.469657,0.71059,0.583715,True,0.0213319,0.0143345,0.197473,1.14932,2020-10-20,11,ok,
Hidalgo County,48215,TX,868707,1,False,2020-03-22,2020-04-12,2020-04-19,21,1.71026,2020-03-22,2020-04-04,14,86,False,True,0.189877,0.0660194,False,3.03964,True,3.58517,2.32914,0.462136,3.65588,1.18669,True,0.220382,0.0189091,0.950992,2.54268,2020-04-01,9,ok,
Hidalgo County,48215,TX,868707,2,True,2020-06-17,2020-07-21,2020-07-30,34,87.8975,2020-06-17,2020-06-30,14,2430,False,True,0.10974,0.0228965,False,13.5123,True,13.7482,1.76818,0.160276,2.35031,0.334498,True,0.0764433,0.0071985,0.875748,1.5351,2020-07-04,18,ok,
Hidalgo County,48215,TX,868707,3,False,2020-07-31,2020-08-25,2020-09-07,25,58.6093,2020-08-01,2020-08-14,14,4629,False,True,-0.0176132,0.0182033,True,18.7187,True,18.8543,0.876707,0.127423,0.830382,0.168567,True,-0.000470715,0.00683495,0.000474066,0.996705,2020-08-12,12,ok,
Hidalgo County,48215,TX,868707,4,False,2020-11-16,2020-11-23,2020-12-18,7,58.2968,2020-11-16,2020-11-23,8,2672,True,False,0.00149701,0.164211,False,378.266,True,502.014,1.01048,1.14948,1.01502,1.65244,False,,,,,2020-11-19,4,ok,
Hidalgo County,48215,TX,868707,5,False,2020-12-19,2021-02-06,2021-03-26,49,69.9562,2020-12-20,2021-01-02,14,3230,False,True,0.041691,0.0191088,False,14.1445,True,14.1112,1.29184,0.133761,1.45341,0.224547,True,0.0420501,0.00359979,0.861156,1.29435,2021-01-12,24,ok,
Hood County,48221,TX,61643,1,False,2020-06-26,2020-07-28,2020-09-05,32,30.3591,2020-06-26,2020-07-09,14,117,False,True,0.104552,0.058715,False,4.33431,True,4.8846,1.73186,0.411005,2.27507,0.844978,True,0.0778764,0.0191096,0.525431,1.54513,2020-07-12,17,ok,
Hood County,48221,TX,61643,2,True,2020-10-29,2020-12-05,2021-02-20,37,158.053,2020-11-05,2020-11-18,14,211,False,True,0.0534238,0.0510435,False,6.50434,True,8.45078,1.37397,0.357305,1.59417,0.624966,True,0.0839409,0.00956526,0.885072,1.58759,2020-11-16,12,ok,
Hunt County,48231,TX,98594,1,False,2020-05-30,2020-07-04,2020-09-13,35,32.4563,2020-05-30,2020-06-12,14,83,False,True,0.104216,0.0334707,False,1.03424,False,1.09513,1.72951,0.234295,2.27025,0.481212,True,0.0996977,0.00870627,0.891253,1.69788,2020-06-16,18,ok,
Hunt County,48231,TX,98594,2,True,2020-09-19,2021-01-11,2021-02-10,114,82.0102,2020-09-26,2020-10-09,14,134,False,True,0.00853132,0.0647605,False,6.87818,True,7.56898,1.05972,0.453323,1.08684,0.670809,True,0.0228891,0.00159257,0.808269,1.16022,2020-11-15,51,ok,
Jefferson County,48245,TX,251565,1,False,2020-05-31,2020-06-13,2020-06-16,13,35.8896,2020-06-01,2020-06-13,13,689,True,True,0.298485,0.113144,False,41.8642,True,29.8625,3.08939,0.792005,5.8558,2.54984,False,,,,,2020-06-06,6,ok,
Jefferson County,48245,TX,251565,2,True,2020-06-24,2020-07-06,2020-08-23,12,73.1421,2020-06-24,2020-07-06,13,1280,True,True,0.227658,0.0614316,False,29.3547,True,25.0154,2.59361,0.430021,4.36497,1.2017,True,0.176277,0.0268392,0.89613,2.23394,2020-06-30,7,ok,
Jefferson County,48245,TX,251565,3,False,2020-10-31,2021-01-10,2021-02-13,71,69.6213,2020-11-01,2020-11-14,14,766,False,True,0.0512707,0.0492915,False,22.08,True,24.0906,1.35889,0.345041,1.56791,0.599058,True,0.0259543,0.00330204,0.651829,1.18168,2020-12-05,35,ok,
Johnson County,48251,TX,175817,1,True,2020-10-24,2021-01-06,2021-03-06,74,144.387,2020-10-24,2020-11-06,14,875,False,True,0.125345,0.0749342,False,49.9425,True,63.5906,1.87741,0.52454,2.58338,1.14383,True,0.0207553,0.00515889,0.310162,1.14529,2020-11-30,38,ok,
Kaufman County,48257,TX,136154,1,False,2020-06-21,2020-08-02,2020-09-05,42,40.9201,2020-06-23,2020-07-06,14,398,False,True,0.0597206,0.0752977,False,26.4694,True,32.3483,1.41804,0.527084,1.6721,0.941844,True,0.0249964,0.00588316,0.500727,1.17498,2020-07-12,20,ok,
Kaufman County,48257,TX,136154,2,True,2020-10-29,2021-01-06,2021-03-14,69,129.265,2020-11-05,2020-11-18,14,583,False,True,0.0250579,0.0657582,False,30.6456,True,37.9203,1.17541,0.460308,1.26377,0.726788,True,0.0460095,0.00651357,0.657422,1.32207,2020-12-02,28,ok,
Kerr County,48265,TX,52600,1,False,2020-06-19,2020-07-15,2020-08-08,26,26.8876,2020-06-19,2020-07-02,14,74,False,True,-0.0709196,0.0342421,True,1.8816,False,1.89,0.503563,0.239694,0.396426,0.240426,True,0.0413666,0.0189365,0.284521,1.28957,2020-07-02,14,ok,
Kerr County,48265,TX,52600,2,True,2020-10-29,2021-01-06,2021-02-28,69,107.279,2020-11-09,2020-11-22,14,230,False,True,0.0425478,0.0582902,False,9.36397,True,11.4545,1.29783,0.408032,1.46349,0.687067,True,0.0322705,0.00747914,0.458355,1.22589,2020-12-02,24,ok,
Liberty County,48291,TX,88219,1,True,2020-06-17,2020-08-26,2020-09-20,70,80.8054,2020-06-22,2020-07-05,14,208,False,True,0.0303332,0.0562546,False,7.97314,True,9.14135,1.21233,0.393782,1.32265,0.634214,True,0.00894459,0.0040609,0.143318,1.06261,2020-07-22,31,ok,
Liberty County,48291,TX,88219,2,False,2020-10-29,2020-11-01,2020-11-04,3,100.885,2020-10-29,2020-11-01,4,,True,False,,,False,,False,,,,,,False,,,,,2020-10-30,2,dropped,rise too short
Liberty County,48291,TX,88219,3,False,2020-11-14,2021-01-20,2021-03-13,67,81.1293,2020-11-14,2020-11-27,14,225,False,True,0.090532,0.0468256,False,5.47509,True,6.40626,1.63372,0.327779,2.07744,0.646302,True,0.0413862,0.00344949,0.818127,1.2897,2020-12-17,34,ok,
Lubbock County,48303,TX,310569,1,True,2020-06-14,2020-09-03,2020-09-19,81,70.0557,2020-06-14,2020-06-27,14,1103,False,True,0.0833655,0.0155947,False,3.02139,True,3.0374,1.58356,0.109163,1.9796,0.21055,True,0.0170886,0.00365295,0.359437,1.11962,2020-07-24,41,ok,
McLennan County,48309,TX,256623,1,True,2020-06-18,2020-07-06,2020-08-16,18,67.6367,2020-06-18,2020-07-01,14,761,False,True,0.124005,0.0285429,False,6.3264,True,6.06138,1.86803,0.199801,2.56297,0.434087,True,0.120306,0.00847324,0.961831,1.84214,2020-06-27,10,ok,
McLennan County,48309,TX,256623,2,False,2020-08-17,2021-01-07,2021-02-14,143,87.2876,2020-09-07,2020-09-20,14,780,False,True,-0.00879398,0.0211216,True,4.25866,True,4.29465,0.938442,0.147851,0.913684,0.203415,True,0.00429103,0.00109216,0.239563,1.03004,2020-10-27,51,ok,
Maverick County,48323,TX,58722,1,True,2020-06-22,2020-08-25,2020-09-16,64,161.049,2020-06-22,2020-07-05,14,305,False,True,0.108975,0.0629157,False,12.8307,True,13.6956,1.76283,0.44041,2.33914,0.917119,True,0.0431373,0.00506298,0.700751,1.30196,2020-07-24,33,ok,
Maverick County,48323,TX,58722,2,False,2020-10-17,2020-10-21,2020-11-27,4,83.6873,2020-10-17,2020-10-21,5,,True,False,,,False,,False,,,,,,False,,,,,2020-10-19,3,dropped,rise too short
Maverick County,48323,TX,58722,3,False,2020-11-28,2021-01-13,2021-02-13,46,234.033,2020-11-28,2020-12-11,14,551,False,True,0.0412487,0.0680391,False,30.6044,True,40.1622,1.28874,0.476273,1.44822,0.798264,True,0.0387577,0.00808286,0.511029,1.2713,2020-12-21,24,ok,
Medina County,48325,TX,51584,1,False,2020-06-03,2020-06-03,2020-06-09,0,40.1564,2020-06-03,2020-06-03,1,,True,False,,,False,,False,,,,,,False,,,,,2020-06-03,1,dropped,rise too short
Medina County,48325,TX,51584,2,False,2020-06-28,2020-08-10,2020-08-29,43,90.8366,2020-06-28,2020-07-11,14,89,False,True,0.0225184,0.0864247,False,8.09294,True,10.0878,1.15763,0.604973,1.23583,0.945985,True,0.0740725,0.0100622,0.730425,1.51851,2020-07-19,22,ok,
Medina County,48325,TX,51584,3,True,2020-10-29,2020-11-04,2020-11-20,6,105.791,2020-10-29,2020-11-04,7,369,True,False,-0.0115189,0.502996,True,373.312,True,234.13,0.919368,3.52097,0.887597,4.78662,False,,,,,2020-11-01,4,ok,
Medina County,48325,TX,51584,4,False,2020-11-21,2020-12-04,2020-12-26,13,68.9583,2020-11-21,2020-12-04,14,328,False,True,0.0528598,0.0459396,False,8.19603,True,9.93275,1.37002,0.321577,1.58727,0.561387,True,0.000499749,0.022701,9.69176e-05,1.0035,2020-11-27,7,ok,
Medina County,48325,TX,51584,5,False,2020-12-27,2021-02-10,2021-02-15,45,189.428,2020-12-29,2021-01-11,14,370,False,True,0.0660151,0.0345466,False,5.13058,True,5.4597,1.46211,0.241826,1.75167,0.441251,True,0.0279311,0.00585791,0.544744,1.19552,2021-01-18,21,ok,
Midland County,48329,TX,176832,1,False,2020-06-17,2020-08-04,2020-09-09,48,88.3809,2020-06-17,2020-06-30,14,429,False,True,0.0260459,0.0467868,False,11.4087,True,15.211,1.18232,0.327508,1.27471,0.51905,True,0.0309912,0.00487497,0.637304,1.21694,2020-07-11,25,ok,
Midland County,48329,TX,176832,2,True,2020-10-09,2020-12-20,2021-02-14,72,181.69,2020-10-10,2020-10-23,14,691,False,True,0.023622,0.0644236,False,34.893,True,47.5573,1.16535,0.450965,1.24794,0.708152,True,0.015731,0.00516232,0.214525,1.11012,2020-11-14,36,ok,
Montgomery County,48339,TX,607391,1,False,2020-06-13,2020-07-18,2020-09-25,35,45.9812,2020-06-13,2020-06-26,14,692,False,True,0.0492007,0.0110227,False,1.64998,False,1.6726,1.3444,0.0771586,1.54284,0.133004,True,0.0383739,0.00392448,0.856645,1.26862,2020-06-30,18,ok,
Montgomery County,48339,TX,607391,2,True,2020-11-16,2021-01-23,2021-04-17,68,112.777,2020-11-25,2020-12-08,14,3835,False,True,-0.0136442,0.0467706,True,102.532,True,133.869,0.904491,0.327394,0.867468,0.440904,True,-0.0116315,0.00455004,0.237334,0.918579,2020-12-20,23,ok,
Nacogdoches County,48347,TX,65204,1,False,2020-04-02,2020-04-15,2020-05-05,13,12.7074,2020-04-02,2020-04-15,14,60,False,True,0.0884342,0.0653161,False,2.85344,True,3.1773,1.61904,0.457213,2.04857,0.89576,True,0.0135543,0.0309089,0.0370364,1.09488,2020-04-08,7,ok,
Nacogdoches County,48347,TX,65204,2,True,2020-06-26,2020-07-24,2020-10-05,28,46.6667,2020-06-26,2020-07-09,14,156,False,True,0.0828312,0.0346371,False,2.1103,True,2.23449,1.57982,0.24246,1.97239,0.466871,True,0.090314,0.00749706,0.917784,1.6322,2020-07-10,15,ok,
Nacogdoches County,48347,TX,65204,3,False,2020-10-29,2020-11-03,2020-11-04,5,74.9297,2020-10-31,2020-11-03,4,,True,False,,,False,,False,,,,,,False,,,,,2020-10-31,1,dropped,rise too short
Navarro County,48349,TX,50113,1,False,2020-06-12,2020-07-06,2020-10-11,24,49.6022,2020-06-12,2020-06-25,14,96,False,True,0.134039,0.0324288,False,1.09156,False,1.43617,1.93827,0.227002,2.71768,0.50685,True,0.09597,0.00969255,0.899118,1.67179,2020-06-24,13,ok,
Navarro County,48349,TX,50113,2,True,2020-10-29,2020-11-01,2021-02-14,3,181.59,2020-10-29,2020-11-01,4,,True,False,,,False,,False,,,,,,False,,,,,2020-10-30,2,dropped,rise too short
Nueces County,48355,TX,362294,1,False,2020-06-19,2020-07-13,2020-09-03,24,103.113,2020-06-19,2020-07-02,14,2336,False,True,0.149221,0.0252583,False,14.0598,True,13.929,2.04455,0.176808,2.95981,0.410883,True,0.154738,0.0127876,0.930125,2.08317,2020-07-01,13,ok,
Nueces County,48355,TX,362294,2,True,2020-10-29,2020-11-04,2020-11-04,6,212.377,2020-10-29,2020-11-04,7,5259,True,False,0.00717848,0.527268,False,5847.5,True,3681.71,1.05025,3.69088,1.07287,5.43165,False,,,,,2020-11-01,4,ok,
Orange County,48361,TX,83396,1,True,2020-06-20,2020-08-06,2020-08-29,47,78.1127,2020-06-22,2020-07-05,14,160,False,True,0.0923753,0.0559854,False,5.54341,True,6.16371,1.64663,0.391898,2.10295,0.777064,True,0.0520807,0.0131266,0.440429,1.36457,2020-07-13,22,ok,
Orange County,48361,TX,83396,2,False,2020-10-21,2020-12-09,2021-03-09,49,132.757,2020-10-24,2020-11-06,14,778,False,True,0.281803,0.140195,False,80.3206,True,66.5286,2.97262,0.981366,5.48569,3.06126,True,0.0140638,0.0280517,0.0124117,1.09845,2020-11-14,22,ok,
Parker County,48367,TX,142878,1,False,2020-06-19,2020-07-26,2020-09-05,37,36.2947,2020-06-19,2020-07-02,14,184,False,True,0.114448,0.101075,False,19.6945,True,23.4683,1.80114,0.707525,2.41954,1.4966,True,0.0943113,0.0214615,0.531824,1.66018,2020-07-07,19,ok,
Parker County,48367,TX,142878,2,True,2020-10-24,2020-12-05,2020-12-23,42,109.684,2020-10-28,2020-11-10,14,870,False,True,-0.0924208,0.0901177,True,78.0916,True,98.2672,0.353054,0.630824,0.255166,0.551369,True,0.000745771,0.020749,8.0735e-05,1.00522,2020-11-14,18,ok,
Parker County,48367,TX,142878,3,False,2020-12-24,2021-01-06,2021-03-05,13,145.479,2020-12-24,2021-01-06,14,2054,False,True,0.0122484,0.0426502,False,45.6857,True,61.9651,1.08574,0.298551,1.12563,0.448442,True,0.0449428,0.00708334,0.88952,1.3146,2020-12-30,7,ok,
Polk County,48373,TX,51353,1,False,2020-06-19,2020-07-25,2020-08-15,36,59.5319,2020-06-19,2020-07-02,14,82,False,True,0.143329,0.0655594,False,3.3902,True,3.66189,2.0033,0.458915,2.8647,1.05025,True,0.122298,0.00798799,0.932379,1.85608,2020-07-07,19,ok,
Polk County,48373,TX,51353,2,True,2020-10-29,2020-11-02,2021-02-13,4,121.846,2020-10-29,2020-11-02,5,,True,False,,,False,,False,,,,,,False,,,,,2020-10-31,3,dropped,rise too short
Potter County,48375,TX,117415,1,True,2020-04-20,2020-05-14,2020-05-22,24,122.277,2020-04-20,2020-05-03,14,636,False,True,0.115523,0.0228808,False,3.47849,True,3.43949,1.80866,0.160166,2.43548,0.339825,True,0.127082,0.00606162,0.975585,1.88958,2020-05-02,13,ok,
Potter County,48375,TX,117415,2,False,2020-06-29,2020-07-21,2020-08-24,22,26.8888,2020-06-29,2020-07-12,14,190,False,True,0.0485832,0.0479838,False,5.20693,True,5.83358,1.34008,0.335887,1.5354,0.577749,True,0.043713,0.00917149,0.694344,1.30599,2020-07-10,12,ok,
Potter County,48375,TX,117415,3,False,2020-09-14,2020-09-30,2020-10-30,16,163.888,2020-09-16,2020-09-29,14,545,False,True,0.0535678,0.0243632,False,3.8267,True,3.83271,1.37497,0.170542,1.59594,0.298446,True,0.0455615,0.0108292,0.779748,1.31893,2020-09-22,7,ok,
Potter County,48375,TX,117415,4,False,2020-10-31,2020-11-23,2021-02-06,23,159.142,2020-10-31,2020-11-13,14,2172,False,True,-0.0115822,0.0443572,True,52.265,True,68.5564,0.918924,0.3105,0.886995,0.421994,True,0.0188215,0.0147182,0.140547,1.13175,2020-11-11,12,ok,
Randall County,48381,TX,137713,1,False,2020-03-29,2020-05-14,2020-06-08,46,25.3114,2020-03-29,2020-04-11,14,57,False,True,0.0769995,0.0392264,False,1.86928,False,2.63368,1.539,0.274585,1.8945,0.519121,True,0.0316642,0.0046619,0.687188,1.22165,2020-04-21,23,ok,
Randall County,48381,TX,137713,2,False,2020-06-23,2020-07-20,2020-08-09,27,23.6517,2020-06-23,2020-07-06,14,143,False,True,0.0886538,0.0250521,False,1.76538,False,1.95677,1.62058,0.175364,2.05159,0.343801,True,0.0679909,0.0079129,0.860188,1.47594,2020-07-06,14,ok,
Randall County,48381,TX,137713,3,True,2020-09-19,2020-11-23,2021-02-06,65,166.599,2020-09-19,2020-10-02,14,567,False,True,0.0587639,0.0295139,False,5.80136,True,5.93568,1.41135,0.206597,1.66016,0.367982,True,0.0409037,0.002302,0.910593,1.28633,2020-10-21,33,ok,
Rockwall County,48397,TX,104915,1,True,2020-10-24,2021-01-06,2021-03-07,74,164.895,2020-10-28,2020-11-10,14,718,False,True,-0.0765946,0.0876317,True,62.9127,True,80.4873,0.463838,0.613422,0.357255,0.594408,True,0.0109681,0.00682004,0.07478,1.07678,2020-11-30,34,ok,
Rusk County,48401,TX,54406,1,True,2020-07-14,2020-08-23,2020-09-28,40,73.5213,2020-08-02,2020-08-15,14,66,False,True,-0.0348032,0.0557384,True,2.47492,True,2.96414,0.756378,0.390169,0.677405,0.475909,False,,,,,2020-08-03,2,ok,
Rusk County,48401,TX,54406,2,False,2020-10-20,2020-11-03,2021-03-05,14,97.1532,2020-10-24,2020-11-03,11,382,True,False,0.305495,0.253549,False,150.374,True,101.851,3.13846,1.77484,6.01481,5.78871,False,,,,,2020-10-27,4,ok,
San Patricio County,48409,TX,66730,1,False,2020-06-20,2020-07-22,2020-09-26,32,56.5177,2020-06-20,2020-07-03,14,121,False,True,0.128428,0.0286425,False,1.57245,False,1.97952,1.899,0.200498,2.63066,0.440923,True,0.0581576,0.0119762,0.611214,1.4071,2020-07-06,17,ok,
San Patricio County,48409,TX,66730,2,False,2020-11-03,2020-11-18,2020-12-01,15,40.4616,2020-11-03,2020-11-16,14,38,False,True,-3.41169,2158.19,True,4.04288e-10,False,8.08576e-10,-22.8819,15107.3,211.316,287667,True,0.0534878,0.0308812,0.333333,1.37441,2020-11-10,8,ok,
San Patricio County,48409,TX,66730,3,True,2020-12-16,2020-12-21,2020-12-22,5,188.821,2020-12-16,2020-12-21,6,,True,False,,,False,,False,,,,,,False,,,,,2020-12-18,3,dropped,rise too short
Smith County,48423,TX,232751,1,False,2020-06-15,2020-07-08,2020-08-08,23,36.8266,2020-06-15,2020-06-28,14,228,False,True,0.119257,0.0743169,False,13.0222,True,15.4107,1.8348,0.520219,2.49123,1.11541,True,0.0874602,0.00966069,0.891258,1.61222,2020-06-26,12,ok,
Smith County,48423,TX,232751,2,True,2020-10-29,2020-11-03,2020-12-25,5,151.541,2020-10-30,2020-11-03,5,,True,False,,,False,,False,,,,,,False,,,,,2020-10-31,2,dropped,rise too short
Smith County,48423,TX,232751,3,False,2020-12-26,2021-01-18,2021-02-17,23,105.57,2020-12-26,2021-01-08,14,1407,False,True,-0.00101534,0.0337224,True,19.6002,True,25.7382,0.992893,0.236057,0.989868,0.335786,True,0.0331792,0.0073707,0.669569,1.23225,2021-01-06,12,ok,
Starr County,48427,TX,64633,1,True,2020-06-10,2020-09-07,2020-09-28,89,97.4734,2020-06-10,2020-06-23,14,277,False,True,0.133799,0.0509411,False,7.12525,True,7.44213,1.9366,0.356588,2.71394,0.795678,True,0.0317577,0.0033663,0.674243,1.2223,2020-07-24,45,ok,
Tarrant County,48439,TX,2102515,1,True,2020-09-17,2021-01-06,2021-03-14,111,140.825,2020-09-30,2020-10-13,14,5142,False,True,0.0186964,0.0228349,False,32.7044,True,33.0607,1.13087,0.159844,1.1943,0.24628,True,0.0370048,0.00346719,0.735329,1.25903,2020-11-11,43,ok,
Taylor County,48441,TX,138034,1,False,2020-03-30,2020-04-30,2020-05-09,31,13.6612,2020-03-30,2020-04-12,14,52,False,True,0.0671434,0.0622504,False,2.33699,True,3.05728,1.47,0.435753,1.76611,0.798051,True,0.0604439,0.0059037,0.882177,1.42311,2020-04-14,16,ok,
Taylor County,48441,TX,138034,2,True,2020-10-27,2020-11-04,2021-02-03,8,324.144,2020-10-28,2020-11-04,8,2974,True,False,0.104193,0.396794,False,2373.88,True,1383.68,1.72935,2.77756,2.26991,5.70436,False,,,,,2020-10-31,4,ok,
Tom Green County,48451,TX,119200,1,False,2020-06-16,2020-07-14,2020-08-26,28,84.1323,2020-06-23,2020-07-06,14,318,False,True,0.137249,0.0364889,False,4.15243,True,4.11333,1.96074,0.255423,2.76807,0.575228,True,0.125537,0.00783499,0.977162,1.87876,2020-06-30,8,ok,
Tom Green County,48451,TX,119200,2,True,2020-10-29,2020-11-04,2020-12-06,6,211.17,2020-10-29,2020-11-04,7,1463,True,False,0.0522373,0.457859,False,1218.46,True,759.805,1.36566,3.20501,1.57968,5.58312,False,,,,,2020-11-01,4,ok,
Tom Green County,48451,TX,119200,3,False,2020-12-07,2021-01-02,2021-02-10,26,108.102,2020-12-08,2020-12-21,14,1010,False,True,0.0410149,0.0331627,False,13.3303,True,17.9802,1.2871,0.232139,1.44548,0.388754,True,0.0277142,0.00453955,0.772123,1.194,2020-12-20,13,ok,
Travis County,48453,TX,1273954,1,False,2020-03-21,2020-04-14,2020-04-19,24,4.33969,2020-03-21,2020-04-03,14,330,False,True,0.0874837,0.0740062,False,20.1879,True,23.0123,1.61239,0.518044,2.03556,1.01198,True,0.0935626,0.0104262,0.87982,1.65494,2020-04-02,13,ok,
Travis County,48453,TX,1273954,2,True,2020-06-11,2020-07-01,2020-08-26,20,43.8679,2020-06-16,2020-06-29,14,3916,False,True,0.0430785,0.045482,False,97.0111,True,126.07,1.30155,0.318374,1.46976,0.53711,False,,,,,2020-06-21,6,ok,
Travis County,48453,TX,1273954,3,False,2020-11-07,2021-01-17,2021-02-17,71,61.4173,2020-11-07,2020-11-20,14,2868,False,True,0.0445905,0.0248486,False,21.1731,True,21.7879,1.31213,0.17394,1.48766,0.295022,True,0.0183664,0.00155441,0.804159,1.12856,2020-12-12,36,ok,
Van Zandt County,48467,TX,56590,1,False,2020-06-24,2020-07-11,2020-07-29,17,20.7003,2020-06-24,2020-07-07,14,68,False,True,0.0685104,0.0356488,False,1.25449,False,1.58119,1.47957,0.249542,1.78367,0.459065,True,0.0687786,0.0156751,0.733358,1.48145,2020-07-02,9,ok,
Van Zandt County,48467,TX,56590,2,True,2020-10-26,2020-11-03,2020-12-27,8,85.578,2020-10-26,2020-11-03,9,314,True,False,0.239531,0.295128,False,146.234,True,100.318,2.67672,2.0659,4.60019,5.92037,False,,,,,2020-10-30,5,ok,
Van Zandt County,48467,TX,56590,3,False,2020-12-28,2021-01-12,2021-03-01,15,119.153,2020-12-28,2021-01-10,14,359,False,True,0.102016,0.0635417,False,15.6718,True,20.3288,1.71411,0.444792,2.23871,0.907673,True,0.0915292,0.0140535,0.87608,1.6407,2021-01-04,8,ok,
Victoria County,48469,TX,92084,1,False,2020-03-26,2020-04-06,2020-04-30,11,7.13634,2020-03-26,2020-04-06,12,35,True,True,0.164669,0.066899,False,1.84445,False,2.41888,2.15268,0.468293,3.21612,1.13167,False,,,,,2020-03-31,4,ok,
Victoria County,48469,TX,92084,2,True,2020-06-20,2020-07-18,2020-08-23,28,151.88,2020-06-20,2020-07-03,14,552,False,True,0.166777,0.0948607,False,44.0537,True,44.6118,2.16744,0.664025,3.25187,1.61307,True,0.136907,0.011145,0.920684,1.95835,2020-07-04,15,ok,
Victoria County,48469,TX,92084,3,False,2020-10-30,2021-01-06,2021-03-07,68,67.485,2020-11-29,2020-12-12,14,407,False,True,-0.0576311,0.0940556,True,42.3592,True,56.4583,0.596582,0.658389,0.493437,0.712893,False,,,,,2020-12-03,5,ok,
Walker County,48471,TX,72971,1,True,2020-05-16,2020-05-30,2020-06-07,14,215.154,2020-05-16,2020-05-29,14,618,False,True,0.122587,0.0629952,False,25.1264,True,32.1196,1.85811,0.440967,2.54145,0.954293,True,0.00665885,0.0210107,0.0164648,1.04661,2020-05-23,8,ok,
Walker County,48471,TX,72971,2,False,2020-06-26,2020-07-11,2020-08-02,15,76.547,2020-06-27,2020-07-10,14,244,False,True,-0.0187623,0.0336204,True,3.36402,True,4.14003,0.868664,0.235343,0.81977,0.30971,True,0.073182,0.0255421,0.621474,1.51227,2020-07-03,7,ok,
Walker County,48471,TX,72971,3,False,2020-08-03,2020-09-08,2020-09-09,36,88.4892,2020-08-18,2020-08-31,14,457,False,True,0.102316,0.0821045,False,33.2846,True,36.3657,1.71621,0.574732,2.243,1.17387,False,,,,,2020-08-21,4,ok,
Walker County,48471,TX,72971,4,False,2020-11-17,2021-01-19,2021-02-19,63,136.845,2020-11-17,2020-11-30,14,575,False,True,0.105405,0.0569497,False,19.9974,True,21.7265,1.73783,0.398648,2.28736,0.821614,True,0.0150433,0.00856993,0.0931425,1.1053,2020-12-18,32,ok,
Waller County,48473,TX,55246,1,False,2020-06-05,2020-08-21,2020-09-30,77,28.1856,2020-06-05,2020-06-18,14,41,False,True,-0.0209434,0.044741,True,1.3532,False,1.69626,0.853397,0.313187,0.799778,0.408055,True,0.0388989,0.00252297,0.865314,1.27229,2020-07-13,39,ok,
Waller County,48473,TX,55246,2,False,2020-10-01,2020-10-04,2020-10-15,3,16.8079,2020-10-01,2020-10-04,4,,True,False,,,False,,False,,,,,,False,,,,,2020-10-02,2,dropped,rise too short
Waller County,48473,TX,55246,3,False,2020-10-21,2020-10-30,2020-11-09,9,34.133,2020-10-21,2020-10-30,10,54,True,False,0.174439,0.13765,False,7.28549,True,8.23533,2.22107,0.963551,3.3834,2.38499,False,,,,,2020-10-25,5,ok,
Waller County,48473,TX,55246,4,True,2020-11-16,2020-12-20,2021-04-02,34,68.5247,2020-11-16,2020-11-29,14,146,False,True,0.110933,0.0559348,False,4.83021,True,6.24764,1.77653,0.391544,2.36775,0.819958,True,0.0833347,0.0110815,0.779472,1.58334,2020-12-03,18,ok,
Webb County,48479,TX,276652,1,False,2020-03-21,2020-04-07,2020-04-23,17,5.21542,2020-03-21,2020-04-03,14,64,False,True,0.209477,0.0457509,False,0.526881,False,0.726505,2.46634,0.320256,4.01626,0.860026,True,0.241513,0.0145301,0.982224,2.69059,2020-03-29,7,ok,
Webb County,48479,TX,276652,2,False,2020-06-19,2020-08-12,2020-10-11,54,91.0375,2020-06-20,2020-07-03,14,849,False,True,0.127267,0.0423201,False,15.3701,True,17.082,1.89087,0.296241,2.6128,0.649412,True,0.0612017,0.00463257,0.874709,1.42841,2020-07-16,27,ok,
Webb County,48479,TX,276652,3,True,2020-11-07,2021-01-17,2021-02-16,71,308.123,2020-11-07,2020-11-20,14,2341,False,True,0.0610836,0.0595473,False,97.1765,True,112.661,1.42759,0.416831,1.68919,0.748243,True,0.0112817,0.00350151,0.233907,1.07897,2020-12-12,36,ok,
Wichita County,48485,TX,132230,1,True,2020-12-24,2021-01-06,2021-02-12,13,140.232,2020-12-24,2021-01-06,14,1958,False,True,0.0351981,0.047509,False,53.3244,True,70.5372,1.24639,0.332563,1.378,0.545324,True,0.152833,0.0158547,0.948939,2.06983,2020-12-30,7,ok,
Williamson County,48491,TX,590551,1,True,2020-10-29,2021-01-23,2021-02-15,86,97.2941,2020-11-05,2020-11-18,14,2327,False,True,0.271843,0.0857303,False,94.6456,True,85.2278,2.9029,0.600112,5.27029,1.83612,True,0.0274737,0.00784962,0.259259,1.19232,2020-12-11,37,ok,
Wilson County,48493,TX,51070,1,False,2020-06-14,2020-07-18,2020-07-29,34,45.0362,2020-06-14,2020-06-27,14,36,False,True,0.0158894,0.0850011,False,3.17647,True,4.28266,1.11123,0.595007,1.1642,0.906736,True,0.0506572,0.0134922,0.484479,1.3546,2020-07-01,17,ok,
Wilson County,48493,TX,51070,2,True,2020-09-18,2020-09-23,2020-09-24,5,89.513,2020-09-18,2020-09-23,6,,True,False,,,False,,False,,,,,,False,,,,,2020-09-20,3,dropped,rise too short
Wilson County,48493,TX,51070,3,False,2020-11-15,2021-01-31,2021-02-14,77,146.298,2020-11-21,2020-12-04,14,250,False,True,0.152409,0.0537099,False,6.73065,True,8.70984,2.06686,0.375969,3.01189,0.880905,True,0.0436332,0.00491431,0.717754,1.30543,2020-12-23,33,ok,
Wise County,48497,TX,69984,1,True,2020-10-24,2020-12-05,2021-03-05,42,148.197,2020-10-25,2020-11-07,14,274,False,True,0.190978,0.0752397,False,12.522,True,15.5211,2.33685,0.526678,3.6757,1.3559,True,0.0505905,0.0153068,0.365052,1.35413,2020-11-14,21,ok,
Box Elder County,49003,UT,56046,1,True,2020-10-04,2020-12-31,2021-02-22,88,140.446,2020-10-04,2020-10-17,14,173,False,True,0.00165155,0.0369183,False,2.88835,True,3.199,1.01156,0.258428,1.01657,0.371743,True,0.0385274,0.00180946,0.91337,1.26969,2020-11-17,45,ok,
Cache County,49005,UT,128289,1,False,2020-05-22,2020-06-04,2020-07-10,13,65.5885,2020-05-22,2020-06-04,14,257,False,True,0.245848,0.0936217,False,14.2081,True,12.7053,2.72093,0.655352,4.72774,1.90292,True,0.318749,0.054846,0.871054,3.23124,2020-05-28,7,ok,
Cache County,49005,UT,128289,2,True,2020-09-12,2020-11-18,2021-02-25,67,147.658,2020-09-28,2020-10-11,14,519,False,True,0.0748867,0.0775943,False,35.7654,True,43.014,1.52421,0.54316,1.86664,1.02,True,0.0446765,0.0076932,0.678227,1.31274,2020-10-15,18,ok,
Davis County,49011,UT,355481,1,False,2020-03-16,2020-04-01,2020-04-13,16,3.13459,2020-03-16,2020-03-29,14,66,False,True,0.162776,0.0410326,False,0.565714,False,0.685885,2.13943,0.287228,3.18418,0.69085,True,0.177986,0.0221858,0.914725,2.24591,2020-03-24,8,ok,
Davis County,49011,UT,355481,2,True,2020-09-24,2020-12-31,2021-02-28,98,149.576,2020-09-24,2020-10-07,14,1067,False,True,0.0233481,0.0432646,False,24.3035,True,30.3884,1.16344,0.302852,1.24493,0.475072,True,0.0274777,0.00119456,0.916826,1.19234,2020-11-12,50,ok,
Iron County,49021,UT,54839,1,False,2020-05-27,2020-08-02,2020-09-10,67,38.8149,2020-05-27,2020-06-09,14,91,False,True,0.0540094,0.0663156,False,4.73131,True,5.5555,1.37807,0.464209,1.60135,0.813586,True,0.0154677,0.00440668,0.277986,1.10827,2020-06-29,34,ok,
Iron County,49021,UT,54839,2,True,2020-10-17,2021-01-10,2021-03-11,85,127.907,2020-10-21,2020-11-03,14,111,False,True,0.023217,0.0593674,False,4.76092,True,5.91849,1.16252,0.415572,1.24349,0.651564,True,0.0556605,0.00333773,0.882575,1.38962,2020-11-28,39,ok,
Salt Lake County,49035,UT,1160437,1,True,2020-09-10,2020-12-31,2021-02-26,112,126.787,2020-09-10,2020-09-23,14,3751,False,True,0.0614872,0.0175986,False,13.5919,True,14.009,1.43041,0.12319,1.69427,0.221434,True,0.0238038,0.00101817,0.908574,1.16663,2020-11-05,57,ok,
Tooele County,49045,UT,72259,1,True,2020-10-05,2020-12-31,2021-03-03,87,125.145,2020-10-05,2020-10-18,14,283,False,True,0.0775707,0.0350627,False,3.96266,True,5.09174,1.54299,0.245439,1.90207,0.46486,True,0.0294445,0.00144766,0.907832,1.20611,2020-11-17,44,ok,
Utah County,49049,UT,636235,1,False,2020-03-26,2020-04-27,2020-05-28,32,7.76892,2020-03-26,2020-04-08,14,248,False,True,0.127688,0.0484097,False,5.86753,True,6.81315,1.89382,0.338868,2.61927,0.743714,True,0.0501834,0.0197373,0.301177,1.35128,2020-04-11,17,ok,
Utah County,49049,UT,636235,2,True,2020-09-02,2020-12-31,2021-02-26,120,173.251,2020-09-02,2020-09-15,14,2464,False,True,0.0451304,0.0311601,False,28.588,True,41.0558,1.31591,0.218121,1.49408,0.370665,True,0.0126635,0.00189043,0.431998,1.08864,2020-11-01,61,ok,
Washington County,49053,UT,177556,1,True,2020-09-27,2020-12-30,2021-03-11,94,150.375,2020-09-30,2020-10-13,14,601,False,True,0.0252617,0.056711,False,23.4939,True,31.518,1.17683,0.396977,1.26602,0.62728,True,0.0339677,0.00110839,0.95622,1.23777,2020-11-13,45,ok,
Weber County,49057,UT,260213,1,True,2020-09-29,2020-12-30,2021-02-25,92,170.52,2020-10-03,2020-10-16,14,898,False,True,0.0351751,0.0468242,False,23.7567,True,27.646,1.24623,0.327769,1.37773,0.537418,True,0.0366841,0.00113097,0.962491,1.25679,2020-11-14,43,ok,
Chittenden County,50007,VT,163774,1,False,2020-03-17,2020-04-05,2020-04-29,19,13.9565,2020-03-17,2020-03-30,14,130,False,True,0.252156,0.0819983,False,5.34489,True,6.08208,2.76509,0.573988,4.85679,1.68839,True,0.261912,0.0251132,0.939535,2.83338,2020-03-26,9,ok,
Chittenden County,50007,VT,163774,2,False,2020-05-29,2020-06-07,2020-06-28,9,7.58886,2020-05-31,2020-06-07,8,71,True,False,0.260074,0.222196,False,14.9604,True,12.9462,2.82052,1.55537,5.02115,4.64903,False,,,,,2020-06-02,3,ok,
Chittenden County,50007,VT,163774,3,True,2020-10-22,2021-04-01,2021-05-17,161,44.3992,2020-10-29,2020-11-11,14,148,False,True,-0.023217,0.0415367,True,3.1074,True,3.25512,0.837481,0.290757,0.77915,0.374864,True,0.0221996,0.00156132,0.737384,1.1554,2021-01-10,74,ok,
Rutland County,50021,VT,58191,1,True,2020-11-07,2021-02-02,2021-02-22,87,46.1534,2020-11-07,2020-11-20,14,66,False,True,0.108877,0.0784955,False,4.32288,True,5.37963,1.76214,0.549469,2.33771,1.1439,True,0.00726263,0.00310051,0.11803,1.05084,2020-12-20,43,ok,
Washington County,50023,VT,58409,1,True,2020-11-05,2020-11-14,2020-12-17,9,54.5415,2020-11-05,2020-11-14,10,177,True,False,0.296102,0.0629145,False,3.89914,True,3.49779,3.07271,0.440401,5.80223,1.41157,False,,,,,2020-11-09,5,ok,
Washington County,50023,VT,58409,2,False,2020-12-23,2021-01-27,2021-05-21,35,29.3497,2020-12-23,2021-01-05,14,48,False,True,0.0604081,0.0421645,False,1.86527,False,1.92662,1.42286,0.295151,1.68071,0.528622,True,0.0671235,0.00498603,0.918878,1.46986,2021-01-09,18,ok,
Windsor County,50027,VT,55062,1,True,2020-11-15,2021-01-11,2021-02-15,57,39.4361,2020-11-15,2020-11-28,14,51,False,True,0.074471,0.0795374,False,3.69549,True,4.34166,1.5213,0.556762,1.86117,1.04415,True,0.04476,0.00648896,0.637976,1.31332,2020-12-13,29,ok,
Albemarle County,51003,VA,109330,1,True,2020-11-18,2021-02-21,2021-03-11,95,57.493,2020-11-30,2020-12-13,14,366,False,True,0.0250444,0.0581122,False,15.0252,True,16.2282,1.17531,0.406786,1.26362,0.642249,True,0.0137731,0.0035167,0.310888,1.09641,2021-01-04,36,ok,
Augusta County,51015,VA,75558,1,True,2020-11-14,2020-12-12,2021-02-14,28,167.705,2020-11-14,2020-11-27,14,304,False,True,0.0263906,0.0580296,False,12.4339,True,13.1799,1.18473,0.406207,1.27853,0.644616,True,0.0141256,0.0109851,0.11284,1.09888,2020-11-28,15,ok,
Bedford County,51019,VA,78997,1,True,2020-09-28,2020-12-15,2020-12-25,78,67.4528,2020-09-28,2020-10-11,14,182,False,True,0.0251827,0.044972,False,4.47427,True,4.68144,1.17628,0.314804,1.26515,0.497285,True,0.0104272,0.0018457,0.456493,1.07299,2020-11-06,40,ok,
Bedford County,51019,VA,78997,2,False,2020-12-26,2021-01-15,2021-02-17,20,125.683,2020-12-26,2021-01-08,14,717,False,True,0.0594195,0.0251496,False,5.32191,True,5.40384,1.41594,0.176047,1.66834,0.31426,True,0.0454955,0.00435461,0.923828,1.31847,2021-01-05,11,ok,
Campbell County,51031,VA,54885,1,True,2020-11-14,2021-01-15,2021-02-24,62,140.293,2020-11-16,2020-11-29,14,272,False,True,0.0189352,0.0441296,False,6.4604,True,6.90222,1.13255,0.308907,1.19688,0.476392,True,0.0277372,0.00342391,0.70094,1.19416,2020-12-15,30,ok,
Chesterfield County,51041,VA,352802,1,False,2020-03-26,2020-05-30,2020-07-01,65,16.7638,2020-03-26,2020-04-08,14,134,False,True,0.0833066,0.0709703,False,7.60299,True,9.97076,1.58315,0.496792,1.97881,0.95802,True,0.0395311,0.00634008,0.564438,1.27672,2020-04-27,32,ok,
Chesterfield County,51041,VA,352802,2,True,2020-11-06,2021-01-18,2021-02-24,73,83.0494,2020-11-06,2020-11-19,14,918,False,True,-0.0124573,0.0234855,True,6.19088,True,6.2675,0.912799,0.164398,0.878686,0.222567,True,0.0201449,0.001094,0.906437,1.14101,2020-12-12,37,ok,
Culpeper County,51047,VA,52605,1,True,2020-04-16,2020-05-22,2020-06-10,36,61.3739,2020-04-16,2020-04-29,14,104,False,True,0.0220215,0.0427752,False,2.31727,True,2.64513,1.15415,0.299427,1.2304,0.467315,True,0.0483432,0.00781605,0.692339,1.3384,2020-05-04,19,ok,
Culpeper County,51047,VA,52605,2,False,2020-10-13,2020-11-23,2021-02-15,41,95.8627,2020-10-13,2020-10-26,14,122,False,True,-0.00468426,0.0417052,True,2.59872,True,3.275,0.96721,0.291937,0.953618,0.408847,True,0.00769426,0.0103807,0.0281028,1.05386,2020-11-02,21,ok,
Fairfax County,51059,VA,1147532,1,False,2020-03-30,2020-05-28,2020-06-27,59,26.4045,2020-04-01,2020-04-14,14,963,False,True,0.121679,0.0384841,False,14.6497,True,15.8316,1.85175,0.269389,2.52771,0.581514,True,0.0636178,0.00418066,0.899054,1.44532,2020-04-28,28,ok,
Fairfax County,51059,VA,1147532,2,True,2020-08-04,2021-01-14,2021-05-05,163,60.7141,2020-09-29,2020-10-12,14,1267,False,True,0.0447877,0.0382274,False,22.1327,True,23.2702,1.31351,0.267592,1.49,0.454183,True,0.015456,0.00353009,0.44406,1.10819,2020-10-24,26,ok,
Fauquier County,51061,VA,71222,1,True,2020-08-03,2020-08-20,2020-09-19,17,15.8458,2020-08-03,2020-08-16,14,64,False,True,-0.0923753,0.0375972,True,1.82909,False,2.02956,0.353373,0.263181,0.255444,0.230104,True,-0.0117931,0.037457,0.0139632,0.917448,2020-08-11,9,ok,
Franklin County,51067,VA,56042,1,True,2020-09-17,2021-01-10,2021-03-02,115,74.9438,2020-09-24,2020-10-07,14,109,False,True,0.034239,0.0744103,False,7.28798,True,8.25776,1.23967,0.520872,1.36701,0.851108,True,0.0250037,0.00269882,0.636592,1.17503,2020-11-13,51,ok,
Frederick County,51069,VA,89313,1,False,2020-03-25,2020-05-30,2020-08-25,66,15.8352,2020-03-25,2020-04-07,14,43,False,True,0.135583,0.0485696,False,1.12325,False,1.3113,1.94908,0.339987,2.74187,0.762275,True,-0.00483918,0.00809251,0.0114034,0.966126,2020-04-27,33,ok,
Frederick County,51069,VA,89313,2,True,2020-11-05,2021-01-25,2021-02-16,81,122.203,2020-11-05,2020-11-18,14,393,False,True,0.110633,0.0376957,False,5.90964,True,5.87534,1.77443,0.26387,2.36336,0.552113,True,0.0334802,0.00306372,0.753819,1.23436,2020-12-15,41,ok,
Hanover County,51085,VA,107766,1,False,2020-04-03,2020-05-26,2020-05-29,53,9.80961,2020-04-03,2020-04-16,14,53,False,True,0.0601734,0.0401195,False,1.57262,False,1.97298,1.42121,0.280836,1.67777,0.502588,True,0.012669,0.0108163,0.0520221,1.08868,2020-04-29,27,ok,
Hanover County,51085,VA,107766,2,False,2020-08-28,2020-09-12,2020-09-18,15,39.371,2020-08-28,2020-09-10,14,261,False,True,0.143397,0.0521279,False,6.82068,True,6.82255,2.00378,0.364895,2.86578,0.835228,True,0.0592117,0.0119318,0.804091,1.41448,2020-09-04,8,ok,
Hanover County,51085,VA,107766,3,True,2020-10-27,2021-01-08,2021-04-26,73,91.7331,2020-10-27,2020-11-09,14,252,False,True,0.00453553,0.0327229,False,3.3047,True,3.44693,1.03175,0.229061,1.04579,0.333463,True,0.0223406,0.00209128,0.765291,1.15638,2020-12-02,37,ok,
Henrico County,51087,VA,330818,1,False,2020-03-24,2020-04-22,2020-05-07,29,10.0616,2020-03-25,2020-04-07,14,253,False,True,0.207401,0.0352764,False,2.37159,True,2.81028,2.45181,0.246935,3.97733,0.660052,True,0.189797,0.0114882,0.957887,2.32858,2020-04-07,14,ok,
Henrico County,51087,VA,330818,2,False,2020-05-08,2020-05-28,2020-06-28,20,16.1504,2020-05-08,2020-05-21,14,314,False,True,0.0145713,0.0307609,False,3.63022,True,3.73993,1.102,0.215326,1.15017,0.326434,True,0.0385265,0.0103661,0.605491,1.26969,2020-05-18,11,ok,
Henrico County,51087,VA,330818,3,True,2020-10-24,2021-01-17,2021-03-07,85,72.7634,2020-10-25,2020-11-07,14,658,False,True,0.027878,0.0197618,False,3.11807,True,3.1753,1.19515,0.138332,1.2951,0.220756,True,0.0216732,0.00155104,0.82997,1.15171,2020-12-05,42,ok,
Henry County,51089,VA,50557,1,True,2020-12-12,2021-01-07,2021-03-07,26,93.5295,2020-12-12,2020-12-25,14,321,False,True,-0.022297,0.0446185,True,7.7809,True,9.51921,0.843921,0.31233,0.78747,0.404401,True,0.00387488,0.00557387,0.0387146,1.02712,2020-12-25,14,ok,
James City County,51095,VA,76523,1,False,2020-03-18,2020-03-29,2020-04-06,11,10.081,2020-03-18,2020-03-29,12,58,True,True,0.0715393,0.0792104,False,3.8285,True,4.12796,1.50078,0.554473,1.82287,1.0301,False,,,,,2020-03-23,6,ok,
James City County,51095,VA,76523,2,False,2020-06-30,2020-07-16,2020-08-25,16,17.9218,2020-06-30,2020-07-13,14,103,False,True,0.0707602,0.0584795,False,4.06079,True,4.13719,1.49532,0.409356,1.81275,0.758592,True,0.129725,0.0191565,0.867571,1.90808,2020-07-08,9,ok,
James City County,51095,VA,76523,3,True,2020-11-18,2021-01-18,2021-02-08,61,96.1429,2020-11-25,2020-12-08,14,141,False,True,0.00202638,0.0449697,False,3.49279,True,3.73719,1.01418,0.314788,1.02035,0.453524,True,0.0512007,0.00751261,0.67859,1.35841,2020-12-18,24,ok,
Loudoun County,51107,VA,413538,1,True,2020-03-29,2020-05-28,2020-07-01,60,26.047,2020-03-29,2020-04-11,14,242,False,True,0.0598941,0.0354127,False,3.55895,True,4.77697,1.41926,0.247889,1.67427,0.443209,True,0.0260844,0.00375835,0.6242,1.18259,2020-04-28,31,ok,
Loudoun County,51107,VA,413538,2,False,2020-10-29,2020-12-10,2021-01-10,42,39.8305,2020-10-30,2020-11-12,14,714,False,True,0.0736157,0.0467829,False,17.9263,True,22.0129,1.51531,0.32748,1.84996,0.612475,True,0.0345044,0.00348108,0.837949,1.24153,2020-11-19,21,ok,
Montgomery County,51121,VA,98535,1,True,2020-08-23,2020-09-09,2021-05-07,17,74.3753,2020-08-23,2020-09-05,14,466,False,True,0.210233,0.0362246,False,4.54962,True,4.1382,2.47163,0.253572,4.03048,0.6821,True,0.163543,0.0170582,0.929234,2.1448,2020-08-31,9,ok,
Pittsylvania County,51143,VA,60354,1,False,2020-07-08,2020-08-10,2020-09-16,33,32.6644,2020-07-08,2020-07-21,14,93,False,True,0.0656475,0.049725,False,2.67325,True,3.10166,1.45953,0.348075,1.74698,0.634352,True,0.0453682,0.00613829,0.784567,1.31758,2020-07-24,17,ok,
Pittsylvania County,51143,VA,60354,2,True,2020-11-14,2021-01-15,2021-02-27,62,112.195,2020-11-21,2020-12-04,14,290,False,True,0.0177568,0.0366221,False,4.74617,True,5.16269,1.1243,0.256354,1.18419,0.393533,True,0.0335777,0.00427099,0.728799,1.23504,2020-12-15,25,ok,
Prince William County,51153,VA,470335,1,False,2020-04-03,2020-05-28,2020-06-09,55,32.3478,2020-04-03,2020-04-16,14,465,False,True,0.0630629,0.0327902,False,5.83566,True,6.73256,1.44144,0.229532,1.71414,0.414752,True,0.0615088,0.00229469,0.965077,1.43056,2020-04-30,28,ok,
Prince William County,51153,VA,470335,2,True,2020-10-07,2021-01-17,2021-04-26,102,106.095,2020-10-08,2020-10-21,14,880,False,True,-0.0103942,0.0279219,True,8.3933,True,8.51201,0.927241,0.195453,0.898327,0.267029,True,0.0242496,0.00126507,0.882334,1.16975,2020-11-27,51,ok,
Roanoke County,51161,VA,94186,1,True,2020-09-14,2020-11-20,2020-12-29,67,84.1799,2020-09-14,2020-09-27,14,177,False,True,0.0210225,0.041116,False,3.64572,True,4.49467,1.14716,0.287812,1.21951,0.447464,True,0.0276275,0.00280231,0.752315,1.19339,2020-10-17,34,ok,
Roanoke County,51161,VA,94186,2,False,2020-12-30,2021-01-15,2021-03-06,16,80.0847,2021-01-03,2021-01-15,13,726,True,True,0.0238649,0.0482937,False,19.066,True,20.5208,1.16705,0.338056,1.25061,0.531343,False,,,,,2021-01-07,5,ok,
Rockingham County,51165,VA,81948,1,True,2020-04-06,2020-04-21,2020-06-30,15,17.607,2020-04-06,2020-04-19,14,85,False,True,0.10155,0.0329682,False,1.08168,False,1.42619,1.71085,0.230777,2.23205,0.470294,True,0.196626,0.0324852,0.859274,2.37638,2020-04-13,8,ok,
Rockingham County,51165,VA,81948,2,False,2020-08-23,2020-09-09,2020-10-23,17,23.5341,2020-08-23,2020-09-05,14,122,False,True,0.0667629,0.0265768,False,1.63746,False,1.79096,1.46734,0.186037,1.76123,0.34029,True,0.107119,0.00853095,0.95749,1.74984,2020-08-31,9,ok,
Spotsylvania County,51177,VA,136215,1,False,2020-04-02,2020-05-28,2020-07-11,56,16.2558,2020-04-02,2020-04-15,14,52,False,True,0.0331145,0.0398879,False,1.3632,False,1.42198,1.2318,0.279215,1.35417,0.454355,True,0.0351207,0.00449058,0.693765,1.24584,2020-04-30,29,ok,
Spotsylvania County,51177,VA,136215,2,True,2020-10-20,2021-01-17,2021-03-13,89,76.9791,2020-10-20,2020-11-02,14,191,False,True,0.00748114,0.0206806,False,1.30765,False,1.32289,1.05237,0.144765,1.07599,0.213304,True,0.0257463,0.00113847,0.922443,1.18022,2020-12-03,45,ok,
Washington County,51191,VA,53740,1,True,2020-07-26,2020-12-07,2021-02-15,134,93.5722,2020-08-21,2020-09-03,14,98,False,True,0.0410974,0.0291606,False,1.35085,False,1.72396,1.28768,0.204124,1.44644,0.341939,True,0.00444218,0.0031688,0.0468287,1.0311,2020-10-01,42,ok,
York County,51199,VA,68280,1,True,2020-11-05,2021-01-26,2021-03-01,82,66.1143,2020-11-12,2020-11-25,14,149,False,True,0.068391,0.0345641,False,2.06026,True,2.22474,1.47874,0.241949,1.78213,0.444924,True,0.0248904,0.00351209,0.603491,1.17423,2020-12-16,35,ok,
Alexandria City,51510,VA,159428,1,False,2020-03-31,2020-05-02,2020-06-30,32,29.57,2020-03-31,2020-04-13,14,209,False,True,0.107305,0.039565,False,3.49169,True,3.84571,1.75113,0.276955,2.31485,0.573962,True,0.0793894,0.0108057,0.782541,1.55573,2020-04-16,17,ok,
Alexandria City,51510,VA,159428,2,False,2020-07-01,2020-07-24,2020-09-05,23,15.7707,2020-07-01,2020-07-14,14,140,False,True,-0.0163443,0.0603859,True,6.23326,True,7.29543,0.88559,0.422702,0.842167,0.562407,True,0.0226989,0.0147316,0.191863,1.15889,2020-07-12,12,ok,
Alexandria City,51510,VA,159428,3,True,2020-10-26,2021-01-09,2021-05-06,75,59.3192,2020-11-01,2020-11-14,14,282,False,True,-0.00607994,0.0258367,True,2.30496,True,2.34518,0.95744,0.180857,0.939977,0.25177,True,0.0391573,0.0032591,0.827937,1.2741,2020-12-02,32,ok,
Chesapeake City,51550,VA,244835,1,False,2020-05-22,2020-07-27,2020-09-28,66,30.5745,2020-06-03,2020-06-16,14,137,False,True,0.0187966,0.0244631,False,1.46752,False,1.51056,1.13158,0.171241,1.19539,0.263943,True,0.0306443,0.00429217,0.718206,1.21451,2020-06-24,22,ok,
Chesapeake City,51550,VA,244835,2,False,2020-11-01,2020-12-15,2020-12-28,44,57.2397,2020-11-01,2020-11-14,14,489,False,True,0.0299072,0.0129913,False,1.92859,False,1.93522,1.20935,0.0909391,1.31785,0.146231,True,0.0433755,0.00316221,0.899595,1.30363,2020-11-23,23,ok,
Chesapeake City,51550,VA,244835,3,True,2020-12-29,2021-01-17,2021-02-22,19,152.639,2020-12-29,2021-01-11,14,1377,False,True,-0.011418,0.015515,True,4.05398,True,4.09326,0.920074,0.108605,0.888557,0.14771,True,0.0188912,0.00611331,0.544138,1.13224,2021-01-07,10,ok,
Hampton city,51650,VA,134510,1,True,2020-11-13,2021-01-19,2021-03-14,67,104.719,2020-11-15,2020-11-28,14,385,False,True,0.0215622,0.0395923,False,7.35101,True,7.82789,1.15094,0.277146,1.22539,0.431778,True,0.0350826,0.00532484,0.591326,1.24558,2020-12-16,32,ok,
Harrisonburg City,51660,VA,53016,1,False,2020-04-05,2020-04-20,2020-07-16,15,61.1675,2020-04-06,2020-04-19,14,211,False,True,0.145439,0.054244,False,5.93113,True,5.88704,2.01807,0.379708,2.89859,0.873787,True,0.156022,0.038702,0.764727,2.09215,2020-04-12,7,ok,
Harrisonburg City,51660,VA,53016,2,True,2020-08-25,2020-09-05,2020-11-12,11,138.233,2020-08-25,2020-09-05,12,522,True,True,0.170069,0.0455082,False,7.54822,True,8.04948,2.19048,0.318557,3.30808,0.780142,False,,,,,2020-08-30,6,ok,
Harrisonburg City,51660,VA,53016,3,False,2020-11-13,2021-01-11,2021-05-03,59,90.5387,2020-11-13,2020-11-26,14,197,False,True,0.0819431,0.0584645,False,7.60578,True,9.44663,1.5736,0.409252,1.96044,0.785858,True,0.0382938,0.0045431,0.71731,1.26806,2020-12-12,30,ok,
Lynchburg city,51680,VA,82168,1,True,2020-07-18,2021-01-15,2021-02-21,181,104.837,2020-07-18,2020-07-31,14,208,False,True,0.0671434,0.035861,False,3.10226,True,3.28493,1.47,0.251027,1.76611,0.459739,True,0.00232163,0.000677416,0.116586,1.01625,2020-10-16,91,ok,
Newport News City,51700,VA,179225,1,False,2020-06-11,2020-07-16,2020-09-28,35,34.434,2020-06-11,2020-06-24,14,135,False,True,-0.0148281,0.038782,True,2.48062,True,2.57598,0.896203,0.271474,0.856336,0.363667,True,0.00418297,0.00322755,0.095006,1.02928,2020-06-28,18,ok,
Newport News City,51700,VA,179225,2,True,2020-11-16,2021-01-24,2021-03-09,69,91.5848,2020-11-16,2020-11-29,14,514,False,True,-0.0155796,0.0278085,True,4.85471,True,5.28818,0.890943,0.194659,0.849301,0.259888,True,0.0297217,0.00336654,0.702551,1.20805,2020-12-20,35,ok,
Norfolk City,51710,VA,242742,1,True,2020-06-10,2020-07-18,2020-09-14,38,42.5496,2020-06-20,2020-07-03,14,293,False,True,0.0624073,0.0457602,False,7.1684,True,7.99665,1.43685,0.320321,1.70586,0.577544,True,0.114815,0.00887333,0.954397,1.8037,2020-06-29,10,ok,
Norfolk City,51710,VA,242742,2,False,2020-11-05,2021-01-15,2021-03-07,71,65.7959,2020-11-12,2020-11-25,14,573,False,True,0.00847918,0.0428837,False,12.8971,True,13.9594,1.05935,0.300186,1.0863,0.444109,True,0.0255898,0.0053075,0.462647,1.17913,2020-12-10,29,ok,
Portsmouth City,51740,VA,94398,1,True,2020-03-27,2020-04-30,2020-05-15,34,11.3501,2020-03-27,2020-04-09,14,41,False,True,0.109608,0.047945,False,1.08482,False,1.24774,1.76726,0.335615,2.34837,0.700166,True,0.043536,0.0148405,0.364568,1.30475,2020-04-13,17,ok,
Roanoke city,51770,VA,99143,1,False,2020-05-29,2020-08-04,2020-08-31,67,26.8011,2020-05-30,2020-06-12,14,80,False,True,0.0142976,0.0659614,False,4.25323,True,5.56665,1.10008,0.46173,1.14727,0.699224,True,0.0378282,0.00299284,0.837491,1.2648,2020-07-01,33,ok,
Roanoke city,51770,VA,99143,2,True,2020-09-01,2021-01-15,2021-02-20,136,70.3169,2020-09-01,2020-09-14,14,192,False,True,-0.0298703,0.0595141,True,8.24023,True,9.91467,0.790908,0.416599,0.720034,0.520478,True,0.0194968,0.00136937,0.751588,1.13648,2020-11-08,69,ok,
Suffolk City,51800,VA,92108,1,True,2020-03-30,2020-04-20,2020-06-04,21,11.0119,2020-03-30,2020-04-12,14,47,False,True,0.0305106,0.0419136,False,1.24769,False,1.29893,1.21357,0.293395,1.32465,0.472846,True,0.0650876,0.0299491,0.371224,1.45561,2020-04-09,10,ok,
Virginia Beach City,51810,VA,449974,1,False,2020-03-21,2020-04-04,2020-05-17,14,4.28596,2020-03-21,2020-04-03,14,124,False,True,0.196606,0.0587161,False,3.37182,True,3.69752,2.37624,0.411013,3.7778,1.07201,True,0.161161,0.0147619,0.952072,2.12812,2020-03-28,8,ok,
Virginia Beach City,51810,VA,449974,2,False,2020-06-27,2020-07-24,2020-09-12,27,32.4463,2020-06-27,2020-07-10,14,581,False,True,0.123746,0.0235609,False,3.29347,True,3.34627,1.86622,0.164926,2.55903,0.358062,True,0.103185,0.00443156,0.978345,1.7223,2020-07-10,14,ok,
Virginia Beach City,51810,VA,449974,3,True,2020-11-01,2021-01-10,2021-02-26,70,87.0209,2020-11-08,2020-11-21,14,1234,False,True,0.0728516,0.0356575,False,18.0226,True,19.1596,1.50996,0.249603,1.83997,0.465679,True,0.0266605,0.00339814,0.695101,1.18662,2020-12-06,29,ok,
Benton County,53005,WA,204390,1,True,2020-10-22,2021-01-02,2021-02-28,72,95.4058,2020-10-29,2020-11-11,14,814,False,True,0.0554416,0.0499077,False,23.9246,True,27.8873,1.38809,0.349354,1.61897,0.61529,True,0.0406168,0.00377717,0.805057,1.28432,2020-11-27,30,ok,
Chelan County,53007,WA,77200,1,True,2020-12-16,2020-12-21,2021-01-21,5,364.73,2020-12-17,2020-12-21,5,,True,False,,,False,,False,,,,,,False,,,,,2020-12-18,2,dropped,rise too short
Clallam County,53009,WA,77331,1,False,2020-08-05,2020-08-12,2020-08-27,7,9.23673,2020-08-05,2020-08-12,8,46,True,False,0.217429,0.198959,False,8.25031,True,7.75555,2.522,1.39271,4.16707,3.80649,False,,,,,2020-08-08,4,ok,
Clallam County,53009,WA,77331,2,True,2020-11-08,2021-01-02,2021-02-20,55,19.7666,2020-11-08,2020-11-21,14,97,False,True,0.166939,0.0501498,False,2.16233,True,2.76109,2.16857,0.351049,3.25463,0.85312,True,0.0401452,0.00916054,0.424848,1.28102,2020-12-05,28,ok,
Clark County,53011,WA,488241,1,False,2020-06-21,2020-08-04,2020-09-06,44,9.88973,2020-06-21,2020-07-04,14,278,False,True,0.21676,0.0669614,False,9.00958,True,8.27281,2.51732,0.468729,4.15429,1.27923,True,0.0682108,0.0141611,0.5249,1.47748,2020-07-13,23,ok,
Clark County,53011,WA,488241,2,False,2020-09-22,2020-09-28,2020-10-21,6,19.6332,2020-09-22,2020-09-28,7,669,True,False,-0.0449184,0.380379,True,385.24,True,243.881,0.685571,2.66265,0.593187,3.08618,False,,,,,2020-09-25,4,ok,
Clark County,53011,WA,488241,3,True,2020-11-03,2021-01-02,2021-02-06,60,70.2522,2020-11-03,2020-11-16,14,1422,False,True,0.0503438,0.0408146,False,28.1353,True,32.234,1.35241,0.285702,1.55666,0.494446,True,0.0290658,0.00391375,0.655393,1.20346,2020-12-03,31,ok,
Cowlitz County,53015,WA,110593,1,False,2020-06-05,2020-07-15,2020-08-10,40,12.5299,2020-06-05,2020-06-18,14,48,False,True,-0.0119117,0.0412751,True,1.28661,False,1.38839,0.916618,0.288926,0.883863,0.392102,True,0.0347251,0.00666966,0.587914,1.24308,2020-06-25,21,ok,
Cowlitz County,53015,WA,110593,2,True,2020-11-03,2021-01-02,2021-02-12,60,65.7494,2020-11-03,2020-11-16,14,193,False,True,0.0252319,0.0519663,False,6.33511,True,7.46623,1.17662,0.363764,1.26569,0.574734,True,0.0355995,0.00345004,0.785935,1.2492,2020-12-03,31,ok,
Franklin County,53021,WA,95222,1,False,2020-03-23,2020-05-04,2020-05-11,42,18.3031,2020-03-23,2020-04-05,14,56,False,True,-0.0102084,0.0654726,True,2.9369,True,3.90807,0.928541,0.458308,0.900104,0.626654,True,0.0746745,0.008098,0.817366,1.52272,2020-04-13,21,ok,
Franklin County,53021,WA,95222,2,True,2020-05-29,2020-07-09,2020-09-13,41,74.8627,2020-05-29,2020-06-11,14,303,False,True,0.0622589,0.0250442,False,2.22092,True,2.2049,1.43581,0.17531,1.70399,0.31593,True,0.0567165,0.00344694,0.934424,1.39702,2020-06-18,21,ok,
Franklin County,53021,WA,95222,3,False,2020-10-24,2021-01-02,2021-02-21,70,131.872,2020-10-26,2020-11-08,14,355,False,True,0.0266363,0.0152301,False,0.697386,False,0.701114,1.18645,0.106611,1.28126,0.169339,True,0.0475825,0.00228834,0.931089,1.33308,2020-11-28,34,ok,
Grant County,53025,WA,97733,1,True,2020-11-09,2020-12-21,2021-03-03,42,148.217,2020-11-09,2020-11-22,14,349,False,True,-0.0470856,0.070026,True,20.405,True,23.2103,0.670401,0.490182,0.575702,0.561776,True,0.0243147,0.00779357,0.327355,1.1702,2020-11-30,22,ok,
Grays Harbor County,53027,WA,75061,1,True,2020-11-21,2021-01-02,2021-02-11,42,134.367,2020-11-23,2020-12-06,14,259,False,True,0.0803787,0.0500605,False,7.35356,True,8.46459,1.56265,0.350423,1.93946,0.669604,True,0.0728158,0.00997339,0.747562,1.50971,2020-12-12,20,ok,
Island County,53029,WA,85141,1,True,2020-03-16,2020-03-27,2020-04-10,11,13.5909,2020-03-18,2020-03-27,10,65,True,False,0.392977,0.0888469,False,2.23111,True,2.1845,3.75084,0.621928,8.17282,2.35489,False,,,,,2020-03-21,4,ok,
Island County,53029,WA,85141,2,False,2020-10-10,2021-01-02,2021-02-15,84,21.1414,2020-10-21,2020-11-03,14,51,False,True,0.0509536,0.0754562,False,3.44632,True,4.35634,1.35667,0.528193,1.56406,0.916042,True,0.0524354,0.00383996,0.861409,1.36705,2020-11-21,32,ok,
King County,53033,WA,2252782,1,True,2020-09-29,2021-01-02,2021-01-07,95,51.0543,2020-10-09,2020-10-22,14,2165,False,True,0.00514737,0.0578336,False,88.6774,True,107.222,1.03603,0.404835,1.05203,0.590839,True,0.042826,0.00234478,0.902595,1.29978,2020-11-15,38,ok,
Kitsap County,53035,WA,271473,1,False,2020-03-20,2020-03-28,2020-04-09,8,2.84164,2020-03-20,2020-03-28,9,37,True,False,0.260588,0.0724447,False,1.28724,False,1.73777,2.82412,0.507113,5.03191,1.51733,False,,,,,2020-03-24,5,ok,
Kitsap County,53035,WA,271473,2,True,2020-10-26,2021-01-02,2021-01-10,68,35.4679,2020-10-26,2020-11-08,14,257,False,True,0.0505487,0.0331792,False,3.35952,True,3.4789,1.35384,0.232254,1.55915,0.402233,True,0.0335205,0.00282632,0.809976,1.23464,2020-11-29,35,ok,
Lewis County,53041,WA,80707,1,True,2020-11-08,2021-01-02,2021-02-23,55,95.4068,2020-11-08,2020-11-21,14,224,False,True,-0.0255783,0.0412507,True,4.63202,True,4.88367,0.820952,0.288755,0.757956,0.368192,True,0.0333111,0.00570682,0.567182,1.23318,2020-12-05,28,ok,
Mason County,53045,WA,66768,1,True,2020-11-11,2021-01-02,2021-01-07,52,78.3095,2020-11-19,2020-12-02,14,183,False,True,0.0361003,0.0607129,False,8.13268,True,10.2669,1.2527,0.42499,1.38837,0.699183,True,0.102703,0.00706304,0.925581,1.71892,2020-12-07,19,ok,
Pierce County,53053,WA,904980,1,False,2020-03-15,2020-04-08,2020-05-23,24,6.09327,2020-03-15,2020-03-28,14,256,False,True,0.142429,0.0293246,False,2.12379,True,2.15773,1.997,0.205272,2.85029,0.468666,True,0.129856,0.00720039,0.967286,1.90899,2020-03-27,13,ok,
Pierce County,53053,WA,904980,2,False,2020-06-20,2020-07-26,2020-09-18,36,11.5709,2020-06-20,2020-07-03,14,471,False,True,0.0546452,0.0267336,False,3.97633,True,4.02545,1.38252,0.187135,1.60916,0.328693,True,0.0428172,0.00292281,0.926599,1.29972,2020-07-08,19,ok,
Pierce County,53053,WA,904980,3,True,2020-10-22,2021-01-02,2021-02-14,72,64.3897,2020-10-29,2020-11-11,14,1653,False,True,0.0219948,0.0471742,False,44.7968,True,57.2075,1.15396,0.330219,1.23011,0.515321,True,0.0422882,0.00291491,0.882584,1.29602,2020-11-27,30,ok,
Skagit County,53057,WA,129205,1,False,2020-03-12,2020-03-28,2020-05-22,16,8.8453,2020-03-12,2020-03-25,14,62,False,True,0.189553,0.0445685,False,0.502067,False,0.651828,2.32687,0.31198,3.65007,0.800505,True,0.238735,0.0207596,0.96357,2.67115,2020-03-20,7,ok,
Skagit County,53057,WA,129205,2,False,2020-05-31,2020-07-15,2020-09-01,45,10.6144,2020-06-09,2020-06-22,14,35,False,True,0.0751562,0.049975,False,1.49913,False,1.92496,1.52609,0.349825,1.87018,0.657499,True,0.0597565,0.0195702,0.458756,1.4183,2020-06-22,13,ok,
Skagit County,53057,WA,129205,3,True,2020-11-02,2020-12-21,2021-01-10,49,59.8163,2020-11-02,2020-11-15,14,334,False,True,0.0920199,0.0536279,False,10.6261,True,11.5301,1.64414,0.375395,2.09802,0.743542,True,0.0274951,0.00553921,0.517198,1.19247,2020-11-26,25,ok,
Snohomish County,53061,WA,822083,1,True,2020-10-10,2021-01-02,2021-03-06,84,62.6805,2020-10-10,2020-10-23,14,980,False,True,0.0140054,0.0419197,False,21.0453,True,26.5308,1.09804,0.293438,1.14417,0.443855,True,0.0328793,0.00185877,0.884146,1.23016,2020-11-21,43,ok,
Spokane County,53063,WA,522798,1,True,2020-09-17,2021-01-02,2021-03-08,107,108.154,2020-09-18,2020-10-01,14,1061,False,True,-0.00673344,0.0415657,True,22.443,True,26.9014,0.952866,0.29096,0.933618,0.403902,True,0.013881,0.00141692,0.653,1.09717,2020-11-09,53,ok,
Thurston County,53067,WA,290536,1,True,2020-09-29,2021-01-02,2021-07-30,95,39.5328,2020-10-09,2020-10-22,14,240,False,True,0.043183,0.0588932,False,9.9677,True,11.7369,1.30228,0.412253,1.47099,0.695746,True,0.0331213,0.00328761,0.738177,1.23185,2020-11-15,38,ok,
Walla Walla County,53071,WA,60760,1,True,2020-10-20,2020-12-21,2021-02-11,62,145.302,2020-10-21,2020-11-03,14,295,False,True,0.0320956,0.0556123,False,11.0365,True,11.8907,1.22467,0.389286,1.34259,0.631089,True,0.0265703,0.00438169,0.559078,1.18599,2020-11-20,31,ok,
Whatcom County,53073,WA,229247,1,False,2020-03-19,2020-04-08,2020-04-11,20,6.85474,2020-03-19,2020-04-01,14,132,False,True,0.0304174,0.0700001,False,7.83419,True,9.51925,1.21292,0.490001,1.3236,0.789428,True,0.120621,0.0454227,0.439316,1.84435,2020-03-29,11,ok,
Whatcom County,53073,WA,229247,2,False,2020-06-16,2020-06-26,2020-08-19,10,7.22863,2020-06-16,2020-06-26,11,135,True,False,0.171714,0.0633016,False,4.55894,True,5.79299,2.202,0.443111,3.33634,1.08955,False,,,,,2020-06-21,6,ok,
Whatcom County,53073,WA,229247,3,True,2020-11-10,2021-01-16,2021-03-15,67,47.36,2020-11-10,2020-11-23,14,405,False,True,0.00493876,0.0566982,False,15.9441,True,19.3895,1.03457,0.396887,1.0499,0.578742,True,0.00968824,0.00378174,0.17019,1.06782,2020-12-13,34,ok,
Whitman County,53075,WA,50104,1,True,2020-08-22,2020-09-01,2020-10-03,10,121.747,2020-08-22,2020-09-01,11,400,True,False,0.136956,0.079211,False,22.4654,True,20.8847,1.95869,0.554477,2.76346,1.24774,False,,,,,2020-08-27,6,ok,
Whitman County,53075,WA,50104,2,False,2020-11-03,2020-11-20,2021-02-07,17,65.863,2020-11-03,2020-11-16,14,180,False,True,0.0190759,0.0311365,False,2.12821,True,2.31323,1.13353,0.217956,1.1984,0.336311,True,0.0262901,0.0187676,0.218951,1.18403,2020-11-11,9,ok,
Yakima County,53077,WA,250873,1,False,2020-03-27,2020-06-06,2020-07-01,71,57.9121,2020-03-27,2020-04-09,14,366,False,True,0.0440619,0.0573345,False,14.3933,True,18.5134,1.30843,0.401341,1.48139,0.679448,True,0.0152331,0.00165838,0.712775,1.10663,2020-05-01,36,ok,
Yakima County,53077,WA,250873,2,False,2020-07-02,2020-07-15,2020-08-18,13,62.9801,2020-07-08,2020-07-15,8,740,True,False,0.0435901,0.127259,False,62.53,True,72.6487,1.30513,0.89081,1.4758,1.50557,False,,,,,2020-07-08,1,ok,
Yakima County,53077,WA,250873,3,True,2020-11-20,2021-01-02,2021-02-11,43,186.435,2020-11-20,2020-12-03,14,1368,False,True,0.0171467,0.055255,False,50.9803,True,62.1698,1.12003,0.386785,1.17764,0.592343,True,0.0363631,0.00627163,0.626986,1.25454,2020-12-11,22,ok,
Berkeley County,54003,WV,119171,1,False,2020-03-26,2020-04-06,2020-04-12,11,6.59317,2020-03-26,2020-04-06,12,52,True,True,0.144514,0.105572,False,4.80589,True,5.52666,2.0116,0.739002,2.88372,1.6965,False,,,,,2020-03-31,6,ok,
Berkeley County,54003,WV,119171,2,False,2020-05-15,2020-05-22,2020-06-22,7,9.11056,2020-05-15,2020-05-22,8,53,True,False,0.208697,0.124574,False,3.76843,True,5.20299,2.46088,0.872019,4.00161,2.33767,False,,,,,2020-05-18,4,ok,
Berkeley County,54003,WV,119171,3,True,2020-11-06,2021-01-05,2021-02-10,60,243.588,2020-11-08,2020-11-21,14,726,False,True,0.0598941,0.0468388,False,18.6783,True,23.3678,1.41926,0.327871,1.67427,0.586213,True,0.0358393,0.00252726,0.881632,1.25088,2020-12-06,29,ok,
Cabell County,54011,WV,91945,1,True,2020-10-12,2021-01-05,2021-02-20,85,231.349,2020-10-22,2020-11-04,14,374,False,True,-0.00458404,0.0330691,True,5.00888,True,5.18725,0.967912,0.231484,0.954601,0.324324,True,0.0334899,0.00188945,0.910188,1.23443,2020-11-23,33,ok,
Harrison County,54033,WV,67256,1,True,2020-11-15,2021-01-05,2021-02-09,51,252.766,2020-11-15,2020-11-28,14,467,False,True,0.042526,0.0314382,False,5.53073,True,5.6396,1.29768,0.220067,1.46324,0.370534,True,0.0197568,0.00436366,0.460661,1.1383,2020-12-10,26,ok,
Jefferson County,54037,WV,57146,1,False,2020-05-15,2020-05-23,2020-06-06,8,14.7492,2020-05-15,2020-05-23,9,49,True,False,0.309865,0.144429,False,4.7801,True,4.58163,3.16905,1.011,6.11499,3.32393,False,,,,,2020-05-19,5,ok,
Jefferson County,54037,WV,57146,2,True,2020-11-05,2021-01-05,2021-02-09,61,168.991,2020-11-08,2020-11-21,14,428,False,True,0.00934913,0.0401742,False,8.45296,True,10.5021,1.06544,0.281219,1.09533,0.417517,True,0.00803219,0.00388646,0.1411,1.05623,2020-12-05,28,ok,
Kanawha County,54039,WV,178124,1,True,2020-08-29,2021-01-05,2021-02-28,129,148.773,2020-10-14,2020-10-27,14,462,False,True,0.0410974,0.0431927,False,10.3429,True,10.6379,1.28768,0.302349,1.44644,0.506482,True,0.0243286,0.00303205,0.791107,1.1703,2020-11-01,19,ok,
Mercer County,54055,WV,58758,1,True,2020-11-12,2021-01-05,2021-01-23,54,292.24,2020-12-01,2020-12-14,14,474,False,True,0.131532,0.0509302,False,12.2716,True,15.2497,1.92073,0.356512,2.67864,0.790659,True,0.101279,0.0150426,0.866236,1.70896,2020-12-09,9,ok,
Monongalia County,54061,WV,105612,1,False,2020-03-18,2020-04-07,2020-04-11,20,5.81644,2020-03-18,2020-03-31,14,31,False,True,-0.00921979,0.106867,True,4.33247,True,5.94527,0.935461,0.748071,0.909587,1.02729,True,0.0372023,0.0402548,0.12461,1.26042,2020-03-28,8,ok,
Monongalia County,54061,WV,105612,2,False,2020-06-27,2020-07-11,2020-08-07,14,42.8793,2020-06-27,2020-07-10,14,306,False,True,0.301852,0.0545201,False,4.28809,True,4.3177,3.11296,0.381641,5.93193,1.23639,True,0.36227,0.0185972,0.984434,3.53589,2020-07-04,8,ok,
Monongalia County,54061,WV,105612,3,False,2020-08-20,2020-09-10,2020-10-17,21,43.2851,2020-08-25,2020-09-07,14,342,False,True,0.201725,0.0473757,False,5.925,True,7.20117,2.41208,0.33163,3.87181,0.875146,False,,,,,2020-08-30,6,ok,
Monongalia County,54061,WV,105612,4,True,2020-11-09,2021-01-05,2021-03-01,57,179.769,2020-11-09,2020-11-22,14,505,False,True,0.0130217,0.0341701,False,7.20804,True,9.01298,1.09115,0.23919,1.13378,0.360389,True,0.0123423,0.00244083,0.486391,1.0864,2020-12-07,29,ok,
Putnam County,54079,WV,56450,1,True,2020-10-24,2021-01-05,2021-02-05,73,155.384,2020-10-24,2020-11-06,14,265,False,True,0.0738383,0.0581252,False,10.2665,True,10.7724,1.51687,0.406876,1.85288,0.76151,True,0.0375489,0.00287375,0.82987,1.26284,2020-11-29,37,ok,
Raleigh County,54081,WV,73361,1,True,2020-10-24,2021-01-05,2021-03-09,73,167.664,2020-11-02,2020-11-15,14,244,False,True,0.0234719,0.0427006,False,5.41335,True,6.15976,1.1643,0.298904,1.24629,0.469101,True,0.0362416,0.00559076,0.617769,1.25369,2020-11-29,28,ok,
Wood County,54107,WV,83518,1,False,2020-06-20,2020-07-08,2020-08-16,18,11.8024,2020-06-20,2020-07-03,14,54,False,True,0.22992,0.0937614,False,3.23077,True,3.01,2.60944,0.65633,4.40932,1.84303,True,0.197282,0.0428704,0.808991,2.38098,2020-06-29,7,ok,
Wood County,54107,WV,83518,2,True,2020-10-29,2021-01-05,2021-02-09,68,260.337,2020-10-29,2020-11-11,14,575,False,True,0.0821949,0.0380489,False,9.39787,True,10.4818,1.57536,0.266342,1.96382,0.51184,True,0.024372,0.004108,0.516116,1.1706,2020-12-02,35,ok,
Brown County,55009,WI,264542,1,True,2020-04-10,2020-05-02,2020-05-31,22,36.5051,2020-04-10,2020-04-23,14,568,False,True,0.16511,0.0295337,False,4.42085,True,4.30113,2.15577,0.206736,3.22359,0.500142,True,0.175962,0.00540353,0.990658,2.23173,2020-04-21,12,ok,
Calumet County,55015,WI,50089,1,True,2020-07-31,2020-11-13,2021-02-07,105,117.79,2020-08-19,2020-09-01,14,108,False,True,0.0318777,0.0414748,False,2.24768,True,2.39976,1.22314,0.290324,1.34012,0.470278,True,0.0505185,0.00195116,0.95444,1.35363,2020-09-21,34,ok,
Chippewa County,55017,WI,64658,1,True,2020-09-26,2020-11-06,2020-12-22,41,188.022,2020-09-26,2020-10-09,14,269,False,True,0.0504378,0.030091,False,2.89266,True,2.90503,1.35306,0.210637,1.5578,0.364655,True,0.0534489,0.00295838,0.944993,1.37414,2020-10-16,21,ok,
Chippewa County,55017,WI,64658,2,False,2020-12-23,2021-01-10,2021-02-10,18,76.0043,2020-12-25,2021-01-07,14,460,False,True,0.0374806,0.0334598,False,6.20137,True,6.55856,1.26236,0.234218,1.40431,0.38727,True,0.0478798,0.00986807,0.796898,1.33516,2021-01-01,8,ok,
Columbia County,55021,WI,57532,1,True,2020-11-01,2020-11-17,2020-12-19,16,118.94,2020-11-01,2020-11-14,14,809,False,True,0.0394507,0.0368925,False,13.2345,True,13.4508,1.27615,0.258247,1.42719,0.430053,True,0.0690504,0.00521383,0.961622,1.48335,2020-11-09,9,ok,
Dodge County,55027,WI,87839,1,False,2020-04-27,2020-05-30,2020-06-09,33,34.8039,2020-05-05,2020-05-18,14,71,False,True,-0.0201541,0.0627083,True,3.40318,True,3.68757,0.858921,0.438958,0.806989,0.574002,True,0.129122,0.0294522,0.733033,1.90386,2020-05-13,9,ok,
Dodge County,55027,WI,87839,2,False,2020-06-29,2020-08-05,2020-09-04,37,23.2568,2020-07-05,2020-07-18,14,78,False,True,0.0594515,0.0558405,False,2.85403,True,3.04457,1.41616,0.390883,1.66874,0.697836,True,0.0574641,0.00722119,0.852002,1.40225,2020-07-17,13,ok,
Dodge County,55027,WI,87839,3,True,2020-09-11,2020-11-15,2021-01-15,65,205.408,2020-09-12,2020-09-25,14,420,False,True,0.0410974,0.0230297,False,2.67306,True,2.70395,1.28768,0.161208,1.44644,0.270049,True,0.0383339,0.00124879,0.969145,1.26834,2020-10-13,32,ok,
Eau Claire County,55035,WI,104646,1,False,2020-07-27,2020-09-19,2020-10-03,54,49.9644,2020-07-27,2020-08-09,14,155,False,True,0.0389492,0.0231627,False,1.54544,False,1.58788,1.27264,0.162139,1.42135,0.269518,True,-0.00373231,0.00420589,0.0293974,0.973874,2020-08-23,28,ok,
Eau Claire County,55035,WI,104646,2,True,2020-10-19,2020-11-17,2020-12-08,29,197.537,2020-10-19,2020-11-01,14,1415,False,True,0.0240852,0.02219,False,8.47468,True,8.54649,1.1686,0.15533,1.25303,0.244347,True,0.0495352,0.00828906,0.733127,1.34675,2020-11-02,15,ok,
Fond du Lac County,55039,WI,103403,1,False,2020-04-28,2020-05-13,2020-05-28,15,6.76963,2020-04-29,2020-05-12,14,42,False,True,0.0839695,0.0679349,False,2.18066,True,2.43739,1.58779,0.475544,1.98776,0.918936,False,,,,,2020-05-05,5,ok,
Fond du Lac County,55039,WI,103403,2,True,2020-08-14,2020-10-29,2021-02-10,76,172.971,2020-08-15,2020-08-28,14,340,False,True,0.0185133,0.0328052,False,4.46354,True,4.68524,1.12959,0.229637,1.19233,0.35356,True,0.0173158,0.00280939,0.513445,1.12121,2020-09-21,38,ok,
Grant County,55043,WI,51439,1,True,2020-09-04,2020-11-11,2020-12-25,68,140.527,2020-09-04,2020-09-17,14,261,False,True,0.0634188,0.0181227,False,1.55839,False,1.56895,1.44393,0.126859,1.71865,0.229499,True,0.025575,0.00399105,0.554436,1.17902,2020-10-08,35,ok,
Jefferson County,55055,WI,84769,1,True,2020-09-12,2020-11-14,2020-12-25,63,134.989,2020-09-12,2020-09-25,14,342,False,True,0.0454934,0.0247118,False,2.49464,True,2.53084,1.31845,0.172983,1.4984,0.294336,True,0.0308679,0.00261337,0.823022,1.21608,2020-10-13,32,ok,
Jefferson County,55055,WI,84769,2,False,2020-12-26,2021-01-08,2021-02-13,13,65.7248,2020-12-26,2021-01-08,14,656,False,True,0.0122025,0.0111654,False,1.69576,False,1.71201,1.08542,0.0781581,1.12515,0.117377,True,0.0426437,0.0142377,0.64211,1.29851,2021-01-01,7,ok,
Kenosha County,55059,WI,169561,1,False,2020-03-27,2020-05-01,2020-06-19,35,19.462,2020-03-27,2020-04-09,14,173,False,True,0.0315061,0.0468911,False,4.60354,True,5.36794,1.22054,0.328237,1.33591,0.530959,True,0.0363321,0.0128688,0.332524,1.25432,2020-04-13,18,ok,
Kenosha County,55059,WI,169561,2,False,2020-06-26,2020-07-20,2020-08-07,24,27.8029,2020-06-26,2020-07-09,14,279,False,True,0.0592048,0.0261884,False,2.24617,True,2.32346,1.41443,0.183319,1.66566,0.327004,True,0.053648,0.00526848,0.904089,1.37554,2020-07-08,13,ok,
Kenosha County,55059,WI,169561,3,True,2020-12-28,2021-01-10,2021-02-11,13,72.2875,2020-12-28,2021-01-10,14,1186,False,True,0.0358409,0.0396478,False,22.4824,True,26.8514,1.25089,0.277534,1.38538,0.45616,True,0.0193247,0.00394026,0.827903,1.13527,2021-01-03,7,ok,
La Crosse County,55063,WI,118016,1,False,2020-06-01,2020-06-23,2020-07-18,22,19.9731,2020-06-01,2020-06-14,14,71,False,True,0.154274,0.0389724,False,1.37939,False,1.33891,2.07992,0.272807,3.04255,0.642246,True,0.133517,0.00661063,0.976073,1.93462,2020-06-12,12,ok,
La Crosse County,55063,WI,118016,2,True,2020-09-03,2020-09-14,2020-10-10,11,116.086,2020-09-04,2020-09-14,11,745,True,False,0.21001,0.0474665,False,13.0738,True,13.9003,2.47007,0.332266,4.02629,0.89334,False,,,,,2020-09-08,5,ok,
La Crosse County,55063,WI,118016,3,False,2020-10-11,2020-11-17,2021-02-16,37,132.912,2020-10-11,2020-10-24,14,547,False,True,0.0533674,0.0444783,False,12.8043,True,14.6411,1.37357,0.311348,1.59348,0.544478,True,0.0490407,0.00445402,0.877017,1.34329,2020-10-29,19,ok,
Marathon County,55073,WI,135692,1,False,2020-06-12,2020-07-24,2020-08-18,42,13.4759,2020-06-12,2020-06-25,14,70,False,True,0.0163443,0.0555686,False,2.6392,True,3.07627,1.11441,0.38898,1.16905,0.593832,True,0.0500861,0.00279242,0.941472,1.3506,2020-07-03,22,ok,
Marathon County,55073,WI,135692,2,True,2020-09-17,2020-11-09,2021-01-29,53,162.132,2020-09-17,2020-09-30,14,694,False,True,0.0811595,0.0180912,False,2.5695,True,2.5139,1.56812,0.126638,1.94992,0.24258,True,0.056836,0.00178758,0.975867,1.39785,2020-10-13,27,ok,
Outagamie County,55087,WI,187885,1,True,2020-12-26,2021-01-05,2021-02-08,10,78.9997,2020-12-26,2021-01-05,11,953,True,False,0.0414876,0.0529274,False,26.4185,True,34.1621,1.29041,0.370492,1.45102,0.621499,False,,,,,2020-12-31,6,ok,
Ozaukee County,55089,WI,89221,1,True,2020-09-01,2020-11-11,2021-02-11,71,139.301,2020-09-07,2020-09-20,14,222,False,True,0.0520483,0.0321555,False,2.72062,True,2.7578,1.36434,0.225089,1.57737,0.391848,True,0.0199029,0.00246778,0.699073,1.13932,2020-10-06,30,ok,
Portage County,55097,WI,70772,1,True,2020-08-23,2020-11-12,2021-02-25,81,116.067,2020-08-23,2020-09-05,14,233,False,True,0.0584347,0.0308259,False,2.60185,True,2.6765,1.40904,0.215781,1.65605,0.383913,True,0.0309864,0.00226242,0.827879,1.2169,2020-10-02,41,ok,
Racine County,55101,WI,196311,1,False,2020-04-03,2020-05-23,2020-06-30,50,34.0567,2020-04-03,2020-04-16,14,151,False,True,-0.0094642,0.0343385,True,2.17871,True,2.5166,0.933751,0.24037,0.907239,0.329736,True,0.0405095,0.00403239,0.807882,1.28357,2020-04-28,26,ok,
Racine County,55101,WI,196311,2,False,2020-07-01,2020-08-03,2020-08-09,33,27.944,2020-07-02,2020-07-15,14,306,False,True,0.0548179,0.0315277,False,3.59214,True,4.02644,1.38373,0.220694,1.61128,0.387865,True,0.0902044,0.00496854,0.959256,1.63143,2020-07-17,16,ok,
Racine County,55101,WI,196311,3,True,2020-09-20,2020-11-09,2020-12-22,50,143.067,2020-09-20,2020-10-03,14,907,False,True,-0.00031501,0.00948699,True,1.10009,False,1.10234,0.997795,0.0664089,0.996852,0.0947444,True,0.0181242,0.00472118,0.380442,1.12687,2020-10-15,26,ok,
Racine County,55101,WI,196311,4,False,2020-12-23,2021-01-05,2021-02-03,13,80.4118,2020-12-26,2021-01-05,11,1480,True,False,0.0327061,0.061073,False,54.8444,True,65.333,1.22894,0.427511,1.34952,0.694624,False,,,,,2020-12-29,4,ok,
Rock County,55105,WI,163354,1,True,2020-03-20,2020-05-22,2020-05-26,63,13.1179,2020-03-20,2020-04-02,14,31,False,True,-0.0656475,0.0526763,True,1.16037,False,1.3542,0.540468,0.368734,0.434027,0.381524,True,0.0269838,0.00681673,0.358819,1.18889,2020-04-20,30,ok,
Rock County,55105,WI,163354,2,False,2020-07-02,2020-07-18,2020-08-10,16,13.5551,2020-07-02,2020-07-15,14,233,False,True,0.0432457,0.0519754,False,7.53662,True,9.94285,1.30272,0.363828,1.47173,0.614159,True,0.103143,0.0190596,0.807085,1.722,2020-07-10,9,ok,
St. Croix County,55109,WI,90687,1,True,2020-09-19,2020-11-12,2021-02-05,54,117.831,2020-09-26,2020-10-09,14,278,False,True,0.0123407,0.0259739,False,2.29321,True,2.33462,1.08638,0.181817,1.1266,0.273201,True,0.037424,0.00297149,0.893029,1.26197,2020-10-16,21,ok,
Sauk County,55111,WI,64442,1,True,2020-09-18,2020-11-08,2021-02-03,51,118.822,2020-09-18,2020-10-01,14,223,False,True,0.039977,0.0312358,False,2.6138,True,3.06029,1.27984,0.218651,1.43333,0.364804,True,0.040428,0.0018728,0.95102,1.283,2020-10-13,26,ok,
Sheboygan County,55117,WI,115340,1,True,2020-09-14,2020-10-21,2021-01-29,37,171.666,2020-09-21,2020-10-04,14,750,False,True,0.186421,0.0534836,False,17.642,True,18.3432,2.30495,0.374385,3.59402,0.953596,True,0.160388,0.0236418,0.821505,2.12272,2020-10-02,12,ok,
Walworth County,55127,WI,103868,1,False,2020-08-31,2020-09-11,2020-09-27,11,57.7656,2020-08-31,2020-09-11,12,373,True,True,0.148489,0.0542176,False,9.25734,True,10.079,2.03942,0.379523,2.94792,0.880306,False,,,,,2020-09-05,6,ok,
Walworth County,55127,WI,103868,2,True,2020-09-28,2020-11-17,2021-02-01,50,132.448,2020-10-07,2020-10-20,14,394,False,True,0.0364547,0.0418636,False,8.32252,True,10.0938,1.25518,0.293045,1.39245,0.482733,True,0.0433331,0.00584524,0.785587,1.30333,2020-10-23,17,ok,
Washington County,55131,WI,136034,1,True,2020-07-26,2020-11-09,2021-02-11,106,158.364,2020-07-27,2020-08-09,14,371,False,True,0.00231041,0.014834,False,1.81489,False,1.89348,1.01617,0.103838,1.02322,0.14978,True,0.00334651,0.0015238,0.0863997,1.02343,2020-09-17,53,ok,
Waukesha County,55133,WI,404198,1,True,2020-09-17,2020-11-16,2021-02-05,60,193.257,2020-09-17,2020-09-30,14,1592,False,True,0.0415687,0.0180642,False,6.23099,True,6.2307,1.29098,0.12645,1.45197,0.21218,True,0.0263607,0.00167773,0.894878,1.18452,2020-10-17,31,ok,
Waupaca County,55135,WI,50990,1,True,2020-12-23,2021-01-06,2021-02-06,14,65.8392,2020-12-25,2021-01-06,13,298,True,True,0.0364132,0.0503224,False,8.66848,True,10.6979,1.25489,0.352257,1.39198,0.580185,False,,,,,2020-12-30,6,ok,
Winnebago County,55139,WI,171907,1,False,2020-04-27,2020-06-06,2020-07-04,40,13.8779,2020-04-27,2020-05-10,14,58,False,True,0.0296628,0.0669386,False,3.14952,True,4.04817,1.20764,0.46857,1.31511,0.75278,True,0.00534131,0.00928029,0.0171361,1.03739,2020-05-17,21,ok,
Winnebago County,55139,WI,171907,2,True,2020-09-07,2020-11-09,2021-02-04,63,129.14,2020-09-07,2020-09-20,14,1124,False,True,0.136009,0.0149969,False,2.48886,True,2.584,1.95206,0.104979,2.74856,0.235638,True,0.053206,0.00436391,0.832076,1.37244,2020-10-08,32,ok,
Wood County,55141,WI,72999,1,True,2020-09-14,2020-11-10,2021-02-11,57,151.665,2020-09-14,2020-09-27,14,263,False,True,0.0294356,0.0291464,False,2.70807,True,2.75662,1.20605,0.204025,1.31255,0.327497,True,0.0223152,0.00191829,0.833665,1.15621,2020-10-12,29,ok,
Laramie County,56021,WY,99500,1,False,2020-05-15,2020-05-16,2020-05-22,1,10.1938,2020-05-15,2020-05-16,2,,True,False,,,False,,False,,,,,,False,,,,,2020-05-15,1,dropped,rise too short
Laramie County,56021,WY,99500,2,True,2020-10-05,2020-11-22,2020-12-22,48,146.734,2020-10-26,2020-11-08,14,1007,False,True,-0.0122077,0.0843692,True,87.6477,True,99.489,0.914546,0.590584,0.881052,0.800434,False,,,,,2020-10-29,4,ok,
Laramie County,56021,WY,99500,3,False,2020-12-23,2021-01-06,2021-01-29,14,50.682,2020-12-24,2021-01-06,14,495,False,True,0.049553,0.0469709,False,12.9838,True,15.1848,1.34687,0.328796,1.5471,0.567466,True,0.0131559,0.0158924,0.120534,1.09209,2020-12-30,7,ok,
Natrona County,56025,WY,79858,1,True,2020-10-10,2020-11-20,2020-12-22,41,199.64,2020-10-28,2020-11-10,14,1438,False,True,0.0563523,0.0649345,False,71.4596,True,77.3286,1.39447,0.454542,1.63021,0.803032,False,,,,,2020-10-30,3,ok,
Natrona County,56025,WY,79858,2,False,2020-12-23,2021-01-15,2021-02-08,23,62.4322,2020-12-30,2021-01-12,14,479,False,True,0.043885,0.0467509,False,12.5269,True,16.3199,1.30719,0.327256,1.47929,0.553679,False,,,,,2021-01-03,5,ok,
