county,countyFIPS,state,population,rule,ma_window_days,conservative_also_found,n_pre2021_waves,skipped_small_wave,n_small_waves_skipped,wave_onset,wave_peak,wave_end,rise_days,peak_height_per100k,growth_win_start,growth_win_end,growth_win_days,window_cases,window_truncated_at_peak,dow_effects,r_per_day,r_se,r_nonpositive,dispersion_pearson,quasi_poisson_se,deviance_df,Reff_sir_formula,Reff_sir_formula_se,Reff_seir_formula,Reff_seir_formula_se,ols_ok,ols_r_per_day,ols_r_se,ols_log_r2,ols_Reff_sir_formula,ols_win_end,ols_days_used,status,drop_reason,first_std_wave_onset,first_std_wave_peak,max_2020_smoothed_per100k,pop_tercile,onset_month,pop_density_per_sqmi,pcp_per_100k,pct_pop_65plus,uninsured_lt65_pct,poverty_pct,log10_pop_density,pres2020_margin_d,Reff,Reff_se,Reff_month_adj
Autauga County,01001,AL,55869,"standard, onset<2021-01-01, peak>=50% of max pre-2021 peak",7,False,1,False,0,2020-10-05,2021-01-06,2021-03-18,93,148.05,2020-10-20,2020-11-02,14,187,False,True,0.0572873,0.0369552,False,3.00598,True,3.41397,1.40101,0.258687,1.64179,0.458469,True,0.0315699,0.00243505,0.84855,1.22099,2020-11-20,32,ok,,,,,1,2020-10,98.9,44.2139,16.1279,10.6,11.2,1.9952,-25.5,1.40101,0.258686,0.0926207
Baldwin County,01003,AL,223234,"standard, onset<2021-01-01, peak>=50% of max pre-2021 peak",7,True,1,False,0,2020-06-23,2020-07-20,2020-10-08,27,55.1631,2020-06-23,2020-07-06,14,474,False,True,0.0375873,0.0464517,False,12.3147,True,12.6278,1.26311,0.325162,1.40554,0.537848,True,0.0855525,0.0115929,0.819442,1.59887,2020-07-06,14,ok,,,,,3,2020-06,145.8,64.7202,22.1671,10.9,8.9,2.16376,-25.5,1.26311,0.325162,-0.369705
Blount County,01009,AL,57826,"standard, onset<2021-01-01, peak>=50% of max pre-2021 peak",7,False,2,True,1,2020-10-14,2020-12-17,2021-02-11,64,137.111,2020-10-14,2020-10-27,14,230,False,True,0.0224061,0.0399608,False,4.47161,True,4.64393,1.15684,0.279725,1.2346,0.437213,True,0.0306157,0.00210924,0.871734,1.21431,2020-11-15,33,ok,,,,,1,2020-10,91.7,20.2929,18.6965,13.3,13.1,1.96237,-25.5,1.15684,0.279726,-0.151548
Calhoun County,01015,AL,113605,"standard, onset<2021-01-01, peak>=50% of max pre-2021 peak",7,True,4,True,2,2020-10-14,2020-10-27,2020-11-08,13,73.1859,2020-10-20,2020-10-27,8,545,True,False,0.0471204,0.269868,False,206.885,True,126.702,1.32984,1.88907,1.51783,3.23276,False,,,,,2020-10-20,1,ok,,,,,2,2020-10,192.2,58.3987,18.3879,12.9,14.5,2.28375,-25.5,1.32984,1.88908,0.0214524
Coffee County,01031,AL,52342,"standard, onset<2021-01-01, peak>=50% of max pre-2021 peak",7,False,2,True,1,2020-09-20,2021-01-08,2021-02-20,110,119.816,2020-09-21,2020-10-04,14,185,False,True,0.0325728,0.032365,False,2.3433,True,2.4344,1.22801,0.226555,1.34801,0.367927,True,0.0118139,0.00174569,0.463555,1.0827,2020-11-14,55,ok,,,,,1,2020-09,78.7,52.3707,17.3422,13.7,13.9,1.89597,-25.5,1.22801,0.226555,-0.0125027
Colbert County,01033,AL,55241,"standard, onset<2021-01-01, peak>=50% of max pre-2021 peak",7,True,2,False,0,2020-05-17,2020-07-17,2020-09-13,61,59.221,2020-05-31,2020-06-13,14,71,False,True,0.0612851,0.0346911,False,1.29721,False,1.49918,1.429,0.242838,1.69172,0.436205,True,0.0617432,0.00650463,0.857281,1.4322,2020-06-16,17,ok,,,,,1,2020-05,96.5,66.4022,20.3418,10.5,14.4,1.98453,-25.5,1.429,0.242838,-0.0262598
Cullman County,01043,AL,83768,"standard, onset<2021-01-01, peak>=50% of max pre-2021 peak",7,False,2,True,1,2020-10-10,2020-12-17,2021-02-07,68,124.152,2020-10-10,2020-10-23,14,374,False,True,0.0337698,0.0294328,False,3.91398,True,3.95075,1.23639,0.20603,1.36165,0.336074,True,0.0386933,0.00142348,0.957247,1.27085,2020-11-13,35,ok,,,,,1,2020-10,119.6,48.9382,19.062,14.1,12.5,2.07773,-25.5,1.23639,0.20603,-0.0720018
DeKalb County,01049,AL,71513,"standard, onset<2021-01-01, peak>=50% of max pre-2021 peak",7,True,2,False,0,2020-06-09,2020-07-11,2020-09-09,32,71.5155,2020-06-09,2020-06-22,14,146,False,True,0.0761149,0.0468601,False,3.66126,True,3.79636,1.5328,0.328021,1.88281,0.618404,True,0.0689833,0.00570758,0.906877,1.48288,2020-06-25,17,ok,,,,,1,2020-06,92.2,40.4983,17.7271,19,15.2,1.96473,-25.5,1.5328,0.328021,-0.100012
Elmore County,01051,AL,81209,"standard, onset<2021-01-01, peak>=50% of max pre-2021 peak",7,False,1,False,0,2020-11-02,2021-01-02,2021-03-29,61,135.629,2020-11-02,2020-11-15,14,334,False,True,0.0466022,0.015842,False,0.867287,False,0.872282,1.32622,0.110894,1.51163,0.189428,True,0.027706,0.00363778,0.666692,1.19394,2020-12-02,31,ok,,,,,1,2020-11,142.2,22.7332,16.543,10.9,11.5,2.1529,-25.5,1.32622,0.110894,-0.000367331
Etowah County,01055,AL,102268,"standard, onset<2021-01-01, peak>=50% of max pre-2021 peak",7,False,1,False,0,2020-06-21,2020-12-17,2021-03-06,179,153.239,2020-06-21,2020-07-04,14,343,False,True,0.0175146,0.0338976,False,4.80992,True,4.92467,1.1226,0.237283,1.18159,0.363912,True,-0.0025302,0.00122102,0.0465255,0.982289,2020-09-18,90,ok,,,,,2,2020-06,193.3,73.4754,19.2941,13.8,15.6,2.28623,-25.5,1.1226,0.237283,-0.510214
Houston County,01069,AL,105882,"standard, onset<2021-01-01, peak>=50% of max pre-2021 peak",7,False,3,False,0,2020-06-07,2020-07-22,2020-08-06,45,40.3414,2020-06-07,2020-06-20,14,119,False,True,0.0168261,0.0543509,False,4.29133,True,4.89535,1.11778,0.380456,1.17421,0.581919,True,0.0124741,0.00877935,0.0877025,1.08732,2020-06-29,23,ok,,,,,2,2020-06,184.9,82.088,18.5985,13.6,14.8,2.26694,-25.5,1.11778,0.380456,-0.515034
Jackson County,01071,AL,51626,"standard, onset<2021-01-01, peak>=50% of max pre-2021 peak",7,True,2,True,1,2020-11-06,2020-12-02,2021-02-07,26,175.714,2020-11-06,2020-11-19,14,378,False,True,0.0242455,0.0370163,False,6.29927,True,6.46803,1.16972,0.259114,1.2548,0.407857,True,0.0216237,0.0104505,0.262963,1.15137,2020-11-19,14,ok,,,,,1,2020-11,48.8,51.3513,21.0369,12.7,15.3,1.68842,-25.5,1.16972,0.259114,-0.156864
Jefferson County,01073,AL,658573,"standard, onset<2021-01-01, peak>=50% of max pre-2021 peak",7,True,1,False,0,2020-06-22,2020-12-17,2021-02-20,178,129.848,2020-08-22,2020-09-04,14,2218,False,True,0.0115998,0.049532,False,66.5509,True,70.1191,1.0812,0.346724,1.11882,0.519452,True,-0.00882722,0.00396817,0.154888,0.938209,2020-09-19,29,ok,,,,,3,2020-06,607,109.971,16.5085,10,14.4,2.78319,-25.5,1.0812,0.346724,-0.551618
Lauderdale County,01077,AL,92729,"standard, onset<2021-01-01, peak>=50% of max pre-2021 peak",7,False,1,False,0,2020-05-22,2020-08-02,2020-08-21,72,29.1171,2020-06-01,2020-06-14,14,70,False,True,0.130899,0.0377963,False,0.243056,False,0.239636,1.91629,0.264574,2.66881,0.585757,True,0.057461,0.00661291,0.75125,1.40223,2020-06-27,27,ok,,,,,2,2020-05,140.1,54.5081,20.6329,11.8,13.9,2.14644,-25.5,1.91629,0.264574,0.461038
Lee County,01081,AL,164542,"standard, onset<2021-01-01, peak>=50% of max pre-2021 peak",7,True,2,False,0,2020-06-13,2020-08-29,2020-10-15,77,118.511,2020-06-19,2020-07-02,14,467,False,True,0.0165373,0.0337805,False,6.50625,True,6.69658,1.11576,0.236463,1.17112,0.361268,True,0.0221728,0.00281048,0.66753,1.15521,2020-07-21,33,ok,,,,,2,2020-06,286.8,50.5048,13.3103,10.5,17.9,2.45758,-25.5,1.11576,0.236463,-0.517055
Limestone County,01083,AL,98915,"standard, onset<2021-01-01, peak>=50% of max pre-2021 peak",7,False,1,False,0,2020-09-10,2020-12-17,2021-02-28,98,121.316,2020-09-10,2020-09-23,14,251,False,True,-0.00113831,0.0180343,True,1.10699,False,1.11788,0.992032,0.12624,0.988644,0.17948,True,0.0135254,0.00161456,0.59383,1.09468,2020-10-29,50,ok,,,,,2,2020-09,185,35.7246,16.1176,12.1,10.4,2.26717,-25.5,0.992032,0.12624,-0.24848
Madison County,01089,AL,372909,"standard, onset<2021-01-01, peak>=50% of max pre-2021 peak",7,True,2,True,1,2020-10-27,2020-12-17,2021-03-01,51,109.372,2020-10-27,2020-11-09,14,1065,False,True,0.0402371,0.0204603,False,5.35455,True,5.37593,1.28166,0.143222,1.43637,0.23918,True,0.0419447,0.00261491,0.914682,1.29361,2020-11-21,26,ok,,,,,3,2020-10,484.2,87.0791,15.783,9.9,10.5,2.68502,-25.5,1.28166,0.143222,-0.0267307
Marshall County,01095,AL,96774,"standard, onset<2021-01-01, peak>=50% of max pre-2021 peak",7,False,1,False,0,2020-10-18,2020-12-05,2021-02-10,48,124.886,2020-10-18,2020-10-31,14,297,False,True,0.0144423,0.0306407,False,3.40707,True,3.61245,1.1011,0.214485,1.1488,0.324993,True,0.049491,0.00355991,0.893654,1.34644,2020-11-11,25,ok,,,,,2,2020-10,172.5,55.3211,17.3073,15.2,15.4,2.23679,-25.5,1.1011,0.214485,-0.207294
Mobile County,01097,AL,413210,"standard, onset<2021-01-01, peak>=50% of max pre-2021 peak",7,True,2,False,0,2020-04-05,2020-07-30,2020-10-05,116,63.2677,2020-06-02,2020-06-15,14,471,False,True,0.0559044,0.0386047,False,8.2778,True,9.35126,1.39133,0.270233,1.62467,0.47669,False,,,,,2020-06-02,1,ok,,,,,3,2020-04,337.4,70.876,16.9548,12,17.6,2.52815,-25.5,1.39133,0.270233,-0.0248842
Montgomery County,01101,AL,226486,"standard, onset<2021-01-01, peak>=50% of max pre-2021 peak",7,False,1,False,0,2020-05-04,2021-01-07,2021-04-01,248,102.056,2020-05-04,2020-05-17,14,414,False,True,0.0110476,0.0335812,False,5.71056,True,5.98652,1.07733,0.235068,1.11304,0.351393,True,0.0017463,0.00084921,0.0332369,1.01222,2020-09-05,125,ok,,,,,3,2020-05,291.5,96.0892,15.8757,12.2,20.4,2.46464,-25.5,1.07733,0.235068,-0.377922
Russell County,01113,AL,57961,"standard, onset<2021-01-01, peak>=50% of max pre-2021 peak",7,False,2,False,0,2020-05-15,2020-07-16,2020-09-08,62,56.9348,2020-06-01,2020-06-14,14,112,False,True,0.163831,0.0315587,False,1.56997,False,1.61147,2.14681,0.220911,3.20196,0.532739,True,0.109502,0.0127859,0.849444,1.76651,2020-06-15,15,ok,,,,,1,2020-05,92.3,16.8967,15.0195,12.1,20.3,1.9652,-25.5,2.14682,0.220911,0.691562
St. Clair County,01115,AL,89512,"standard, onset<2021-01-01, peak>=50% of max pre-2021 peak",7,False,1,False,0,2020-06-27,2020-12-17,2021-03-18,173,105.812,2020-08-12,2020-08-25,14,230,False,True,0.07897,0.0504235,False,6.64304,True,6.8074,1.55279,0.352965,1.92066,0.671477,True,0.00174642,0.00302656,0.00846524,1.01222,2020-09-21,41,ok,,,,,2,2020-06,144.3,18.6602,17.7415,11.6,10.5,2.15927,-25.5,1.55279,0.352965,-0.0800265
Shelby County,01117,AL,217702,"standard, onset<2021-01-01, peak>=50% of max pre-2021 peak",7,False,3,True,1,2020-06-11,2020-07-19,2020-08-20,38,36.6819,2020-06-11,2020-06-24,14,295,False,True,0.0164832,0.0413893,False,6.17008,True,6.37595,1.11538,0.289725,1.17054,0.442547,True,0.0432044,0.00482548,0.816632,1.30243,2020-06-30,20,ok,,,,,3,2020-06,284,78.4669,16.7628,9.3,7,2.45332,-25.5,1.11538,0.289725,-0.517434
Tuscaloosa County,01125,AL,209355,"standard, onset<2021-01-01, peak>=50% of max pre-2021 peak",7,True,3,False,0,2020-05-16,2020-08-27,2020-09-03,103,58.2742,2020-05-16,2020-05-29,14,388,False,True,0.0946251,0.0434949,False,8.07335,True,9.16368,1.66238,0.304464,2.13428,0.607808,True,0.020845,0.00240881,0.599634,1.14592,2020-07-06,52,ok,,,,,3,2020-05,171.9,62.9856,14.2295,10.3,14.4,2.23528,-25.5,1.66238,0.304464,0.20712
Walker County,01127,AL,63521,"standard, onset<2021-01-01, peak>=50% of max pre-2021 peak",7,False,1,False,0,2020-05-17,2020-12-11,2021-02-15,208,99.6296,2020-05-17,2020-05-30,14,218,False,True,0.122293,0.0424047,False,4.01951,True,4.23792,1.85605,0.296833,2.537,0.641851,True,0.000772797,0.000853821,0.00789077,1.00541,2020-08-29,105,ok,,,,,1,2020-05,82.6,45.9123,19.678,11.6,16.4,1.91698,-25.5,1.85605,0.296833,0.400796
Municipality of Anchorage,02020,AK,288000,"standard, onset<2021-01-01, peak>=50% of max pre-2021 peak",7,True,3,True,2,2020-09-28,2020-11-16,2021-01-17,49,126.786,2020-09-30,2020-10-13,14,1213,False,True,0.0319306,0.0165838,False,4.03603,True,4.0537,1.22351,0.116087,1.34072,0.188079,True,0.0236022,0.00204371,0.863964,1.16522,2020-10-22,23,ok,,,,,3,2020-09,170.6,115.023,12.3517,10.9,8.3,2.23198,-10.1,1.22351,0.116087,-0.0169981
Fairbanks North Star Borough,02090,AK,96849,"standard, onset<2021-01-01, peak>=50% of max pre-2021 peak",7,False,2,True,1,2020-08-31,2020-12-09,2021-02-08,100,86.1429,2020-09-17,2020-09-30,14,242,False,True,0.0452385,0.0276208,False,2.20587,True,2.23455,1.31667,0.193345,1.49536,0.328687,True,0.0299489,0.00394323,0.643194,1.20964,2020-10-20,34,ok,,,,,2,2020-08,13,85.7247,11.8823,12.2,7.2,1.11394,-10.1,1.31667,0.193346,-0.124487
Kenai Peninsula Borough,02122,AK,58708,"standard, onset<2021-01-01, peak>=50% of max pre-2021 peak",7,True,2,True,1,2020-10-11,2020-11-25,2021-01-17,45,122.884,2020-10-15,2020-10-28,14,218,False,True,0.135053,0.0215534,False,0.775389,False,0.784505,1.94537,0.150874,2.73356,0.33779,True,0.0978324,0.00614193,0.937205,1.68483,2020-11-02,19,ok,,,,,1,2020-10,3.7,81.634,19.7554,14,10.6,0.568202,-10.1,1.94537,0.150874,0.636981
Matanuska-Susitna Borough,02170,AK,108317,"standard, onset<2021-01-01, peak>=50% of max pre-2021 peak",7,True,1,False,0,2020-10-23,2020-12-04,2021-01-29,42,190.71,2020-10-23,2020-11-05,14,854,False,True,0.0174187,0.0272206,False,7.72284,True,8.03694,1.12193,0.190544,1.18056,0.29212,True,0.0123206,0.00607883,0.170398,1.08624,2020-11-13,22,ok,,,,,2,2020-10,4.3,50.4291,13.6495,13.2,8.7,0.633468,-10.1,1.12193,0.190544,-0.18646
Apache County,04001,AZ,71887,"standard, onset<2021-01-01, peak>=50% of max pre-2021 peak",7,True,1,False,0,2020-10-22,2020-12-31,2021-03-08,70,178.057,2020-10-24,2020-11-06,14,285,False,True,-0.047552,0.0630684,True,13.5092,True,15.2629,0.667136,0.441479,0.571965,0.504725,True,0.0576372,0.00413885,0.858364,1.40346,2020-11-26,34,ok,,,,,1,2020-10,5.9,40.8961,16.2161,18.6,32.4,0.770852,0.3,0.667136,0.441479,-0.641254
Cochise County,04003,AZ,125922,"standard, onset<2021-01-01, peak>=50% of max pre-2021 peak",7,True,2,True,1,2020-11-07,2020-12-31,2021-02-18,54,198.649,2020-11-07,2020-11-20,14,689,False,True,0.0447327,0.0452857,False,16.8918,True,17.8432,1.31313,0.317,1.48935,0.537939,True,0.038398,0.00292566,0.868856,1.26879,2020-12-04,28,ok,,,,,2,2020-11,20.2,58.1919,23.826,12.8,14.6,1.30535,0.3,1.31313,0.317,-0.0134538
Coconino County,04005,AZ,143476,"standard, onset<2021-01-01, peak>=50% of max pre-2021 peak",7,True,1,False,0,2020-09-13,2020-12-31,2021-02-23,109,169.068,2020-10-06,2020-10-19,14,455,False,True,0.0258157,0.0217162,False,2.60721,True,2.66974,1.18071,0.152014,1.27215,0.240708,True,0.0262922,0.00151666,0.909235,1.18405,2020-11-06,32,ok,,,,,2,2020-09,7.8,82.0118,14.0523,15.7,17.2,0.892095,0.3,1.18071,0.152013,-0.0598024
Gila County,04007,AZ,54018,"standard, onset<2021-01-01, peak>=50% of max pre-2021 peak",7,False,4,True,3,2020-11-04,2020-12-31,2021-02-16,57,179.57,2020-11-07,2020-11-20,14,422,False,True,0.00135411,0.0208066,False,2.23789,True,2.5212,1.00948,0.145646,1.01358,0.209249,True,0.03215,0.0042823,0.701361,1.22505,2020-12-02,26,ok,,,,,1,2020-11,11.2,45.0518,30.0665,13.9,16.7,1.04922,0.3,1.00948,0.145646,-0.317104
Maricopa County,04013,AZ,4485414,"standard, onset<2021-01-01, peak>=50% of max pre-2021 peak",7,True,2,True,1,2020-11-07,2020-12-31,2021-02-14,54,200.998,2020-11-09,2020-11-22,14,23184,False,True,0.0558623,0.0287619,False,226.185,True,235.937,1.39104,0.201334,1.62416,0.355101,True,0.0403624,0.00200716,0.943975,1.28254,2020-12-04,26,ok,,,,,3,2020-11,480.4,71.1221,16.0449,13.3,11.6,2.6816,0.3,1.39104,0.201333,0.0644534
Mohave County,04015,AZ,212181,"standard, onset<2021-01-01, peak>=50% of max pre-2021 peak",7,True,1,False,0,2020-11-14,2020-12-31,2021-02-12,47,245.949,2020-11-14,2020-11-27,14,1106,False,True,0.0227813,0.0227114,False,6.9442,True,7.1811,1.15947,0.15898,1.23871,0.248845,True,0.0460724,0.00299287,0.91505,1.32251,2020-12-07,24,ok,,,,,3,2020-11,16,54.3919,32.3955,14.5,15.3,1.20412,0.3,1.15947,0.15898,-0.167114
Navajo County,04017,AZ,110924,"standard, onset<2021-01-01, peak>=50% of max pre-2021 peak",7,True,1,False,0,2020-10-12,2020-12-31,2021-03-02,80,201.425,2020-10-19,2020-11-01,14,442,False,True,0.0129371,0.0535677,False,15.5051,True,19.1648,1.09056,0.374974,1.13289,0.564783,True,0.0332243,0.00178469,0.915471,1.23257,2020-11-21,34,ok,,,,,2,2020-10,10.7,63.7199,19.5836,16.4,23.3,1.02938,0.3,1.09056,0.374974,-0.217831
Pima County,04019,AZ,1047279,"standard, onset<2021-01-01, peak>=50% of max pre-2021 peak",7,False,2,True,1,2020-11-07,2020-12-31,2021-02-15,54,204.503,2020-11-07,2020-11-20,14,5221,False,True,0.0554652,0.0248721,False,38.1111,True,38.5233,1.38826,0.174105,1.61926,0.306662,True,0.0348038,0.00219418,0.90634,1.24363,2020-12-04,28,ok,,,,,3,2020-11,113.6,87.7871,20.839,12.2,14.9,2.05538,0.3,1.38826,0.174105,0.0616737
Pinal County,04021,AZ,462789,"standard, onset<2021-01-01, peak>=50% of max pre-2021 peak",7,True,2,True,1,2020-11-07,2020-12-31,2021-02-18,54,165.179,2020-11-09,2020-11-22,14,2364,False,True,0.0885404,0.0542381,False,77.5062,True,82.0382,1.61978,0.379666,2.05003,0.744076,True,0.0394203,0.00448897,0.76265,1.27594,2020-12-04,26,ok,,,,,3,2020-11,79.3,18.8118,22.2102,12.9,11.1,1.89927,0.3,1.61978,0.379667,0.2932
Yavapai County,04025,AZ,235099,"standard, onset<2021-01-01, peak>=50% of max pre-2021 peak",7,True,3,True,2,2020-11-10,2020-12-31,2021-02-03,51,166.556,2020-11-11,2020-11-24,14,1333,False,True,0.079356,0.0530085,False,42.5183,True,54.8455,1.55549,0.371059,1.92581,0.706759,True,0.0555547,0.00410001,0.888674,1.38888,2020-12-05,25,ok,,,,,3,2020-11,29.1,56.7294,34.5355,13.8,10.8,1.46389,0.3,1.55549,0.371059,0.228909
Yuma County,04027,AZ,213787,"standard, onset<2021-01-01, peak>=50% of max pre-2021 peak",7,True,1,False,0,2020-11-02,2020-12-31,2021-02-09,59,289.273,2020-11-04,2020-11-17,14,1571,False,True,0.0603527,0.0406171,False,30.3735,True,32.6316,1.42247,0.28432,1.68002,0.509128,True,0.0383384,0.00360861,0.812777,1.26837,2020-12-01,28,ok,,,,,3,2020-11,37,43.1624,19.8984,17.4,15.2,1.5682,0.3,1.42247,0.28432,0.0958862
Benton County,05007,AR,279141,"standard, onset<2021-01-01, peak>=50% of max pre-2021 peak",7,True,2,True,1,2020-10-15,2021-01-08,2021-02-12,85,140.328,2020-10-16,2020-10-29,14,895,False,True,0.0265728,0.0198717,False,4.29219,True,4.37373,1.18601,0.139102,1.28056,0.220895,True,0.0215868,0.00200706,0.743061,1.15111,2020-11-26,42,ok,,,,,3,2020-10,335.4,61.5476,14.0286,10,9.1,2.52556,-27.6,1.18601,0.139102,-0.122381
Crawford County,05033,AR,63257,"standard, onset<2021-01-01, peak>=50% of max pre-2021 peak",7,False,3,True,2,2020-10-17,2021-01-12,2021-02-15,87,117.886,2020-10-24,2020-11-06,14,354,False,True,0.0623092,0.0225675,False,2.10675,True,2.1961,1.43616,0.157972,1.70462,0.284734,True,0.00831919,0.00279397,0.202112,1.05823,2020-11-29,37,ok,,,,,1,2020-10,101,34.9226,17.6924,12,14.4,2.00432,-27.6,1.43616,0.157973,0.127774
Faulkner County,05045,AR,126007,"standard, onset<2021-01-01, peak>=50% of max pre-2021 peak",7,False,1,False,0,2020-08-18,2020-09-16,2020-10-01,29,37.1861,2020-08-18,2020-08-31,14,291,False,True,0.0246066,0.0415706,False,6.11482,True,6.4261,1.17225,0.290994,1.25878,0.458668,True,0.0115076,0.0123625,0.062488,1.08055,2020-09-01,15,ok,,,,,2,2020-08,190.8,59.92,13.3962,8.5,12,2.28058,-27.6,1.17225,0.290994,-0.26891
Garland County,05051,AR,99386,"standard, onset<2021-01-01, peak>=50% of max pre-2021 peak",7,False,3,True,2,2020-10-11,2021-01-08,2021-03-12,89,133.247,2020-10-11,2020-10-24,14,335,False,True,0.0490915,0.0363129,False,5.25466,True,5.4557,1.34364,0.25419,1.54152,0.438001,True,0.0235698,0.00195433,0.771823,1.16499,2020-11-24,45,ok,,,,,2,2020-10,147.8,82.8509,24.431,10.2,15.7,2.16967,-27.6,1.34364,0.25419,0.0352501
Jefferson County,05069,AR,66824,"standard, onset<2021-01-01, peak>=50% of max pre-2021 peak",7,False,2,True,1,2020-07-02,2020-12-20,2021-02-27,171,118.221,2020-07-03,2020-07-16,14,217,False,True,0.0546394,0.0302613,False,2.34738,True,2.41083,1.38248,0.211829,1.60909,0.372058,True,0.0130253,0.000895194,0.718369,1.09118,2020-09-25,85,ok,,,,,1,2020-07,77.1,71.3649,18.2887,7.8,18.9,1.88705,-27.6,1.38248,0.211829,0.244136
Lonoke County,05085,AR,73309,"standard, onset<2021-01-01, peak>=50% of max pre-2021 peak",7,False,2,True,1,2020-09-09,2021-01-04,2021-03-05,117,112.44,2020-09-09,2020-09-22,14,256,False,True,-0.0473025,0.084217,True,21.6434,True,26.7492,0.668883,0.589519,0.573963,0.674855,True,0.00466533,0.00182982,0.10237,1.03266,2020-11-06,59,ok,,,,,1,2020-09,95.9,14.8619,14.4984,8,10.9,1.98182,-27.6,0.668883,0.589519,-0.57163
Pope County,05115,AR,64072,"standard, onset<2021-01-01, peak>=50% of max pre-2021 peak",7,False,1,False,0,2020-05-14,2020-07-19,2020-08-08,66,46.3764,2020-05-14,2020-05-27,14,74,False,True,0.0709196,0.0589735,False,2.96616,True,3.46491,1.49644,0.412814,1.81482,0.765395,True,0.0237885,0.00222566,0.781182,1.16652,2020-06-16,34,ok,,,,,1,2020-05,78.1,64.6882,16.3614,10.8,14.1,1.89265,-27.6,1.49644,0.412814,0.0411817
Pulaski County,05119,AR,391911,"standard, onset<2021-01-01, peak>=50% of max pre-2021 peak",7,False,1,False,0,2020-03-15,2020-04-12,2020-04-24,28,5.54062,2020-03-15,2020-03-28,14,91,False,True,0.123292,0.0837617,False,6.52814,True,8.06344,1.86305,0.586332,2.55214,1.27136,True,0.0632168,0.0376224,0.190468,1.44252,2020-03-29,14,ok,,,,,3,2020-03,526.3,117.507,16.459,10.1,15.3,2.72123,-27.6,1.86304,0.586332,-0.052584
Sebastian County,05131,AR,127827,"standard, onset<2021-01-01, peak>=50% of max pre-2021 peak",7,True,2,True,1,2020-10-20,2021-01-09,2021-03-06,81,158.808,2020-10-25,2020-11-07,14,708,False,True,0.0505616,0.0186264,False,2.91672,True,2.90335,1.35393,0.130385,1.5593,0.225818,True,0.0125384,0.00343453,0.2816,1.08777,2020-11-29,36,ok,,,,,2,2020-10,240.6,131.456,16.828,12.8,16.8,2.3813,-27.6,1.35393,0.130385,0.0455408
Washington County,05143,AR,239187,"standard, onset<2021-01-01, peak>=50% of max pre-2021 peak",7,True,3,True,2,2020-11-02,2021-01-07,2021-03-03,66,121.543,2020-11-02,2020-11-15,14,1593,False,True,0.0561323,0.0211073,False,8.36685,True,8.34269,1.39293,0.147751,1.62749,0.260835,True,0.0165686,0.00264575,0.55067,1.11598,2020-12-05,34,ok,,,,,3,2020-11,261.2,81.3435,12.5253,13.1,13.2,2.41697,-27.6,1.39293,0.147751,0.0663434
White County,05145,AR,78753,"standard, onset<2021-01-01, peak>=50% of max pre-2021 peak",7,False,2,False,0,2020-09-10,2020-11-20,2020-11-27,71,90.6995,2020-09-10,2020-09-23,14,192,False,True,0.0268646,0.0778674,False,14.1356,True,17.2096,1.18805,0.545072,1.2838,0.866533,True,0.0213587,0.00192528,0.783539,1.14951,2020-10-15,36,ok,,,,,1,2020-09,74.3,66.3872,16.6671,11.2,14.8,1.87099,-27.6,1.18805,0.545072,-0.0524601
Alameda County,06001,CA,1671329,"standard, onset<2021-01-01, peak>=50% of max pre-2021 peak",7,False,1,False,0,2020-11-05,2021-01-06,2021-02-16,62,56.935,2020-11-06,2020-11-19,14,3286,False,True,0.0594468,0.00983204,False,3.72755,True,3.8461,1.41613,0.0688243,1.66868,0.122869,True,0.0473396,0.00168733,0.964467,1.33138,2020-12-06,31,ok,,,,,3,2020-11,2281.3,109.787,14.6253,4.9,8.6,3.35818,29.2,1.41613,0.0688243,0.0895449
Butte County,06007,CA,219186,"standard, onset<2021-01-01, peak>=50% of max pre-2021 peak",7,True,3,True,1,2020-07-30,2020-08-26,2020-09-16,27,31.7408,2020-07-30,2020-08-12,14,375,False,True,-0.0114347,0.014766,True,1.9344,False,1.95428,0.919957,0.103362,0.888399,0.140569,True,0.00233823,0.00305936,0.0464184,1.01637,2020-08-12,14,ok,,,,,3,2020-07,129.3,57.6472,17.9519,7.2,17.3,2.1116,29.2,0.919957,0.103362,-0.218382
Contra Costa County,06013,CA,1153526,"standard, onset<2021-01-01, peak>=50% of max pre-2021 peak",7,False,2,True,1,2020-11-03,2021-01-07,2021-02-20,65,65.1047,2020-11-03,2020-11-16,14,2368,False,True,0.0249182,0.00589374,False,1.19075,False,1.1905,1.17443,0.0412562,1.26222,0.0651055,True,0.0381115,0.00161397,0.947333,1.26678,2020-12-05,33,ok,,,,,3,2020-11,1626.3,101.035,16.633,5.4,7.2,3.2112,29.2,1.17443,0.0412562,-0.152155
El Dorado County,06017,CA,192843,"standard, onset<2021-01-01, peak>=50% of max pre-2021 peak",7,False,2,False,0,2020-06-11,2020-07-12,2020-09-10,31,10.8897,2020-06-11,2020-06-24,14,84,False,True,0.0480675,0.0447506,False,2.00345,True,2.5458,1.33647,0.313255,1.52919,0.537851,True,0.0700044,0.00417237,0.952623,1.49003,2020-06-26,16,ok,,,,,2,2020-06,111.9,76.3658,22.8454,5.4,8.4,2.04883,29.2,1.33647,0.313254,-0.296344
Fresno County,06019,CA,999101,"standard, onset<2021-01-01, peak>=50% of max pre-2021 peak",7,False,1,False,0,2020-10-30,2020-12-12,2021-03-09,43,102.306,2020-10-30,2020-11-12,14,3021,False,True,0.0373802,0.0112025,False,4.56564,True,4.59886,1.26166,0.0784173,1.40315,0.129612,True,0.0531716,0.00229391,0.964112,1.3722,2020-11-20,22,ok,,,,,3,2020-10,169.3,67.9123,12.6689,8.8,17.1,2.22866,29.2,1.26166,0.0784175,-0.046729
Humboldt County,06023,CA,135558,"standard, onset<2021-01-01, peak>=50% of max pre-2021 peak",7,False,1,False,0,2020-11-04,2021-01-15,2021-02-13,72,29.1915,2020-11-04,2020-11-17,14,180,False,True,0.0849582,0.0222443,False,0.903322,False,0.963057,1.59471,0.15571,2.00116,0.301816,True,0.0365365,0.00296688,0.812487,1.25576,2020-12-10,37,ok,,,,,2,2020-11,38.2,60.8223,19.1297,7.7,15.8,1.58206,29.2,1.59471,0.15571,0.268125
Imperial County,06025,CA,181215,"standard, onset<2021-01-01, peak>=50% of max pre-2021 peak",7,True,2,False,0,2020-04-25,2020-05-31,2020-08-20,36,101.537,2020-04-25,2020-05-08,14,524,False,True,0.0925264,0.0131417,False,0.54838,False,0.551772,1.64768,0.091992,2.10505,0.182487,True,0.0827913,0.00157983,0.993848,1.57954,2020-05-13,19,ok,,,,,2,2020-04,43,25.0415,13.3738,8.9,18.1,1.63347,29.2,1.64768,0.0919919,0.23147
Kern County,06029,CA,900202,"standard, onset<2021-01-01, peak>=50% of max pre-2021 peak",7,True,2,False,0,2020-05-20,2020-07-11,2020-09-14,52,67.6356,2020-05-21,2020-06-03,14,1034,False,True,0.0254888,0.0161225,False,3.2664,True,3.29381,1.17842,0.112857,1.26853,0.178484,True,0.0376888,0.00163659,0.956704,1.26382,2020-06-15,26,ok,,,,,3,2020-05,111.8,48.2823,11.5084,9.6,18.3,2.04844,29.2,1.17842,0.112858,-0.276834
Kings County,06031,CA,152940,"standard, onset<2021-01-01, peak>=50% of max pre-2021 peak",7,True,1,False,0,2020-04-23,2020-05-31,2020-06-09,38,71.1764,2020-04-23,2020-05-06,14,238,False,True,-0.0435515,0.0187357,True,0.804229,False,0.852752,0.69514,0.13115,0.604317,0.153086,True,-0.0095143,0.00371031,0.267565,0.9334,2020-05-12,20,ok,,,,,2,2020-04,109.6,37.3805,10.7695,8.9,14.5,2.03981,29.2,0.69514,0.13115,-0.721075
Lake County,06033,CA,64386,"standard, onset<2021-01-01, peak>=50% of max pre-2021 peak",7,False,1,False,0,2020-11-11,2021-01-12,2021-02-24,62,68.5597,2020-11-11,2020-11-24,14,165,False,True,0.0725135,0.022963,False,0.32528,False,0.329993,1.50759,0.160741,1.83556,0.299566,True,0.0467124,0.00169981,0.961793,1.32699,2020-12-12,32,ok,,,,,1,2020-11,54.3,42.5451,23.2736,7.7,15.9,1.7348,29.2,1.50759,0.160741,0.181012
Los Angeles County,06037,CA,10039107,"standard, onset<2021-01-01, peak>=50% of max pre-2021 peak",7,True,1,False,0,2020-11-02,2021-01-06,2021-02-11,65,161.742,2020-11-02,2020-11-15,14,36505,False,True,0.0460318,0.00681727,False,20.2528,True,20.2413,1.32222,0.0477209,1.50482,0.0813527,True,0.0484619,0.00127259,0.979071,1.33923,2020-12-04,33,ok,,,,,3,2020-11,2466.9,74.0063,14.3451,10.2,13.2,3.39215,29.2,1.32222,0.0477209,-0.00436013
Madera County,06039,CA,157327,"standard, onset<2021-01-01, peak>=50% of max pre-2021 peak",7,False,1,False,0,2020-10-27,2021-01-03,2021-03-05,68,109.508,2020-10-27,2020-11-09,14,362,False,True,0.0429408,0.0151867,False,0.148308,False,0.148724,1.30059,0.106307,1.46813,0.179257,True,0.049836,0.00178833,0.959239,1.34885,2020-11-30,35,ok,,,,,2,2020-10,73.1,47.9985,14.5531,10.2,14.1,1.86392,29.2,1.30059,0.106307,-0.00780481
Marin County,06041,CA,258826,"standard, onset<2021-01-01, peak>=50% of max pre-2021 peak",7,True,2,False,0,2020-06-08,2020-06-27,2020-08-30,19,70.6487,2020-06-08,2020-06-21,14,877,False,True,0.194405,0.044653,False,13.919,True,13.1672,2.36083,0.312571,3.7377,0.811122,True,0.195076,0.017847,0.937243,2.36553,2020-06-17,10,ok,,,,,3,2020-06,504.1,147.91,23.2581,4.2,6,2.70252,29.2,2.36083,0.312571,0.728018
Mendocino County,06045,CA,86749,"standard, onset<2021-01-01, peak>=50% of max pre-2021 peak",7,False,1,False,0,2020-10-30,2021-01-06,2021-02-16,68,48.7449,2020-10-30,2020-11-12,14,131,False,True,0.0372877,0.0462547,False,3.37554,True,3.89257,1.26101,0.323783,1.40207,0.534986,True,0.0419038,0.0025492,0.891164,1.29333,2020-12-03,35,ok,,,,,1,2020-10,26.1,77.5101,23.5794,11.2,14.3,1.41664,29.2,1.26101,0.323783,-0.0473765
Merced County,06047,CA,277680,"standard, onset<2021-01-01, peak>=50% of max pre-2021 peak",7,False,2,True,1,2020-10-28,2021-01-08,2021-03-26,72,114.983,2020-10-28,2020-11-10,14,661,False,True,0.0334347,0.0111892,False,0.795254,False,0.80542,1.23404,0.0783242,1.35782,0.127604,True,0.0472825,0.00112843,0.980455,1.33098,2020-12-03,37,ok,,,,,3,2020-10,145.1,42.6739,11.7282,10.5,16.3,2.16167,29.2,1.23404,0.0783244,-0.0743475
Monterey County,06053,CA,434061,"standard, onset<2021-01-01, peak>=50% of max pre-2021 peak",7,False,2,True,1,2020-10-25,2021-01-07,2021-02-18,74,112.032,2020-10-25,2020-11-07,14,1167,False,True,0.0706945,0.0240058,False,7.75386,True,8.07532,1.49486,0.168041,1.8119,0.311335,True,0.0422404,0.00156401,0.952967,1.29568,2020-12-01,38,ok,,,,,3,2020-10,133.8,64.4596,14.4264,11.5,11.6,2.12646,29.2,1.49486,0.168041,0.186471
Nevada County,06057,CA,99755,"standard, onset<2021-01-01, peak>=50% of max pre-2021 peak",7,False,1,False,0,2020-10-30,2020-12-02,2021-01-29,33,61.1498,2020-10-30,2020-11-12,14,229,False,True,0.0620949,0.0308667,False,2.55034,True,2.58754,1.43466,0.216067,1.70192,0.389166,True,0.072208,0.004579,0.943111,1.50546,2020-11-15,17,ok,,,,,2,2020-10,106.8,73.3561,28.8231,6.2,9.2,2.02857,29.2,1.43466,0.216067,0.126274
Orange County,06059,CA,3175692,"standard, onset<2021-01-01, peak>=50% of max pre-2021 peak",7,True,2,True,1,2020-11-04,2021-01-06,2021-02-12,63,103.914,2020-11-04,2020-11-17,14,7685,False,True,0.0736794,0.00873183,False,6.72085,True,6.72366,1.51576,0.0611228,1.8508,0.114339,True,0.0569382,0.00158187,0.977369,1.39857,2020-12-05,32,ok,,,,,3,2020-11,4019.7,99.0276,15.6497,7.5,9,3.60419,29.2,1.51576,0.0611228,0.189173
Placer County,06061,CA,398329,"standard, onset<2021-01-01, peak>=50% of max pre-2021 peak",7,False,1,False,0,2020-03-06,2020-03-20,2020-03-31,14,1.93666,2020-03-06,2020-03-19,14,46,False,True,0.201956,0.0530956,False,0.545755,False,0.740496,2.41369,0.371669,3.87607,0.981322,False,,,,,2020-03-13,5,ok,,,,,3,2020-03,287.7,124.278,20.3964,4.5,6.5,2.45894,29.2,2.41369,0.371669,0.498064
Riverside County,06065,CA,2470546,"standard, onset<2021-01-01, peak>=50% of max pre-2021 peak",7,True,1,False,0,2020-10-30,2021-01-06,2021-02-12,68,153.078,2020-10-30,2020-11-12,14,7582,False,True,0.0338463,0.0119574,False,13.0952,True,13.2299,1.23692,0.0837018,1.36252,0.136572,True,0.0507859,0.00138716,0.975972,1.3555,2020-12-03,35,ok,,,,,3,2020-10,335.4,46.9774,15.0875,9.5,11.2,2.52556,29.2,1.23692,0.0837018,-0.0714663
Sacramento County,06067,CA,1552058,"standard, onset<2021-01-01, peak>=50% of max pre-2021 peak",7,False,1,False,0,2020-10-30,2020-12-08,2021-02-20,39,63.8231,2020-10-30,2020-11-12,14,4508,False,True,0.0588749,0.0122623,False,7.96066,True,7.93,1.41212,0.0858358,1.66154,0.152944,True,0.0492232,0.00291553,0.940602,1.34456,2020-11-18,20,ok,,,,,3,2020-10,1642.1,89.2714,14.7703,6.4,12.5,3.2154,29.2,1.41212,0.0858361,0.103734
San Benito County,06069,CA,62808,"standard, onset<2021-01-01, peak>=50% of max pre-2021 peak",7,True,1,False,0,2020-11-04,2021-01-06,2021-02-15,63,129.419,2020-11-04,2020-11-17,14,198,False,True,0.0318777,0.0204313,False,0.505373,False,0.504887,1.22314,0.143019,1.34012,0.231668,True,0.0498636,0.00185338,0.960203,1.34905,2020-12-05,32,ok,,,,,1,2020-11,46.2,28.0335,13.7333,8.3,7.9,1.66464,29.2,1.22314,0.143019,-0.103439
San Diego County,06073,CA,3338330,"standard, onset<2021-01-01, peak>=50% of max pre-2021 peak",7,True,4,True,3,2020-11-03,2021-01-06,2021-02-12,64,113.008,2020-11-03,2020-11-16,14,10505,False,True,0.0473451,0.00653219,False,5.34292,True,5.34104,1.33142,0.0457253,1.52052,0.0783111,True,0.0387699,0.00126726,0.967941,1.27139,2020-12-05,33,ok,,,,,3,2020-11,783.5,84.0651,14.8274,8.2,9.5,2.89404,29.2,1.33142,0.0457253,0.00483297
San Francisco County,06075,CA,881549,"standard, onset<2021-01-01, peak>=50% of max pre-2021 peak",7,False,1,False,0,2020-10-23,2021-01-06,2021-02-25,75,40.4321,2020-10-23,2020-11-05,14,1009,False,True,0.0582776,0.00918245,False,0.746209,False,0.74267,1.40794,0.0642772,1.6541,0.1143,True,0.0322848,0.00122329,0.950855,1.22599,2020-11-29,38,ok,,,,,3,2020-10,18629,152.981,16.3405,4.9,10,4.27019,29.2,1.40794,0.0642772,0.0995528
San Joaquin County,06077,CA,762148,"standard, onset<2021-01-01, peak>=50% of max pre-2021 peak",7,False,2,True,1,2020-11-04,2021-01-07,2021-02-14,64,93.9825,2020-11-04,2020-11-17,14,2035,False,True,0.016445,0.00634408,False,0.886386,False,0.885258,1.11511,0.0444086,1.17013,0.0678226,True,0.0525761,0.00278544,0.919954,1.36803,2020-12-06,33,ok,,,,,3,2020-11,559.6,59.2891,13.2471,7.7,13.9,2.74788,29.2,1.11512,0.0444086,-0.211468
San Luis Obispo County,06079,CA,283111,"standard, onset<2021-01-01, peak>=50% of max pre-2021 peak",7,True,3,True,2,2020-11-01,2021-01-06,2021-02-15,66,118.177,2020-11-01,2020-11-14,14,972,False,True,-0.0152997,0.00917743,True,1.99956,False,2.00391,0.892902,0.064242,0.851918,0.085877,True,0.0137249,0.00206388,0.580179,1.09607,2020-12-04,34,ok,,,,,3,2020-11,85.6,83.2082,21.4635,6.8,10.6,1.93247,29.2,0.892902,0.064242,-0.433681
San Mateo County,06081,CA,766573,"standard, onset<2021-01-01, peak>=50% of max pre-2021 peak",7,True,2,True,1,2020-11-04,2021-01-06,2021-02-14,63,62.5045,2020-11-04,2020-11-17,14,1473,False,True,0.0341054,0.00749752,False,1.80719,False,1.81253,1.23874,0.0524826,1.36548,0.0857148,True,0.0447746,0.00172916,0.957173,1.31342,2020-12-05,32,ok,,,,,3,2020-11,1704,105.175,16.8634,4.4,5.5,3.23147,29.2,1.23874,0.0524826,-0.0878449
Santa Barbara County,06083,CA,446499,"standard, onset<2021-01-01, peak>=50% of max pre-2021 peak",7,True,2,True,1,2020-11-09,2021-01-06,2021-02-28,58,101.296,2020-11-09,2020-11-22,14,930,False,True,0.0308412,0.00942358,False,0.197582,False,0.197373,1.21589,0.065965,1.32839,0.106442,True,0.0399907,0.00116002,0.976983,1.27993,2020-12-08,30,ok,,,,,3,2020-11,164,76.3003,15.9287,11.7,10.5,2.21484,29.2,1.21589,0.0659651,-0.110694
Santa Clara County,06085,CA,1927852,"standard, onset<2021-01-01, peak>=50% of max pre-2021 peak",7,True,3,True,2,2020-10-28,2021-01-06,2021-02-27,70,73.3311,2020-10-28,2020-11-10,14,3134,False,True,0.0641432,0.00892014,False,2.90584,True,2.90158,1.449,0.062441,1.72783,0.113232,True,0.0508078,0.00101291,0.986667,1.35565,2020-12-02,36,ok,,,,,3,2020-10,1499.7,104.17,14.0949,5,6.6,3.176,29.2,1.449,0.062441,0.140612
Santa Cruz County,06087,CA,273213,"standard, onset<2021-01-01, peak>=50% of max pre-2021 peak",7,True,2,True,1,2020-10-31,2021-01-06,2021-02-14,67,84.3926,2020-10-31,2020-11-13,14,619,False,True,0.0470394,0.0116398,False,1.18925,False,1.19826,1.32928,0.0814787,1.51686,0.139394,True,0.0401316,0.00194388,0.930165,1.28092,2020-12-03,34,ok,,,,,3,2020-10,608.5,101.159,18.0665,8,10.7,2.78426,29.2,1.32928,0.0814786,0.0208854
Shasta County,06089,CA,180080,"standard, onset<2021-01-01, peak>=50% of max pre-2021 peak",7,False,3,True,1,2020-10-24,2020-11-17,2020-12-14,24,73.6974,2020-10-24,2020-11-06,14,1036,False,True,0.0598798,0.0152268,False,2.81693,True,2.82606,1.41916,0.106588,1.6741,0.190563,True,0.0695903,0.0037624,0.968848,1.48713,2020-11-05,13,ok,,,,,2,2020-10,48.3,77.9556,21.0354,7,13.9,1.68395,29.2,1.41916,0.106588,0.110768
Solano County,06095,CA,447643,"standard, onset<2021-01-01, peak>=50% of max pre-2021 peak",7,False,2,True,1,2020-10-28,2021-01-06,2021-02-15,70,84.0912,2020-10-28,2020-11-10,14,1107,False,True,0.0350175,0.00865191,False,1.81499,False,1.81187,1.24512,0.0605633,1.37593,0.0992437,True,0.0292832,0.00107929,0.955852,1.20498,2020-12-02,36,ok,,,,,3,2020-10,551.8,83.5739,16.8281,6.2,9.3,2.74178,29.2,1.24512,0.0605634,-0.0632679
Sonoma County,06097,CA,494336,"standard, onset<2021-01-01, peak>=50% of max pre-2021 peak",7,False,2,True,1,2020-11-15,2021-01-06,2021-03-09,52,57.8554,2020-11-15,2020-11-28,14,1616,False,True,0.0258839,0.0196036,False,7.54554,True,7.587,1.18119,0.137225,1.27291,0.217348,True,0.0403392,0.00148205,0.967356,1.28237,2020-12-11,27,ok,,,,,3,2020-11,310.3,101.051,20.9912,7.1,7.8,2.49178,29.2,1.18119,0.137225,-0.145395
Stanislaus County,06099,CA,550660,"standard, onset<2021-01-01, peak>=50% of max pre-2021 peak",7,False,2,False,0,2020-05-30,2020-07-09,2020-09-18,40,52.0414,2020-05-30,2020-06-12,14,773,False,True,0.0824195,0.010707,False,1.32694,False,1.31224,1.57694,0.0749488,1.96685,0.144133,True,0.07129,0.00133368,0.993394,1.49903,2020-06-19,21,ok,,,,,3,2020-05,369.6,65.4756,13.4491,7.4,13,2.56773,29.2,1.57694,0.074949,0.121681
Sutter County,06101,CA,96971,"standard, onset<2021-01-01, peak>=50% of max pre-2021 peak",7,False,1,False,0,2020-11-02,2020-12-01,2021-02-18,29,119.329,2020-11-02,2020-11-15,14,622,False,True,0.122797,0.0181404,False,2.09581,True,2.08076,1.85958,0.126983,2.54463,0.274962,True,0.104548,0.00666572,0.949807,1.73184,2020-11-16,15,ok,,,,,2,2020-11,165.3,75.2763,15.9546,9,11.5,2.21827,29.2,1.85958,0.126983,0.532996
Tulare County,06107,CA,466195,"standard, onset<2021-01-01, peak>=50% of max pre-2021 peak",7,False,2,True,1,2020-10-29,2021-01-06,2021-02-17,69,104.677,2020-10-29,2020-11-11,14,1161,False,True,0.0454137,0.00849139,False,1.51471,False,1.52764,1.3179,0.0594398,1.49745,0.10111,True,0.0467734,0.00117361,0.979647,1.32741,2020-12-02,35,ok,,,,,3,2020-10,98.1,46.7115,11.7459,9.5,17.1,1.99167,29.2,1.3179,0.0594397,0.00950549
Tuolumne County,06109,CA,54478,"standard, onset<2021-01-01, peak>=50% of max pre-2021 peak",7,True,1,False,0,2020-11-02,2020-12-09,2021-02-25,37,156.289,2020-11-02,2020-11-15,14,411,False,True,0.0882051,0.0147702,False,1.40626,False,1.40681,1.61744,0.103391,2.04543,0.20242,True,0.0550635,0.00851258,0.711087,1.38544,2020-11-20,19,ok,,,,,1,2020-11,25,62.927,27.3283,6.4,12.1,1.39794,29.2,1.61744,0.103391,0.290853
Ventura County,06111,CA,846006,"standard, onset<2021-01-01, peak>=50% of max pre-2021 peak",7,True,3,True,2,2020-11-10,2021-01-06,2021-02-16,57,162.36,2020-11-10,2020-11-23,14,3224,False,True,0.0501361,0.0051096,False,1.91847,False,1.91131,1.35095,0.0357672,1.55415,0.0618554,True,0.0467327,0.00193733,0.955656,1.32713,2020-12-08,29,ok,,,,,3,2020-11,458.4,80.9392,16.6183,8.2,9.1,2.66124,29.2,1.35095,0.0357672,0.02437
Yolo County,06113,CA,220500,"standard, onset<2021-01-01, peak>=50% of max pre-2021 peak",7,False,3,True,2,2020-10-30,2021-01-06,2021-02-23,68,66.9258,2020-10-30,2020-11-12,14,591,False,True,0.0403927,0.0118704,False,0.998811,False,1.00023,1.28275,0.0830925,1.43819,0.138842,True,0.0376652,0.00296818,0.829921,1.26366,2020-12-03,35,ok,,,,,3,2020-10,213.3,123.843,13.2577,5.9,14.8,2.32899,29.2,1.28275,0.0830928,-0.0256415
Adams County,08001,CO,517421,"standard, onset<2021-01-01, peak>=50% of max pre-2021 peak",7,True,2,True,1,2020-09-24,2020-11-13,2021-05-22,50,116.374,2020-09-30,2020-10-13,14,1706,False,True,0.03637,0.0404523,False,33.6498,True,44.8842,1.25459,0.283166,1.39148,0.466315,True,0.0362309,0.00173773,0.960239,1.25362,2020-10-19,20,ok,,,,,3,2020-09,445.3,52.1583,11.0989,12.5,9.4,2.64865,13.5,1.25459,0.283166,0.0140777
Arapahoe County,08005,CO,656590,"standard, onset<2021-01-01, peak>=50% of max pre-2021 peak",7,True,3,True,2,2020-10-07,2020-11-16,2021-02-08,40,86.921,2020-10-08,2020-10-21,14,1620,False,True,0.0190759,0.0141777,False,3.97128,True,3.98881,1.13353,0.0992442,1.1984,0.153136,True,0.0394293,0.00351753,0.874696,1.27601,2020-10-27,20,ok,,,,,3,2020-10,821,82.8919,14.0336,10,7,2.91434,13.5,1.13353,0.0992439,-0.174859
Boulder County,08013,CO,326196,"standard, onset<2021-01-01, peak>=50% of max pre-2021 peak",7,True,3,True,1,2020-09-04,2020-09-21,2020-10-09,17,42.6124,2020-09-05,2020-09-18,14,842,False,True,0.139808,0.0416549,False,14.2133,True,16.9274,1.97865,0.291584,2.80854,0.661143,True,0.134329,0.0132919,0.944513,1.94031,2020-09-12,8,ok,,,,,3,2020-09,455.4,119.423,15.869,7.1,9.5,2.65839,13.5,1.97866,0.291584,0.738144
Denver County,08031,CO,727211,"standard, onset<2021-01-01, peak>=50% of max pre-2021 peak",7,True,2,False,0,2020-09-15,2020-11-18,2020-12-26,64,100.167,2020-09-15,2020-09-28,14,1325,False,True,0.0222551,0.007873,False,0.809132,False,0.80854,1.15579,0.055111,1.23295,0.086089,True,0.0243313,0.00165958,0.873958,1.17032,2020-10-17,33,ok,,,,,3,2020-09,4674.3,129.696,12.0863,12,12.4,3.66972,13.5,1.15579,0.055111,-0.0847266
Douglas County,08035,CO,351154,"standard, onset<2021-01-01, peak>=50% of max pre-2021 peak",7,True,3,True,2,2020-10-07,2020-11-16,2021-06-11,40,77.6216,2020-10-08,2020-10-21,14,561,False,True,0.0188713,0.018135,False,2.2503,True,2.27661,1.1321,0.126945,1.19619,0.195724,True,0.0525246,0.0056732,0.826452,1.36767,2020-10-27,20,ok,,,,,3,2020-10,426,72.0715,13.6223,4.8,3,2.62941,13.5,1.1321,0.126945,-0.176291
Eagle County,08037,CO,55127,"standard, onset<2021-01-01, peak>=50% of max pre-2021 peak",7,True,3,False,0,2020-03-11,2020-03-29,2020-04-29,18,45.3498,2020-03-11,2020-03-24,14,93,False,True,0.099021,0.0548288,False,3.04428,True,3.59327,1.69315,0.383802,2.19612,0.776314,True,0.138427,0.00888889,0.968066,1.96899,2020-03-20,10,ok,,,,,1,2020-03,33.1,78.9507,13.8002,16.3,6.4,1.51983,13.5,1.69315,0.383802,-0.222481
El Paso County,08041,CO,720403,"standard, onset<2021-01-01, peak>=50% of max pre-2021 peak",7,False,2,True,1,2020-10-13,2020-12-01,2021-02-08,49,94.1735,2020-10-13,2020-10-26,14,2156,False,True,0.0641357,0.0197196,False,9.76964,True,10.3589,1.44895,0.138037,1.72774,0.250315,True,0.0589053,0.0046537,0.874467,1.41234,2020-11-06,25,ok,,,,,3,2020-10,343.5,63.8011,13.6671,8.7,9.1,2.53593,13.5,1.44895,0.138037,0.140559
Garfield County,08045,CO,60061,"standard, onset<2021-01-01, peak>=50% of max pre-2021 peak",7,False,2,True,1,2020-10-21,2020-12-13,2021-02-08,53,122.495,2020-10-22,2020-11-04,14,201,False,True,0.00142148,0.044111,False,4.79089,True,5.9938,1.00995,0.308777,1.01426,0.443744,True,0.048278,0.00304881,0.912647,1.33795,2020-11-16,26,ok,,,,,1,2020-10,20.9,76.1936,14.5578,18.8,6.7,1.32015,13.5,1.00995,0.308777,-0.29844
Jefferson County,08059,CO,582881,"standard, onset<2021-01-01, peak>=50% of max pre-2021 peak",7,True,2,True,1,2020-10-07,2020-11-18,2021-05-22,42,77.7909,2020-10-08,2020-10-21,14,1270,False,True,0.0229967,0.0140983,False,3.0723,True,3.07913,1.16098,0.0986882,1.24107,0.1546,True,0.0457566,0.0033442,0.90786,1.3203,2020-10-28,21,ok,,,,,3,2020-10,762.6,87.8352,17.2605,6.8,6.1,2.8823,13.5,1.16098,0.0986881,-0.147414
La Plata County,08067,CO,56221,"standard, onset<2021-01-01, peak>=50% of max pre-2021 peak",7,True,1,False,0,2020-11-04,2020-11-27,2021-01-28,23,134.927,2020-11-04,2020-11-17,14,259,False,True,0.0570049,0.038267,False,4.46592,True,4.55405,1.39903,0.267869,1.63829,0.474289,True,0.0737508,0.0104906,0.831717,1.51626,2020-11-15,12,ok,,,,,1,2020-11,32.9,133.003,20.0924,12,10,1.5172,13.5,1.39903,0.267869,0.0724516
Larimer County,08069,CO,356899,"standard, onset<2021-01-01, peak>=50% of max pre-2021 peak",7,True,1,False,0,2020-10-06,2020-11-17,2021-01-15,42,71.9691,2020-10-06,2020-10-19,14,772,False,True,0.0014804,0.0232448,False,5.10967,True,5.19323,1.01036,0.162713,1.01485,0.233893,True,0.0147737,0.00204378,0.723194,1.10342,2020-10-27,22,ok,,,,,3,2020-10,138.3,83.8286,17.0941,7.8,9.9,2.14082,13.5,1.01036,0.162714,-0.298028
Mesa County,08077,CO,154210,"standard, onset<2021-01-01, peak>=50% of max pre-2021 peak",7,True,1,False,0,2020-10-13,2020-11-16,2021-03-04,34,121.263,2020-10-13,2020-10-26,14,553,False,True,0.0442671,0.0255463,False,4.3165,True,4.34679,1.30987,0.178824,1.48382,0.302959,True,0.0421377,0.00492024,0.820919,1.29496,2020-10-30,18,ok,,,,,2,2020-10,46.8,118.174,20.7035,12.1,11.1,1.67025,13.5,1.30987,0.178824,0.00147929
Pueblo County,08101,CO,168424,"standard, onset<2021-01-01, peak>=50% of max pre-2021 peak",7,True,1,False,0,2020-10-16,2020-11-20,2021-01-12,35,166.841,2020-10-17,2020-10-30,14,713,False,True,0.0898012,0.0322583,False,8.24694,True,8.08799,1.62861,0.225808,2.06736,0.444249,True,0.0708014,0.00398804,0.954571,1.49561,2020-11-02,17,ok,,,,,2,2020-10,70.5,67.1971,19.2576,9.4,14.1,1.84819,13.5,1.62861,0.225808,0.320218
Weld County,08123,CO,324492,"standard, onset<2021-01-01, peak>=50% of max pre-2021 peak",7,True,4,True,2,2020-10-18,2020-11-18,2020-12-23,31,99.0559,2020-10-18,2020-10-31,14,1027,False,True,0.0394759,0.0492843,False,29.982,True,36.4821,1.27633,0.34499,1.42748,0.574556,True,0.0756548,0.00431794,0.956385,1.52958,2020-11-02,16,ok,,,,,3,2020-10,82.6,59.5779,13.0664,11.8,8.9,1.91698,13.5,1.27633,0.34499,-0.0320591
Fairfield County,09001,CT,943332,"standard, onset<2021-01-01, peak>=50% of max pre-2021 peak",7,True,3,False,0,2020-03-22,2020-04-19,2020-06-07,28,51.5347,2020-03-22,2020-04-04,14,2684,False,True,0.130601,0.0441434,False,52.3483,True,48.6951,1.91421,0.309004,2.6642,0.683571,True,0.118354,0.00954461,0.922045,1.82848,2020-04-05,15,ok,,,,,3,2020-03,1531.9,91.8093,16.5657,6.5,8.8,3.18523,20,1.91421,0.309004,-0.00142103
Hartford County,09003,CT,891720,"standard, onset<2021-01-01, peak>=50% of max pre-2021 peak",7,False,1,False,0,2020-10-02,2021-01-10,2021-05-14,100,87.904,2020-10-06,2020-10-19,14,1333,False,True,0.0281694,0.0316889,False,16.2392,True,16.7339,1.19719,0.221822,1.29836,0.35438,True,0.0419278,0.000971866,0.976393,1.29349,2020-11-21,47,ok,,,,,3,2020-10,1223.9,94.6083,17.6223,4.8,10.7,3.08775,20,1.19719,0.221822,-0.111205
Litchfield County,09005,CT,180333,"standard, onset<2021-01-01, peak>=50% of max pre-2021 peak",7,True,2,True,1,2020-10-18,2020-12-05,2021-05-08,48,73.1979,2020-10-18,2020-10-31,14,314,False,True,0.0590619,0.0164695,False,1.6888,False,1.68186,1.41343,0.115287,1.66387,0.205549,True,0.0557892,0.00215079,0.966946,1.39052,2020-11-11,25,ok,,,,,2,2020-10,201.2,55.0798,22.7712,4.7,7.4,2.30363,20,1.41343,0.115287,0.105043
Middlesex County,09007,CT,162436,"standard, onset<2021-01-01, peak>=50% of max pre-2021 peak",7,True,1,False,0,2020-03-21,2020-04-11,2020-06-04,21,18.0291,2020-03-21,2020-04-03,14,86,False,True,0.17056,0.036464,False,1.51912,False,2.06695,2.19392,0.255248,3.31651,0.625851,True,0.201501,0.0139221,0.958806,2.41051,2020-03-31,11,ok,,,,,2,2020-03,444.7,78.5412,21.7328,3.9,7.7,2.64807,20,2.19392,0.255248,0.278292
New Haven County,09009,CT,854757,"standard, onset<2021-01-01, peak>=50% of max pre-2021 peak",7,True,2,True,1,2020-10-23,2020-12-04,2021-02-19,42,88.9476,2020-10-23,2020-11-05,14,2910,False,True,0.049786,0.00537707,False,1.66617,False,1.65906,1.3485,0.0376395,1.54991,0.0650142,True,0.057786,0.00183876,0.980152,1.4045,2020-11-13,22,ok,,,,,3,2020-10,1431.1,85.3342,18.0614,5.6,11.2,3.15567,20,1.3485,0.0376395,0.0401116
New London County,09011,CT,265206,"standard, onset<2021-01-01, peak>=50% of max pre-2021 peak",7,False,1,False,0,2020-09-26,2021-01-10,2021-05-06,106,108.649,2020-09-26,2020-10-09,14,727,False,True,0.000393005,0.0407729,False,14.8052,True,15.4732,1.00275,0.28541,1.00393,0.408402,True,0.00782454,0.00175855,0.27574,1.05477,2020-11-18,54,ok,,,,,3,2020-09,403.8,59.9505,19.3044,5.4,8,2.60617,20,1.00275,0.28541,-0.237761
Tolland County,09013,CT,150721,"standard, onset<2021-01-01, peak>=50% of max pre-2021 peak",7,True,2,False,0,2020-03-22,2020-05-17,2020-06-09,56,21.4208,2020-03-26,2020-04-08,14,101,False,True,0.0969046,0.0452008,False,2.25799,True,2.84907,1.67833,0.316406,2.16625,0.635975,True,0.0570363,0.00369816,0.911832,1.39925,2020-04-19,25,ok,,,,,2,2020-03,365,48.7355,16.956,3.7,6.9,2.56229,20,1.67833,0.316406,-0.237296
Windham County,09015,CT,116782,"standard, onset<2021-01-01, peak>=50% of max pre-2021 peak",7,False,2,True,1,2020-10-23,2021-01-09,2021-02-12,78,129.178,2020-10-23,2020-11-05,14,284,False,True,0.00402441,0.0169557,False,1.18011,False,1.19897,1.02817,0.11869,1.04058,0.172423,True,0.0306907,0.00210744,0.84805,1.21483,2020-12-01,40,ok,,,,,2,2020-10,227,42.9487,17.8787,5.3,10.4,2.35603,20,1.02817,0.11869,-0.28022
Kent County,10001,DE,180786,"standard, onset<2021-01-01, peak>=50% of max pre-2021 peak",7,True,1,False,0,2020-10-25,2020-12-06,2020-12-27,42,90.636,2020-10-25,2020-11-07,14,331,False,True,0.0060432,0.0381915,False,5.91157,True,6.16184,1.0423,0.26734,1.0612,0.391608,True,0.039921,0.00301372,0.897681,1.27945,2020-11-15,22,ok,,,,,2,2020-10,310.3,51.1408,18.1649,8.4,13,2.49178,18.9,1.0423,0.267341,-0.266088
Sussex County,10005,DE,234225,"standard, onset<2021-01-01, peak>=50% of max pre-2021 peak",7,True,2,False,0,2020-04-04,2020-04-25,2020-06-03,21,59.4666,2020-04-04,2020-04-17,14,694,False,True,0.110606,0.0468295,False,16.107,True,16.8375,1.77424,0.327807,2.36297,0.68584,True,0.127286,0.0131572,0.912273,1.891,2020-04-14,11,ok,,,,,3,2020-04,253.6,64.0329,31.0231,8.3,11,2.40415,18.9,1.77424,0.327807,0.358027
Washington,11001,DC,705749,"standard, onset<2021-01-01, peak>=50% of max pre-2021 peak",7,False,1,False,0,2020-07-04,2020-07-24,2020-08-14,20,12.2666,2020-07-04,2020-07-17,14,680,False,True,-0.0218915,0.0527249,True,23.0213,True,27.8216,0.84676,0.369075,0.791149,0.478772,True,0.034022,0.0156293,0.344907,1.23815,2020-07-14,11,ok,,,,,3,2020-07,11280.7,125.155,12.4485,3.7,15,4.05234,86.8,0.846759,0.369074,-0.29158
Alachua County,12001,FL,269043,"standard, onset<2021-01-01, peak>=50% of max pre-2021 peak",7,True,1,False,0,2020-08-29,2021-01-05,2021-02-20,129,73.7004,2020-08-29,2020-09-11,14,912,False,True,0.107567,0.0204808,False,4.08011,True,5.02206,1.75297,0.143366,2.31865,0.297337,True,0.00117414,0.00250777,0.00346753,1.00822,2020-11-01,65,ok,,,,,3,2020-08,318,155.853,15.2596,11.5,17.2,2.50243,-3.4,1.75297,0.143366,0.311812
Bay County,12005,FL,174705,"standard, onset<2021-01-01, peak>=50% of max pre-2021 peak",7,True,2,False,0,2020-06-23,2020-07-22,2020-10-07,29,82.5882,2020-06-23,2020-07-06,14,539,False,True,0.146873,0.0516892,False,13.6926,True,15.8608,2.02811,0.361824,2.92173,0.835744,True,0.111329,0.0137756,0.833999,1.7793,2020-07-07,15,ok,,,,,2,2020-06,231,58.7846,18.8898,16.6,12.4,2.36361,-3.4,2.02811,0.361824,0.395294
Brevard County,12009,FL,601942,"standard, onset<2021-01-01, peak>=50% of max pre-2021 peak",7,True,1,False,0,2020-06-17,2021-01-05,2021-02-27,202,58.8334,2020-06-17,2020-06-30,14,1185,False,True,0.148236,0.00944227,False,1.63078,False,1.61701,2.03765,0.0660959,2.94381,0.153209,True,-0.00773986,0.00100625,0.371716,0.945821,2020-09-26,102,ok,,,,,3,2020-06,597.7,73.5231,24.6192,13.8,9.9,2.77648,-3.4,2.03765,0.0660959,0.404835
Broward County,12011,FL,1952778,"standard, onset<2021-01-01, peak>=50% of max pre-2021 peak",7,True,2,True,1,2020-06-13,2020-07-13,2020-09-04,30,76.5503,2020-06-13,2020-06-26,14,4731,False,True,0.0621386,0.0224546,False,27.8815,True,29.5435,1.43497,0.157182,1.70247,0.283148,True,0.0661752,0.00247232,0.980834,1.46323,2020-06-28,16,ok,,,,,3,2020-06,1616.6,75.1913,17.403,16.8,11,3.2086,-3.4,1.43497,0.157182,-0.197846
Charlotte County,12015,FL,188910,"standard, onset<2021-01-01, peak>=50% of max pre-2021 peak",7,False,2,True,1,2020-10-23,2021-01-05,2021-02-24,74,66.774,2020-10-23,2020-11-05,14,444,False,True,0.0310092,0.0229004,False,2.81903,True,2.86247,1.21706,0.160303,1.33029,0.258829,True,0.0206327,0.000995751,0.922639,1.14443,2020-11-29,38,ok,,,,,2,2020-10,274.3,64.7589,42.2768,16.9,9.8,2.43823,-3.4,1.21706,0.160303,-0.091326
Citrus County,12017,FL,149657,"standard, onset<2021-01-01, peak>=50% of max pre-2021 peak",7,False,1,False,0,2020-06-16,2020-07-22,2020-09-29,36,27.6823,2020-06-16,2020-06-29,14,134,False,True,0.0786901,0.025624,False,0.957921,False,0.944027,1.55083,0.179368,1.91694,0.340927,True,0.0686897,0.00493312,0.919387,1.48083,2020-07-04,19,ok,,,,,2,2020-06,264.4,47.451,37.2874,15.1,12.6,2.42226,-3.4,1.55083,0.179368,-0.0819858
Clay County,12019,FL,219252,"standard, onset<2021-01-01, peak>=50% of max pre-2021 peak",7,True,3,True,2,2020-10-14,2021-01-05,2021-02-21,83,98.191,2020-10-24,2020-11-06,14,534,False,True,0.0289915,0.0318469,False,6.56672,True,6.76879,1.20294,0.222929,1.30757,0.357248,True,0.0313915,0.00137717,0.945412,1.21974,2020-11-24,32,ok,,,,,3,2020-10,361,54.5259,16.9356,13.4,8.9,2.55751,-3.4,1.20294,0.222928,-0.10545
Collier County,12021,FL,384902,"standard, onset<2021-01-01, peak>=50% of max pre-2021 peak",7,True,3,True,1,2020-05-15,2020-07-15,2020-09-07,61,59.7184,2020-05-16,2020-05-29,14,539,False,True,0.0260459,0.0296425,False,5.75375,True,6.00197,1.18232,0.207498,1.27471,0.328852,True,0.036613,0.00213453,0.913102,1.25629,2020-06-14,30,ok,,,,,3,2020-05,188.2,84.3642,33.9801,17.9,10.1,2.27462,-3.4,1.18232,0.207498,-0.272934
Columbia County,12023,FL,71686,"standard, onset<2021-01-01, peak>=50% of max pre-2021 peak",7,True,2,False,0,2020-07-02,2020-07-22,2020-09-04,20,177.959,2020-07-03,2020-07-16,14,771,False,True,0.263904,0.0705519,False,22.1219,True,18.9204,2.84733,0.493864,5.1016,1.48752,True,0.172656,0.0342379,0.760694,2.20859,2020-07-12,10,ok,,,,,1,2020-07,87.4,51.6514,19.8714,14.5,15.6,1.94151,-3.4,2.84733,0.493863,1.70899
Duval County,12031,FL,957755,"standard, onset<2021-01-01, peak>=50% of max pre-2021 peak",7,True,2,False,0,2020-06-15,2020-07-13,2020-09-06,28,59.1264,2020-06-15,2020-06-28,14,3598,False,True,0.15431,0.0143089,False,6.83046,True,6.52069,2.08017,0.100163,3.04314,0.235826,True,0.146765,0.00681469,0.972736,2.02736,2020-06-29,15,ok,,,,,3,2020-06,1305.4,81.3607,14.9705,13.1,15.2,3.11574,-3.4,2.08017,0.100162,0.447353
Escambia County,12033,FL,318316,"standard, onset<2021-01-01, peak>=50% of max pre-2021 peak",7,True,3,True,1,2020-06-21,2020-07-15,2020-09-14,24,85.0458,2020-06-21,2020-07-04,14,1427,False,True,0.114944,0.0369764,False,20.4144,True,21.216,1.80461,0.258835,2.4269,0.548274,True,0.124398,0.00627192,0.972799,1.87078,2020-07-03,13,ok,,,,,3,2020-06,490,76.4201,17.3964,14.1,13.5,2.6902,-3.4,1.80461,0.258835,0.171791
Highlands County,12055,FL,106221,"standard, onset<2021-01-01, peak>=50% of max pre-2021 peak",7,True,3,False,0,2020-06-12,2020-07-22,2020-08-20,40,41.6921,2020-06-12,2020-06-25,14,119,False,True,0.0972241,0.0504579,False,3.3128,True,3.62939,1.68057,0.353205,2.17074,0.71062,True,0.0585716,0.00846595,0.715848,1.41,2020-07-02,21,ok,,,,,2,2020-06,99.5,59.268,36.4331,18.8,16.1,1.99782,-3.4,1.68057,0.353205,0.0477522
Hillsborough County,12057,FL,1471968,"standard, onset<2021-01-01, peak>=50% of max pre-2021 peak",7,True,2,False,0,2020-06-04,2020-07-10,2020-09-02,36,49.9914,2020-06-04,2020-06-17,14,1889,False,True,0.094507,0.0188752,False,7.40417,True,7.36966,1.66155,0.132126,2.13263,0.263673,True,0.0945433,0.00285277,0.984758,1.6618,2020-06-22,19,ok,,,,,3,2020-06,1428.5,84.6028,15.0146,12.7,11.9,3.15488,-3.4,1.66155,0.132126,0.0287325
Indian River County,12061,FL,159923,"standard, onset<2021-01-01, peak>=50% of max pre-2021 peak",7,True,2,True,1,2020-10-25,2021-01-05,2021-03-01,72,92.9912,2020-11-03,2020-11-16,14,535,False,True,0.032719,0.0124336,False,1.93224,False,1.92537,1.22903,0.0870351,1.34967,0.141422,True,0.00148216,0.00292526,0.0097774,1.01038,2020-11-30,28,ok,,,,,2,2020-10,317.8,64.4604,35.1303,17.4,8.7,2.50215,-3.4,1.22903,0.0870352,-0.0793574
Lake County,12069,FL,367118,"standard, onset<2021-01-01, peak>=50% of max pre-2021 peak",7,False,1,False,0,2020-03-18,2020-04-05,2020-04-20,18,2.64609,2020-03-18,2020-03-31,14,65,False,True,0.198042,0.0442981,False,0.56713,False,0.753391,2.38629,0.310087,3.80405,0.811443,True,0.221318,0.0266966,0.919706,2.54922,2020-03-27,8,ok,,,,,3,2020-03,403.5,60.4236,27.312,15.6,9.2,2.60584,-3.4,2.38629,0.310087,0.470666
Lee County,12071,FL,770577,"standard, onset<2021-01-01, peak>=50% of max pre-2021 peak",7,False,2,False,0,2020-06-03,2020-07-15,2020-09-07,42,65.7949,2020-06-07,2020-06-20,14,1303,False,True,0.126249,0.0298019,False,11.7326,True,12.2043,1.88375,0.208613,2.59721,0.456042,True,0.0687861,0.00941094,0.769532,1.4815,2020-06-24,18,ok,,,,,3,2020-06,974.2,68.8729,30.0898,19.3,10.5,2.98865,-3.4,1.88374,0.208613,0.250926
Leon County,12073,FL,293582,"standard, onset<2021-01-01, peak>=50% of max pre-2021 peak",7,True,3,True,1,2020-08-27,2020-09-06,2020-09-26,10,73.6713,2020-08-28,2020-09-06,10,1638,True,False,0.19213,0.0446563,False,22.5759,True,25.5252,2.34491,0.312594,3.69649,0.806915,False,,,,,2020-09-01,5,ok,,,,,3,2020-08,437.1,88.6385,14.5237,10.8,17.6,2.64058,-3.4,2.34491,0.312594,0.903753
Manatee County,12081,FL,403253,"standard, onset<2021-01-01, peak>=50% of max pre-2021 peak",7,True,2,True,1,2020-06-13,2020-07-14,2020-09-06,31,60.2599,2020-06-13,2020-06-26,14,1059,False,True,0.106988,0.0317229,False,11.3829,True,10.9916,1.74892,0.222061,2.31025,0.459776,True,0.0879844,0.00623075,0.934396,1.61589,2020-06-28,16,ok,,,,,3,2020-06,538.1,64.0464,29.326,15.7,10.9,2.73086,-3.4,1.74892,0.22206,0.116099
Marion County,12083,FL,365579,"standard, onset<2021-01-01, peak>=50% of max pre-2021 peak",7,True,2,False,0,2020-06-24,2020-07-29,2020-10-07,35,72.097,2020-06-24,2020-07-07,14,619,False,True,0.057539,0.0308193,False,6.91793,True,6.99113,1.40277,0.215735,1.64492,0.382672,True,0.0678191,0.00456459,0.932418,1.47473,2020-07-11,18,ok,,,,,3,2020-06,236.7,59.589,29.4984,15.9,15.3,2.3742,-3.4,1.40277,0.215735,-0.230044
Martin County,12085,FL,161000,"standard, onset<2021-01-01, peak>=50% of max pre-2021 peak",7,False,2,False,0,2020-08-14,2020-08-28,2020-09-01,14,34.8713,2020-08-14,2020-08-27,14,339,False,True,0.0642738,0.031346,False,3.88066,True,3.88644,1.44992,0.219422,1.72949,0.398079,True,0.0620601,0.00994456,0.866504,1.43442,2020-08-21,8,ok,,,,,2,2020-08,291.3,70.062,32.267,14.5,11.1,2.46434,-3.4,1.44992,0.219422,0.00875996
Miami-Dade County,12086,FL,2716940,"standard, onset<2021-01-01, peak>=50% of max pre-2021 peak",7,True,2,True,1,2020-06-15,2020-07-27,2020-09-04,42,109.619,2020-06-15,2020-06-28,14,11797,False,True,0.102267,0.0199565,False,50.7675,True,50.4783,1.71587,0.139696,2.24229,0.285282,True,0.0860378,0.00343206,0.969157,1.60226,2020-07-06,22,ok,,,,,3,2020-06,1422.1,81.6133,16.6169,17.6,15,3.15293,-3.4,1.71587,0.139696,0.0830525
Monroe County,12087,FL,74228,"standard, onset<2021-01-01, peak>=50% of max pre-2021 peak",7,True,2,False,0,2020-06-19,2020-07-21,2020-09-07,32,60.4316,2020-06-19,2020-07-02,14,150,False,True,0.134923,0.053505,False,4.24197,True,4.39497,1.94446,0.374535,2.73152,0.838251,True,0.10864,0.00596516,0.956734,1.76048,2020-07-05,17,ok,,,,,1,2020-06,84.3,65.1592,23.5357,17.4,10.2,1.92583,-3.4,1.94446,0.374535,0.311644
Nassau County,12089,FL,88625,"standard, onset<2021-01-01, peak>=50% of max pre-2021 peak",7,True,3,True,2,2020-11-07,2021-01-05,2021-02-24,59,127.342,2020-11-09,2020-11-22,14,321,False,True,0.0133609,0.0305235,False,3.65562,True,3.75803,1.09353,0.213665,1.13736,0.322364,True,0.0336792,0.00192409,0.921778,1.23575,2020-12-06,28,ok,,,,,2,2020-11,139.3,39.8442,24.1113,12.5,8.1,2.14395,-3.4,1.09353,0.213664,-0.233056
Okaloosa County,12091,FL,210738,"standard, onset<2021-01-01, peak>=50% of max pre-2021 peak",7,False,1,False,0,2020-06-15,2020-08-04,2020-09-19,50,42.4359,2020-06-18,2020-07-01,14,353,False,True,0.12085,0.0282566,False,2.90178,True,3.56918,1.84595,0.197796,2.5152,0.425988,True,0.0650623,0.0073123,0.790353,1.45544,2020-07-10,23,ok,,,,,3,2020-06,227.6,70.3933,16.4753,14.6,9.6,2.35717,-3.4,1.84595,0.197796,0.213133
Orange County,12095,FL,1393452,"standard, onset<2021-01-01, peak>=50% of max pre-2021 peak",7,False,2,False,0,2020-06-10,2020-07-14,2020-12-05,34,60.4972,2020-06-10,2020-06-23,14,3053,False,True,0.105315,0.0158782,False,8.2556,True,8.64418,1.7372,0.111147,2.28606,0.229015,True,0.121852,0.00330241,0.988384,1.85296,2020-06-27,18,ok,,,,,3,2020-06,1585.2,92.1038,12.7416,14.8,12.7,3.20008,-3.4,1.7372,0.111147,0.104388
Osceola County,12097,FL,375751,"standard, onset<2021-01-01, peak>=50% of max pre-2021 peak",7,True,3,True,1,2020-06-19,2020-07-19,2020-09-04,30,73.605,2020-06-19,2020-07-02,14,1423,False,True,0.136641,0.023258,False,7.56353,True,7.66363,1.95648,0.162806,2.75849,0.366055,True,0.107794,0.0106585,0.879603,1.75456,2020-07-04,16,ok,,,,,3,2020-06,292.8,42.7113,13.8773,14.7,11.8,2.46657,-3.4,1.95649,0.162806,0.32367
Palm Beach County,12099,FL,1496770,"standard, onset<2021-01-01, peak>=50% of max pre-2021 peak",7,False,2,False,0,2020-05-31,2020-07-15,2020-09-24,45,49.6116,2020-05-31,2020-06-13,14,2544,False,True,0.0216044,0.0250305,False,19.4138,True,19.6636,1.15123,0.175213,1.22585,0.273017,True,0.0339882,0.00224429,0.916117,1.23792,2020-06-22,23,ok,,,,,3,2020-05,759.7,80.6867,24.6359,18.1,12,2.88064,-3.4,1.15123,0.175213,-0.304025
Pinellas County,12103,FL,974996,"standard, onset<2021-01-01, peak>=50% of max pre-2021 peak",7,True,3,True,1,2020-06-06,2020-07-11,2020-08-22,35,39.8829,2020-06-06,2020-06-19,14,1675,False,True,0.137471,0.0138874,False,3.16597,True,3.0935,1.9623,0.0972118,2.77158,0.219057,True,0.103582,0.00396798,0.977059,1.72507,2020-06-23,18,ok,,,,,3,2020-06,3504.2,91.1264,25.7902,13.8,11.1,3.54459,-3.4,1.9623,0.0972118,0.32948
Polk County,12105,FL,724777,"standard, onset<2021-01-01, peak>=50% of max pre-2021 peak",7,True,2,False,0,2020-06-09,2020-07-12,2020-09-20,33,45.551,2020-06-09,2020-06-22,14,1019,False,True,0.12285,0.0241289,False,6.07371,True,6.11007,1.85995,0.168903,2.54543,0.365787,True,0.108711,0.00391098,0.980956,1.76098,2020-06-25,17,ok,,,,,3,2020-06,403.3,47.859,20.6253,16,14.4,2.60563,-3.4,1.85995,0.168902,0.227133
Putnam County,12107,FL,74521,"standard, onset<2021-01-01, peak>=50% of max pre-2021 peak",7,True,3,False,0,2020-06-15,2020-07-11,2020-08-27,26,51.5674,2020-06-15,2020-06-28,14,128,False,True,0.0777574,0.0261948,False,1.24233,False,1.24429,1.5443,0.183364,1.90454,0.347496,True,0.10498,0.00481542,0.975373,1.73486,2020-06-28,14,ok,,,,,1,2020-06,100.7,38.1882,23.9781,17.5,24.3,2.00303,-3.4,1.5443,0.183364,-0.0885147
St. Johns County,12109,FL,264672,"standard, onset<2021-01-01, peak>=50% of max pre-2021 peak",7,True,3,True,2,2020-10-27,2021-01-05,2021-02-17,70,104.064,2020-10-29,2020-11-11,14,783,False,True,-0.00255435,0.0198876,True,3.79341,True,3.8637,0.98212,0.139214,0.974594,0.196743,True,0.0248884,0.00159597,0.883716,1.17422,2020-12-01,34,ok,,,,,3,2020-10,455.2,101.673,21.9768,10.1,8.1,2.6582,-3.4,0.98212,0.139213,-0.326271
St. Lucie County,12111,FL,328297,"standard, onset<2021-01-01, peak>=50% of max pre-2021 peak",7,False,1,False,0,2020-06-05,2021-01-05,2021-03-06,214,73.1916,2020-06-06,2020-06-19,14,570,False,True,0.0537584,0.0428172,False,12.3584,True,12.5531,1.37631,0.299721,1.59827,0.524847,True,-0.00283415,0.00134574,0.0405287,0.980161,2020-09-20,107,ok,,,,,3,2020-06,575.9,35.2342,25.5083,18.1,13.8,2.76035,-3.4,1.37631,0.29972,-0.256508
Santa Rosa County,12113,FL,184313,"standard, onset<2021-01-01, peak>=50% of max pre-2021 peak",7,True,2,False,0,2020-06-25,2020-07-27,2020-08-20,32,87.7389,2020-06-25,2020-07-08,14,622,False,True,0.0606082,0.0525349,False,20.1106,True,21.5775,1.42426,0.367744,1.68322,0.659079,True,0.0648541,0.0114016,0.683244,1.45398,2020-07-11,17,ok,,,,,2,2020-06,185.7,59.5745,16.9277,14.3,9.4,2.26881,-3.4,1.42426,0.367744,-0.208559
Sarasota County,12115,FL,433742,"standard, onset<2021-01-01, peak>=50% of max pre-2021 peak",7,True,2,False,0,2020-06-16,2020-07-15,2020-08-22,29,46.9008,2020-06-16,2020-06-29,14,667,False,True,0.109102,0.0217638,False,3.3565,True,3.4964,1.76371,0.152347,2.34098,0.317366,True,0.0972053,0.00532,0.96252,1.68044,2020-06-30,15,ok,,,,,3,2020-06,780.6,81.3353,38.3389,15.8,8.7,2.89243,-3.4,1.76371,0.152347,0.130897
Seminole County,12117,FL,471826,"standard, onset<2021-01-01, peak>=50% of max pre-2021 peak",7,False,4,True,1,2020-06-09,2020-06-26,2020-09-25,17,33.7897,2020-06-09,2020-06-22,14,819,False,True,0.119137,0.0184425,False,2.88163,True,2.83486,1.83396,0.129097,2.48944,0.276707,True,0.138298,0.00750741,0.979789,1.96808,2020-06-17,9,ok,,,,,3,2020-06,1521.9,79.2174,16.3611,12.3,8,3.18239,-3.4,1.83396,0.129098,0.201142
Sumter County,12119,FL,132420,"standard, onset<2021-01-01, peak>=50% of max pre-2021 peak",7,False,2,True,1,2020-11-18,2021-01-05,2021-03-08,48,80.2641,2020-11-23,2020-12-06,14,424,False,True,0.0860704,0.0510267,False,12.3671,True,15.8284,1.60249,0.357187,2.01627,0.694727,True,0.0456833,0.00566282,0.783342,1.31978,2020-12-12,20,ok,,,,,2,2020-11,232.9,45.4714,60.8099,11.9,12.3,2.36717,-3.4,1.60249,0.357187,0.27591
Volusia County,12127,FL,553284,"standard, onset<2021-01-01, peak>=50% of max pre-2021 peak",7,True,2,False,0,2020-06-14,2020-07-16,2020-08-27,32,35.7089,2020-06-14,2020-06-27,14,831,False,True,0.117215,0.0107572,False,1.91986,False,1.89833,1.82051,0.0753001,2.46068,0.16053,True,0.113636,0.00459286,0.976082,1.79545,2020-06-30,17,ok,,,,,3,2020-06,502.6,68.8293,25.5274,15.1,11.6,2.70122,-3.4,1.82051,0.0753004,0.187688
Walton County,12131,FL,74071,"standard, onset<2021-01-01, peak>=50% of max pre-2021 peak",7,True,2,False,0,2020-06-18,2020-07-23,2020-08-27,35,51.3021,2020-06-26,2020-07-09,14,229,False,True,0.0726425,0.0194941,False,1.6824,False,1.93717,1.5085,0.136458,1.83724,0.254417,True,0.146493,0.0233447,0.831146,2.02545,2020-07-05,10,ok,,,,,1,2020-06,72.5,47.8056,21.3744,16.8,11.4,1.86034,-3.4,1.5085,0.136459,-0.124319
Barrow County,13013,GA,83240,"standard, onset<2021-01-01, peak>=50% of max pre-2021 peak",7,False,1,False,0,2020-11-12,2021-01-11,2021-03-03,60,121.679,2020-11-12,2020-11-25,14,318,False,True,0.0564277,0.0163355,False,1.57342,False,1.63022,1.39499,0.114349,1.63114,0.20207,True,0.0380983,0.00214641,0.915711,1.26669,2020-12-12,31,ok,,,,,1,2020-11,518.6,22.7531,13.3261,19.3,10.1,2.71483,0.2,1.39499,0.114348,0.0684112
Bibb County,13021,GA,153159,"standard, onset<2021-01-01, peak>=50% of max pre-2021 peak",7,True,3,True,2,2020-07-29,2020-08-21,2020-08-27,23,108.944,2020-08-03,2020-08-16,14,911,False,True,-0.00658734,0.0222864,True,5.53992,True,5.62312,0.953889,0.156005,0.935038,0.216698,True,0.0146912,0.00839452,0.379869,1.10284,2020-08-09,7,ok,,,,,2,2020-07,630.9,139.184,16.1491,13.6,28,2.79996,0.2,0.953889,0.156005,-0.184451
Bulloch County,13031,GA,79608,"standard, onset<2021-01-01, peak>=50% of max pre-2021 peak",7,True,2,False,0,2020-06-20,2020-08-30,2020-09-26,71,106.055,2020-06-20,2020-07-03,14,325,False,True,0.0765026,0.0164201,False,0.896769,False,0.919617,1.53552,0.114941,1.88793,0.216961,True,0.00127382,0.00337244,0.00417861,1.00892,2020-07-25,36,ok,,,,,1,2020-06,120,56.7208,12.322,18,20.7,2.07918,0.2,1.53552,0.114941,-0.0972983
Camden County,13039,GA,54666,"standard, onset<2021-01-01, peak>=50% of max pre-2021 peak",7,False,1,False,0,2020-06-13,2020-07-31,2020-10-20,48,47.3002,2020-06-13,2020-06-26,14,40,False,True,0.0286672,0.0670609,False,2.18157,True,2.76259,1.20067,0.469426,1.30393,0.751352,True,0.0886695,0.00984547,0.79434,1.62069,2020-07-07,23,ok,,,,,1,2020-06,86.9,27.3883,14.9631,14.7,9.4,1.93902,0.2,1.20067,0.469426,-0.432146
Carroll County,13045,GA,119992,"standard, onset<2021-01-01, peak>=50% of max pre-2021 peak",7,False,3,True,2,2020-06-27,2020-12-10,2021-03-01,166,42.6219,2020-06-27,2020-07-10,14,345,False,True,0.114206,0.0533809,False,10.3065,True,10.8853,1.79944,0.373666,2.41596,0.789859,True,-0.00815219,0.00128454,0.329388,0.942935,2020-09-18,84,ok,,,,,2,2020-06,238.7,52.0361,14.2562,16.6,16.8,2.37785,0.2,1.79944,0.373666,0.166625
Catoosa County,13047,GA,67580,"standard, onset<2021-01-01, peak>=50% of max pre-2021 peak",7,False,1,False,0,2020-05-09,2020-06-13,2020-07-03,35,16.6998,2020-05-09,2020-05-22,14,45,False,True,0.0448082,0.0810818,False,3.53636,True,4.34477,1.31366,0.567572,1.49025,0.963409,True,0.0706961,0.0142189,0.607078,1.49487,2020-05-26,18,ok,,,,,1,2020-05,418.5,57.4611,18.6631,14.1,10.1,2.6217,0.2,1.31366,0.567573,-0.141598
Chatham County,13051,GA,289430,"standard, onset<2021-01-01, peak>=50% of max pre-2021 peak",7,False,1,False,0,2020-03-25,2020-04-03,2020-06-05,9,4.49159,2020-03-25,2020-04-03,10,58,True,False,0.307546,0.105395,False,3.48875,True,3.52924,3.15282,0.737767,6.06174,2.41534,False,,,,,2020-03-29,5,ok,,,,,3,2020-03,681.8,93.1285,16.5911,15.3,15.6,2.83366,0.2,3.15282,0.737765,1.23719
Cherokee County,13057,GA,258773,"standard, onset<2021-01-01, peak>=50% of max pre-2021 peak",7,False,2,True,1,2020-11-06,2021-01-10,2021-03-01,65,83.1948,2020-11-08,2020-11-21,14,976,False,True,0.0370922,0.0296206,False,10.3152,True,11.2211,1.25965,0.207344,1.39981,0.342352,True,0.0125656,0.00282139,0.406167,1.08796,2020-12-08,31,ok,,,,,3,2020-11,633.2,42.3824,15.884,14,6.7,2.80154,0.2,1.25965,0.207344,-0.0669373
Clarke County,13059,GA,128331,"standard, onset<2021-01-01, peak>=50% of max pre-2021 peak",7,True,2,False,0,2020-06-24,2020-09-06,2020-09-28,74,106.867,2020-06-25,2020-07-08,14,392,False,True,0.0455721,0.0295297,False,4.0826,True,4.35954,1.319,0.206708,1.49933,0.351817,True,0.0138939,0.00254643,0.45963,1.09726,2020-07-31,37,ok,,,,,2,2020-06,1079.3,81.6035,12.0556,15.5,24.6,3.03314,0.2,1.319,0.206708,-0.313812
Clayton County,13063,GA,292256,"standard, onset<2021-01-01, peak>=50% of max pre-2021 peak",7,True,2,True,1,2020-12-01,2021-02-05,2021-03-01,66,83.0974,2020-12-01,2020-12-14,14,1551,False,True,0.0634721,0.0305243,False,16.857,True,16.9378,1.4443,0.21367,1.71932,0.386615,True,0.011016,0.00275951,0.332447,1.07711,2021-01-03,34,ok,,,,,3,2020-12,2100.9,25.202,10.4061,18.4,16.8,3.32241,0.2,1.4443,0.21367,0.293114
Cobb County,13067,GA,760141,"standard, onset<2021-01-01, peak>=50% of max pre-2021 peak",7,False,2,True,1,2020-11-11,2021-01-09,2021-03-01,59,75.9821,2020-11-11,2020-11-24,14,2283,False,True,0.0237073,0.0284946,False,22.5517,True,22.9024,1.16595,0.199462,1.24888,0.313318,True,0.025701,0.0034205,0.668471,1.17991,2020-12-10,30,ok,,,,,3,2020-11,2254.8,78.0527,13.3182,13.8,9.2,3.35311,0.2,1.16595,0.199462,-0.160632
Columbia County,13073,GA,156714,"standard, onset<2021-01-01, peak>=50% of max pre-2021 peak",7,False,1,False,0,2020-09-23,2021-01-11,2021-03-05,110,62.8989,2020-09-23,2020-10-06,14,238,False,True,0.00960746,0.0185306,False,0.559084,False,0.562729,1.06725,0.129714,1.09801,0.192783,True,0.0140906,0.00149148,0.623043,1.09863,2020-11-17,56,ok,,,,,2,2020-09,537.6,107.685,14.767,12.3,6.7,2.73046,0.2,1.06725,0.129714,-0.17326
Coweta County,13077,GA,148509,"standard, onset<2021-01-01, peak>=50% of max pre-2021 peak",7,False,2,True,1,2020-06-18,2020-08-16,2020-11-03,59,29.5316,2020-06-18,2020-07-01,14,178,False,True,0.048618,0.0635116,False,8.5457,True,10.1983,1.34033,0.444582,1.53582,0.764804,True,0.0246317,0.0051896,0.445851,1.17242,2020-07-17,30,ok,,,,,2,2020-06,331.4,46.525,15.2657,13.8,8.6,2.52035,0.2,1.34033,0.444581,-0.292491
DeKalb County,13089,GA,759297,"standard, onset<2021-01-01, peak>=50% of max pre-2021 peak",7,False,4,True,3,2020-10-19,2021-01-11,2021-05-01,84,62.7272,2020-10-19,2020-11-01,14,1403,False,True,-0.000203645,0.0240444,True,9.93624,True,10.0878,0.998574,0.168311,0.997964,0.240238,True,0.0151529,0.00164391,0.674511,1.10607,2020-11-30,43,ok,,,,,3,2020-10,2854.9,105.183,13.4609,14,15.8,3.45559,0.2,0.998574,0.168311,-0.309816
Dougherty County,13095,GA,87956,"standard, onset<2021-01-01, peak>=50% of max pre-2021 peak",7,True,4,False,0,2020-03-20,2020-04-10,2020-04-26,21,84.9451,2020-03-20,2020-04-02,14,501,False,True,0.129703,0.0468571,False,11.0393,True,10.9916,1.90792,0.328,2.65031,0.723827,True,0.167882,0.0131587,0.947605,2.17517,2020-03-30,11,ok,,,,,1,2020-03,261,76.932,16.6255,15.9,27.4,2.41664,0.2,1.90792,0.328,-0.00770703
Douglas County,13097,GA,146343,"standard, onset<2021-01-01, peak>=50% of max pre-2021 peak",7,False,1,False,0,2020-05-19,2020-08-07,2020-08-26,80,33.8735,2020-05-30,2020-06-12,14,110,False,True,0.020816,0.0507896,False,3.4576,True,3.67427,1.14571,0.355527,1.21726,0.5523,True,0.0489886,0.00409411,0.836426,1.34292,2020-06-28,30,ok,,,,,2,2020-05,720.7,43.6781,12.3505,16.8,11.5,2.85775,0.2,1.14571,0.355527,-0.309543
Effingham County,13103,GA,64296,"standard, onset<2021-01-01, peak>=50% of max pre-2021 peak",7,True,1,False,0,2020-06-20,2020-07-13,2020-08-14,23,32.4393,2020-06-21,2020-07-04,14,97,False,True,0.128843,0.0568472,False,3.15391,True,3.63786,1.9019,0.39793,2.63704,0.876095,True,0.0989531,0.0141722,0.844159,1.69267,2020-07-01,11,ok,,,,,1,2020-06,135.3,23.1592,12.5785,14.7,8.1,2.1313,0.2,1.9019,0.39793,0.269084
Floyd County,13115,GA,98498,"standard, onset<2021-01-01, peak>=50% of max pre-2021 peak",7,False,1,False,0,2020-08-31,2020-09-16,2020-10-07,16,41.7702,2020-09-07,2020-09-16,10,304,True,False,0.100136,0.0657256,False,10.3067,True,11.3418,1.70095,0.460079,2.21193,0.933678,False,,,,,2020-09-08,2,ok,,,,,2,2020-08,193.4,134.91,17.0768,19.3,18.4,2.28646,0.2,1.70095,0.460079,0.259795
Forsyth County,13117,GA,244252,"standard, onset<2021-01-01, peak>=50% of max pre-2021 peak",7,False,1,False,0,2020-06-24,2021-01-08,2021-03-01,198,83.4033,2020-06-28,2020-07-11,14,341,False,True,0.0379254,0.0332376,False,4.5344,True,5.36269,1.26548,0.232663,1.40946,0.385319,True,0.00197887,0.000829198,0.0571272,1.01385,2020-10-01,96,ok,,,,,3,2020-06,1118.7,40.9896,12.7963,10.1,5.1,3.04871,0.2,1.26548,0.232663,-0.367339
Fulton County,13121,GA,1063937,"standard, onset<2021-01-01, peak>=50% of max pre-2021 peak",7,False,2,True,1,2020-10-18,2021-01-10,2021-03-03,84,69.8215,2020-10-18,2020-10-31,14,1977,False,True,-0.00708289,0.0253714,True,15.5799,True,15.9517,0.95042,0.1776,0.930225,0.246166,True,0.0183822,0.00190846,0.693515,1.12868,2020-11-29,43,ok,,,,,3,2020-10,2025.3,112.12,12.3677,11,13,3.30649,0.2,0.95042,0.1776,-0.357971
Glynn County,13127,GA,85292,"standard, onset<2021-01-01, peak>=50% of max pre-2021 peak",7,True,2,False,0,2020-06-16,2020-07-02,2020-09-19,16,108.367,2020-06-16,2020-06-29,14,431,False,True,0.104526,0.0742845,False,25.5586,True,27.8425,1.73168,0.519992,2.2747,1.06896,True,0.142495,0.0209352,0.868737,1.99746,2020-06-24,9,ok,,,,,1,2020-06,201.4,52.0716,21.4724,18.3,15.5,2.30406,0.2,1.73168,0.519992,0.0988655
Gordon County,13129,GA,57963,"standard, onset<2021-01-01, peak>=50% of max pre-2021 peak",7,False,1,False,0,2020-05-28,2020-07-28,2020-09-08,61,52.4965,2020-05-28,2020-06-10,14,86,False,True,0.0819066,0.0544693,False,2.88221,True,2.91536,1.57335,0.381285,1.95995,0.732072,True,0.0213677,0.00285773,0.658453,1.14957,2020-06-27,31,ok,,,,,1,2020-05,161.4,46.9206,15.562,21.2,11.8,2.2079,0.2,1.57335,0.381285,0.118091
Gwinnett County,13135,GA,936250,"standard, onset<2021-01-01, peak>=50% of max pre-2021 peak",7,False,1,False,0,2020-11-11,2021-01-10,2021-02-27,60,93.9615,2020-11-11,2020-11-24,14,2986,False,True,0.00344481,0.0155875,False,8.88619,True,8.99923,1.02411,0.109112,1.0347,0.15813,True,0.0315846,0.00233782,0.862902,1.22109,2020-12-11,31,ok,,,,,3,2020-11,2221.8,66.4534,11.0996,15.6,10.4,3.3467,0.2,1.02411,0.109113,-0.302469
Hall County,13139,GA,204441,"standard, onset<2021-01-01, peak>=50% of max pre-2021 peak",7,True,3,True,2,2020-12-29,2021-01-11,2021-02-16,13,104.187,2020-12-31,2021-01-11,12,2222,True,True,0.0200831,0.0277293,False,17.096,True,17.2865,1.14058,0.194105,1.2093,0.300682,False,,,,,2021-01-04,5,ok,,,,,2,2020-12,516.9,61.0428,16.1828,20.5,12.7,2.71341,0.2,1.14058,0.194105,-0.0106095
Houston County,13153,GA,157863,"standard, onset<2021-01-01, peak>=50% of max pre-2021 peak",7,False,2,True,1,2020-10-07,2021-01-09,2021-03-09,94,67.6898,2020-10-07,2020-10-20,14,262,False,True,0.0306514,0.0177532,False,0.446994,False,0.447665,1.21456,0.124272,1.32624,0.200386,True,0.00549161,0.00169121,0.186474,1.03844,2020-11-23,48,ok,,,,,2,2020-10,435.1,53.7789,13.5614,12.9,10.8,2.63859,0.2,1.21456,0.124272,-0.0938306
Jackson County,13157,GA,72977,"standard, onset<2021-01-01, peak>=50% of max pre-2021 peak",7,False,2,True,1,2020-10-24,2021-01-11,2021-03-05,79,130.961,2020-10-24,2020-11-06,14,257,False,True,0.0574605,0.018184,False,0.893576,False,0.900036,1.40222,0.127288,1.64394,0.225724,True,0.0192396,0.00135279,0.841843,1.13468,2020-12-02,40,ok,,,,,1,2020-10,223.5,59.2831,15.1804,15.2,9.1,2.34928,0.2,1.40222,0.127288,0.0938331
Liberty County,13179,GA,61435,"standard, onset<2021-01-01, peak>=50% of max pre-2021 peak",7,False,2,False,0,2020-06-27,2020-07-20,2020-09-02,23,33.2523,2020-06-27,2020-07-10,14,92,False,True,0.110834,0.0320573,False,1.93032,False,2.41786,1.77584,0.224401,2.36631,0.4698,True,0.158632,0.0181557,0.884179,2.11042,2020-07-08,12,ok,,,,,1,2020-06,126.4,39.8431,10.2856,14.4,14.7,2.10175,0.2,1.77584,0.224401,0.143021
Lowndes County,13185,GA,117406,"standard, onset<2021-01-01, peak>=50% of max pre-2021 peak",7,False,1,False,0,2020-05-25,2020-07-07,2020-09-27,43,61.6907,2020-05-28,2020-06-10,14,253,False,True,0.110181,0.0464601,False,5.78592,True,6.34937,1.77126,0.325221,2.35674,0.6796,True,0.0838092,0.00639264,0.909995,1.58666,2020-06-15,19,ok,,,,,2,2020-05,237.8,56.6591,12.9555,16.5,20.3,2.37621,0.2,1.77127,0.325221,0.316012
Muscogee County,13215,GA,195769,"standard, onset<2021-01-01, peak>=50% of max pre-2021 peak",7,True,3,True,1,2020-06-01,2020-07-11,2020-09-28,40,55.6049,2020-06-01,2020-06-14,14,402,False,True,0.0299601,0.0340782,False,5.65653,True,5.84026,1.20972,0.238548,1.31845,0.383664,True,0.0106406,0.00675625,0.115472,1.07448,2020-06-21,21,ok,,,,,2,2020-06,955.8,102.937,14.0889,15.8,21.1,2.98037,0.2,1.20972,0.238547,-0.423096
Newton County,13217,GA,111744,"standard, onset<2021-01-01, peak>=50% of max pre-2021 peak",7,False,1,False,0,2020-06-13,2020-07-15,2020-09-08,32,34.262,2020-06-13,2020-06-26,14,147,False,True,0.0818576,0.0536119,False,4.77314,True,5.09418,1.573,0.375283,1.95929,0.720437,True,0.06162,0.00936043,0.74287,1.43134,2020-06-29,17,ok,,,,,2,2020-06,410.8,24.0036,13.5896,16.6,14.4,2.61363,0.2,1.573,0.375283,-0.0598133
Richmond County,13245,GA,202518,"standard, onset<2021-01-01, peak>=50% of max pre-2021 peak",7,True,3,True,1,2020-06-26,2020-07-30,2020-09-21,34,63.7686,2020-06-26,2020-07-09,14,654,False,True,0.0667176,0.0524192,False,20.8558,True,22.1001,1.46702,0.366935,1.76065,0.671078,True,0.0472501,0.0081724,0.676295,1.33075,2020-07-13,18,ok,,,,,2,2020-06,637,88.574,14.8901,16.5,25.5,2.80414,0.2,1.46702,0.366934,-0.165793
Rockdale County,13247,GA,90896,"standard, onset<2021-01-01, peak>=50% of max pre-2021 peak",7,False,2,True,1,2020-10-05,2021-01-10,2021-03-08,97,67.1097,2020-10-05,2020-10-18,14,129,False,True,0.0653464,0.0258165,False,1.85828,False,2.12115,1.45742,0.180716,1.74314,0.32902,True,0.012297,0.00164122,0.544303,1.08608,2020-11-22,49,ok,,,,,2,2020-10,720.8,70.5354,15.4398,15.9,12.7,2.85781,0.2,1.45742,0.180716,0.149034
Spalding County,13255,GA,66703,"standard, onset<2021-01-01, peak>=50% of max pre-2021 peak",7,False,1,False,0,2020-04-02,2020-04-28,2020-04-30,26,14.9918,2020-04-02,2020-04-15,14,79,False,True,0.00361683,0.0660225,False,4.21772,True,4.97084,1.02532,0.462158,1.03644,0.670254,True,0.0604979,0.0189724,0.458679,1.42349,2020-04-15,14,ok,,,,,1,2020-04,343.5,41.601,18.9151,16.9,17.9,2.53593,0.2,1.02532,0.462157,-0.390897
Troup County,13285,GA,69922,"standard, onset<2021-01-01, peak>=50% of max pre-2021 peak",7,True,2,False,0,2020-05-19,2020-06-21,2020-08-29,33,77.4332,2020-05-19,2020-06-01,14,118,False,True,-3.91354e-15,0.0263021,True,1.22771,False,1.37006,1,0.184115,1,0.263021,True,0.060135,0.00694339,0.83335,1.42095,2020-06-04,17,ok,,,,,1,2020-05,167.7,50.4134,15.4812,16.4,16.4,2.22453,0.2,1,0.184115,-0.455255
Walker County,13295,GA,69761,"standard, onset<2021-01-01, peak>=50% of max pre-2021 peak",7,False,3,True,2,2020-10-11,2021-01-09,2021-03-02,90,91.9466,2020-10-11,2020-10-24,14,170,False,True,0.0337698,0.0566076,False,6.58084,True,7.64328,1.23639,0.396253,1.36165,0.646364,True,0.0230328,0.00140616,0.85911,1.16123,2020-11-25,46,ok,,,,,1,2020-10,151.6,19.2154,19.3159,17,14.1,2.1807,0.2,1.23639,0.396253,-0.0720018
Walton County,13297,GA,94593,"standard, onset<2021-01-01, peak>=50% of max pre-2021 peak",7,True,4,True,3,2020-11-12,2021-01-01,2021-03-14,50,98.3159,2020-11-13,2020-11-26,14,275,False,True,0.0365619,0.0265588,False,2.33772,True,2.48638,1.25593,0.185912,1.39369,0.306372,True,0.044754,0.00161639,0.970871,1.31328,2020-12-07,25,ok,,,,,2,2020-11,295.8,24.826,16.5279,15.3,11.4,2.471,0.2,1.25593,0.185912,-0.0706494
Whitfield County,13313,GA,104628,"standard, onset<2021-01-01, peak>=50% of max pre-2021 peak",7,True,2,False,0,2020-05-19,2020-07-29,2020-09-24,71,77.0075,2020-05-19,2020-06-01,14,203,False,True,0.018322,0.0526077,False,6.85404,True,7.37656,1.12825,0.368254,1.19027,0.56656,True,0.0234124,0.00197265,0.805561,1.16389,2020-06-23,36,ok,,,,,2,2020-05,354.2,53.4687,14.5085,24.3,13,2.54925,0.2,1.12825,0.368254,-0.327001
Hawaii County,15001,HI,201513,"standard, onset<2021-01-01, peak>=50% of max pre-2021 peak",7,False,2,False,0,2020-08-11,2020-09-01,2020-09-26,21,13.4695,2020-08-12,2020-08-25,14,87,False,True,0.182153,0.0370707,False,1.05961,False,1.12229,2.27507,0.259495,3.5183,0.654312,True,0.15559,0.0146796,0.933522,2.08913,2020-08-21,10,ok,,,,,2,2020-08,49.8,77.7555,22.9513,5.5,12.2,1.69723,29.5,2.27507,0.259495,0.833914
Honolulu County,15003,HI,974563,"standard, onset<2021-01-01, peak>=50% of max pre-2021 peak",7,False,1,False,0,2020-03-16,2020-04-01,2020-04-18,16,2.31606,2020-03-16,2020-03-29,14,119,False,True,0.113686,0.0282923,False,1.4899,False,1.49948,1.7958,0.198046,2.40827,0.418013,True,0.151785,0.0218824,0.87299,2.06249,2020-03-24,9,ok,,,,,3,2020-03,1692.4,91.6864,18.4883,4.3,8,3.2285,29.5,1.7958,0.198046,-0.119826
Maui County,15009,HI,167417,"standard, onset<2021-01-01, peak>=50% of max pre-2021 peak",7,False,3,True,1,2020-07-25,2020-08-16,2020-09-10,22,6.05844,2020-08-04,2020-08-16,13,49,True,True,0.22992,0.0553283,False,0.837039,False,0.982478,2.60944,0.387298,4.40932,1.08757,False,,,,,2020-08-05,2,ok,,,,,2,2020-07,141.8,83.1543,19.7416,5.8,9.5,2.15168,29.5,2.60944,0.387298,1.4711
Ada County,16001,ID,481587,"standard, onset<2021-01-01, peak>=50% of max pre-2021 peak",7,True,2,True,1,2020-09-25,2020-12-27,2021-02-13,93,114.413,2020-09-26,2020-10-09,14,1415,False,True,0.0232719,0.0340686,False,19.9858,True,26.0069,1.1629,0.23848,1.24409,0.373985,True,0.0280614,0.00174923,0.853991,1.19643,2020-11-10,46,ok,,,,,3,2020-09,470.5,91.7233,16.1003,7.2,7.7,2.67256,-30.8,1.1629,0.23848,-0.077609
Bannock County,16005,ID,87808,"standard, onset<2021-01-01, peak>=50% of max pre-2021 peak",7,False,2,False,0,2020-09-14,2020-10-19,2020-11-11,35,91.7586,2020-09-24,2020-10-07,14,404,False,True,0.0859537,0.0557291,False,14.059,True,16.7345,1.60168,0.390103,2.01469,0.758475,True,0.143892,0.0247029,0.849735,2.00725,2020-10-01,8,ok,,,,,1,2020-09,78.2,74.6972,15.3348,10.2,12.2,1.89321,-30.8,1.60168,0.390104,0.361164
Bonneville County,16019,ID,119062,"standard, onset<2021-01-01, peak>=50% of max pre-2021 peak",7,False,1,False,0,2020-07-17,2020-12-10,2021-02-15,146,119.986,2020-07-18,2020-07-31,14,423,False,True,0.0169059,0.043987,False,9.99093,True,11.2241,1.11834,0.307909,1.17506,0.471103,True,0.00218666,0.000899374,0.0768584,1.01531,2020-09-28,73,ok,,,,,2,2020-07,66.4,39.5276,13.9678,10.3,9.7,1.82217,-30.8,1.11834,0.307909,-0.0199981
Canyon County,16027,ID,229849,"standard, onset<2021-01-01, peak>=50% of max pre-2021 peak",7,True,1,False,0,2020-06-20,2020-07-18,2020-09-14,28,75.329,2020-06-20,2020-07-03,14,689,False,True,0.0813317,0.025472,False,5.05538,True,5.14147,1.56932,0.178304,1.95223,0.34173,True,0.107137,0.00642889,0.955284,1.74996,2020-07-04,15,ok,,,,,3,2020-06,393.7,32.8855,14.94,13.5,10.6,2.59517,-30.8,1.56932,0.178304,-0.0634946
Kootenai County,16055,ID,165697,"standard, onset<2021-01-01, peak>=50% of max pre-2021 peak",7,True,2,True,1,2020-10-11,2020-12-07,2021-02-11,57,142.86,2020-10-11,2020-10-24,14,903,False,True,0.0733971,0.037928,False,14.9071,True,19.677,1.51378,0.265496,1.8471,0.496199,True,0.0307309,0.00351731,0.738717,1.21512,2020-11-08,29,ok,,,,,2,2020-10,138.4,84.0326,20.4281,11.1,8.6,2.14114,-30.8,1.51378,0.265496,0.205389
Twin Falls County,16083,ID,86878,"standard, onset<2021-01-01, peak>=50% of max pre-2021 peak",7,False,3,True,1,2020-09-16,2020-11-08,2020-12-23,53,128.094,2020-09-16,2020-09-29,14,338,False,True,0.0186231,0.0440582,False,8.00317,True,10.2873,1.13036,0.308407,1.19351,0.475043,True,0.0402278,0.00228058,0.925627,1.28159,2020-10-12,27,ok,,,,,1,2020-09,46.9,66.6326,16.4471,13.1,11.1,1.67117,-30.8,1.13036,0.308407,-0.110151
Adams County,17001,IL,65435,"standard, onset<2021-01-01, peak>=50% of max pre-2021 peak",7,True,2,False,0,2020-09-15,2020-11-14,2020-12-04,60,188.846,2020-09-16,2020-09-29,14,281,False,True,0.0461522,0.027109,False,2.46483,True,2.52517,1.32307,0.189763,1.50625,0.323638,True,0.01195,0.00357636,0.285074,1.08365,2020-10-15,30,ok,,,,,1,2020-09,76.9,103.443,20.4801,6.2,10.7,1.88593,17,1.32307,0.189763,0.0825531
Boone County,17007,IL,53544,"standard, onset<2021-01-01, peak>=50% of max pre-2021 peak",7,False,2,True,1,2020-09-17,2020-11-14,2021-02-08,58,140.339,2020-09-18,2020-10-01,14,161,False,True,-0.00887597,0.0438968,True,3.79672,True,4.69053,0.937868,0.307277,0.912895,0.422603,True,0.0468362,0.00399434,0.835857,1.32785,2020-10-16,29,ok,,,,,1,2020-09,190.4,52.3874,16.5076,8.3,6.8,2.27967,17,0.937868,0.307278,-0.302644
Champaign County,17019,IL,209689,"standard, onset<2021-01-01, peak>=50% of max pre-2021 peak",7,True,5,True,3,2020-08-20,2020-09-06,2020-09-15,17,79.778,2020-08-20,2020-09-02,14,730,False,True,0.00391414,0.030676,False,8.41345,True,8.58411,1.0274,0.214732,1.03946,0.311803,True,0.0541351,0.0127317,0.720886,1.37895,2020-08-28,9,ok,,,,,3,2020-08,206.7,104.437,13.7338,7.6,15.1,2.31534,17,1.0274,0.214732,-0.413758
Coles County,17029,IL,50621,"standard, onset<2021-01-01, peak>=50% of max pre-2021 peak",7,False,2,True,1,2020-10-14,2020-11-13,2020-12-07,30,101.878,2020-10-14,2020-10-27,14,309,False,True,0.0343767,0.0310449,False,3.59586,True,3.74858,1.24064,0.217314,1.36858,0.355272,True,0.0526404,0.00673168,0.813704,1.36848,2020-10-29,16,ok,,,,,1,2020-10,92.2,78.9535,17.7347,8.1,17.5,1.96473,17,1.24064,0.217314,-0.0677535
Cook County,17031,IL,5150233,"standard, onset<2021-01-01, peak>=50% of max pre-2021 peak",7,True,2,False,0,2020-03-25,2020-04-08,2020-06-08,14,53.7978,2020-03-25,2020-04-07,14,8315,False,True,0.0596437,0.0326784,False,104.167,True,105.135,1.41751,0.228749,1.67114,0.408644,True,0.110671,0.00914355,0.960656,1.7747,2020-04-01,8,ok,,,,,3,2020-03,5583,89.8676,15.3005,10.3,12.9,3.74687,17,1.41751,0.228749,-0.498122
DeKalb County,17037,IL,104897,"standard, onset<2021-01-01, peak>=50% of max pre-2021 peak",7,False,2,True,1,2020-09-17,2020-11-10,2021-02-05,54,96.1487,2020-09-20,2020-10-03,14,283,False,True,-0.00302889,0.03298,True,3.77029,True,3.93155,0.978798,0.23086,0.969904,0.325604,True,0.0128763,0.00201318,0.640114,1.09013,2020-10-14,25,ok,,,,,2,2020-09,159.1,26.8871,13.2812,7.4,10.8,2.20167,17,0.978798,0.23086,-0.261714
DuPage County,17043,IL,922921,"standard, onset<2021-01-01, peak>=50% of max pre-2021 peak",7,True,1,False,0,2020-03-26,2020-04-08,2020-06-21,13,23.3111,2020-03-26,2020-04-08,14,744,False,True,0.087928,0.0388186,False,12.5109,True,15.017,1.6155,0.27173,2.04164,0.531542,True,0.0962909,0.013411,0.911587,1.67404,2020-04-01,7,ok,,,,,3,2020-03,2845.9,133.78,16.653,5.9,5.9,3.45422,17,1.6155,0.27173,-0.300132
Grundy County,17063,IL,51054,"standard, onset<2021-01-01, peak>=50% of max pre-2021 peak",7,True,1,False,0,2020-10-13,2020-11-14,2021-03-17,32,142.426,2020-10-13,2020-10-26,14,191,False,True,0.013473,0.0334131,False,2.60638,True,2.68955,1.09431,0.233892,1.13854,0.353038,True,0.044846,0.00438793,0.874429,1.31392,2020-10-29,17,ok,,,,,1,2020-10,125.6,32.3606,14.9525,6,5.9,2.09899,17,1.09431,0.233892,-0.214079
Jackson County,17077,IL,56750,"standard, onset<2021-01-01, peak>=50% of max pre-2021 peak",7,True,4,True,3,2020-10-08,2020-11-09,2021-02-13,32,79.0434,2020-10-10,2020-10-23,14,178,False,True,0.0387593,0.0216125,False,1.79944,False,1.87728,1.27132,0.151288,1.41914,0.251308,True,0.0543743,0.00414007,0.929917,1.38062,2020-10-24,15,ok,,,,,1,2020-10,90.8,160.456,16.5572,9,17.2,1.95809,17,1.27132,0.151287,-0.0370753
Kane County,17089,IL,532403,"standard, onset<2021-01-01, peak>=50% of max pre-2021 peak",7,True,2,True,1,2020-10-08,2020-11-08,2021-02-09,31,109.987,2020-10-08,2020-10-21,14,2046,False,True,0.0627112,0.010456,False,2.61224,True,2.62319,1.43898,0.0731917,1.7097,0.132099,True,0.0558527,0.00348204,0.948394,1.39097,2020-10-23,16,ok,,,,,3,2020-10,994.5,39.8821,14.8356,10.6,7.3,2.9976,17,1.43898,0.073192,0.130588
Kankakee County,17091,IL,109862,"standard, onset<2021-01-01, peak>=50% of max pre-2021 peak",7,True,3,True,2,2020-10-21,2020-11-13,2020-12-28,23,206.883,2020-10-22,2020-11-04,14,892,False,True,0.110963,0.0193575,False,3.53407,True,3.5502,1.77674,0.135502,2.3682,0.283789,True,0.101973,0.00624605,0.967337,1.71381,2020-11-01,11,ok,,,,,2,2020-10,158.9,34.418,17.1327,8.2,13.6,2.20112,17,1.77674,0.135502,0.468351
Kendall County,17093,IL,128990,"standard, onset<2021-01-01, peak>=50% of max pre-2021 peak",7,True,2,True,1,2020-10-07,2020-11-10,2020-12-24,34,108.868,2020-10-08,2020-10-21,14,366,False,True,0.0361003,0.0379171,False,6.34413,True,6.65119,1.2527,0.26542,1.38837,0.436661,True,0.0332155,0.00264943,0.912878,1.23251,2020-10-24,17,ok,,,,,2,2020-10,411.8,30.3331,11.1702,5.5,3.9,2.61469,17,1.2527,0.26542,-0.0556883
Lake County,17097,IL,696535,"standard, onset<2021-01-01, peak>=50% of max pre-2021 peak",7,True,2,True,1,2020-10-13,2020-11-14,2021-02-08,32,93.6062,2020-10-13,2020-10-26,14,2449,False,True,0.0103878,0.0245757,False,18.0951,True,18.328,1.07271,0.17203,1.10614,0.256479,True,0.0326452,0.00446824,0.780633,1.22852,2020-10-29,17,ok,,,,,3,2020-10,1610.3,105.972,15.3026,7.2,7,3.20691,17,1.07271,0.17203,-0.235676
LaSalle County,17099,IL,108669,"standard, onset<2021-01-01, peak>=50% of max pre-2021 peak",7,True,2,True,1,2020-10-19,2020-11-11,2020-12-20,23,140.532,2020-10-19,2020-11-01,14,619,False,True,0.0546614,0.0271147,False,5.3757,True,5.40533,1.38263,0.189803,1.60936,0.333396,True,0.0587873,0.004062,0.954432,1.41151,2020-10-30,12,ok,,,,,2,2020-10,96.6,37.389,19.4605,7.1,11.4,1.98498,17,1.38263,0.189803,0.0742394
McHenry County,17111,IL,307774,"standard, onset<2021-01-01, peak>=50% of max pre-2021 peak",7,True,2,True,1,2020-10-13,2020-11-08,2021-02-12,26,109.31,2020-10-13,2020-10-26,14,1313,False,True,0.0680634,0.0201434,False,6.16947,True,6.13416,1.47644,0.141003,1.77792,0.259017,True,0.062396,0.0027779,0.976768,1.43677,2020-10-26,14,ok,,,,,3,2020-10,514.1,45.128,15.8986,6.3,6.3,2.71105,17,1.47644,0.141004,0.168053
McLean County,17113,IL,171517,"standard, onset<2021-01-01, peak>=50% of max pre-2021 peak",7,True,4,True,2,2020-08-12,2020-09-02,2020-09-26,21,89.6204,2020-08-12,2020-08-25,14,518,False,True,0.109919,0.0358678,False,7.06519,True,7.21153,1.76943,0.251075,2.35291,0.524265,True,0.121383,0.00681779,0.972391,1.84968,2020-08-22,11,ok,,,,,2,2020-08,144.5,61.42,14.191,5.4,10.7,2.15987,17,1.76943,0.251075,0.328276
Macon County,17115,IL,104009,"standard, onset<2021-01-01, peak>=50% of max pre-2021 peak",7,False,1,False,0,2020-04-07,2020-04-21,2020-05-20,14,7.27959,2020-04-07,2020-04-20,14,60,False,True,-0.156945,0.0425918,True,1.13333,False,1.06197,-0.0986123,0.298142,-0.0521823,0.145167,True,0.110105,0.056073,0.391217,1.77073,2020-04-14,8,ok,,,,,2,2020-04,179.1,87.5017,20.4667,6.3,12.8,2.2531,17,-0.098615,0.298143,-1.51483
Madison County,17119,IL,262966,"standard, onset<2021-01-01, peak>=50% of max pre-2021 peak",7,True,2,True,1,2020-07-11,2020-11-13,2021-02-14,125,103.598,2020-07-11,2020-07-24,14,561,False,True,0.000509295,0.0291316,False,5.83212,True,6.11585,1.00357,0.203921,1.0051,0.291939,True,0.0091876,0.000983612,0.588528,1.06431,2020-09-11,63,ok,,,,,3,2020-07,371.6,47.3935,18.0133,6.2,11,2.57008,17,1.00357,0.203921,-0.134774
Ogle County,17141,IL,50643,"standard, onset<2021-01-01, peak>=50% of max pre-2021 peak",7,False,1,False,0,2020-09-01,2020-11-13,2021-01-29,73,119.041,2020-09-08,2020-09-21,14,110,False,True,0.020816,0.0494479,False,3.27734,True,3.61343,1.14571,0.346136,1.21726,0.53771,True,0.0332241,0.00230497,0.881239,1.23257,2020-10-07,30,ok,,,,,1,2020-09,68.3,55.9975,19.2284,6.9,8.3,1.83442,17,1.14571,0.346135,-0.0948003
Rock Island County,17161,IL,141879,"standard, onset<2021-01-01, peak>=50% of max pre-2021 peak",7,True,2,True,1,2020-10-12,2020-11-13,2021-02-22,32,129.99,2020-10-12,2020-10-25,14,643,False,True,0.0379917,0.0181349,False,2.54518,True,2.56503,1.26594,0.126944,1.41023,0.210285,True,0.0508782,0.00298234,0.950987,1.35615,2020-10-28,17,ok,,,,,2,2020-10,338.4,48.3853,19.9368,7.8,13.5,2.52943,17,1.26594,0.126944,-0.0424485
St. Clair County,17163,IL,259686,"standard, onset<2021-01-01, peak>=50% of max pre-2021 peak",7,False,1,False,0,2020-03-22,2020-04-11,2020-05-14,20,14.7431,2020-03-22,2020-04-04,14,77,False,True,0.202726,0.084646,False,4.24034,True,4.19612,2.41908,0.592522,3.89032,1.56718,True,0.193609,0.0234608,0.894879,2.35526,2020-04-01,10,ok,,,,,3,2020-03,391.4,58.2751,16.7207,6.9,13.8,2.59262,17,2.41908,0.592522,0.503454
Sangamon County,17167,IL,194672,"standard, onset<2021-01-01, peak>=50% of max pre-2021 peak",7,True,2,True,1,2020-09-25,2020-11-10,2020-12-28,46,125.266,2020-09-26,2020-10-09,14,476,False,True,0.065974,0.0134464,False,1.66597,False,1.67283,1.46182,0.0941246,1.75114,0.171722,True,0.0508707,0.00197009,0.969466,1.35609,2020-10-18,23,ok,,,,,2,2020-09,226.1,119.689,18.6408,5.6,12.8,2.3543,17,1.46182,0.0941248,0.221306
Tazewell County,17179,IL,131803,"standard, onset<2021-01-01, peak>=50% of max pre-2021 peak",7,False,1,False,0,2020-08-02,2020-11-21,2021-02-10,111,126.921,2020-09-10,2020-09-23,14,356,False,True,0.0128497,0.0217583,False,2.06043,True,2.08031,1.08995,0.152308,1.13196,0.229326,True,0.029078,0.00491295,0.700181,1.20355,2020-09-26,17,ok,,,,,2,2020-08,203.2,42.6365,19.3806,5.7,7.6,2.30792,17,1.08995,0.152308,-0.351209
Vermilion County,17183,IL,75758,"standard, onset<2021-01-01, peak>=50% of max pre-2021 peak",7,False,1,False,0,2020-06-27,2020-07-21,2020-08-17,24,11.3142,2020-07-07,2020-07-20,14,51,False,True,0.20157,0.0503843,False,1.18941,False,1.57459,2.41099,0.35269,3.86893,0.930392,False,,,,,2020-07-09,3,ok,,,,,1,2020-06,82.6,35.0461,19.7296,6.7,18.6,1.91698,17,2.41099,0.35269,0.778173
Whiteside County,17195,IL,55175,"standard, onset<2021-01-01, peak>=50% of max pre-2021 peak",7,True,1,False,0,2020-09-30,2020-11-10,2020-12-27,41,184.349,2020-10-08,2020-10-21,14,329,False,True,0.0644678,0.0396221,False,6.01564,True,6.33048,1.45127,0.277355,1.73196,0.503504,True,0.0579219,0.00910283,0.78636,1.40545,2020-10-20,13,ok,,,,,1,2020-09,81.4,50.2774,21.508,7.6,9.1,1.91062,17,1.45127,0.277355,0.210762
Will County,17197,IL,690743,"standard, onset<2021-01-01, peak>=50% of max pre-2021 peak",7,True,3,True,2,2020-10-13,2020-11-16,2021-02-08,34,111.805,2020-10-14,2020-10-27,14,3041,False,True,0.0340781,0.0231031,False,19.6033,True,19.7198,1.23855,0.161722,1.36517,0.264098,True,0.0440002,0.00212566,0.966176,1.308,2020-10-30,17,ok,,,,,3,2020-10,833.1,54.1391,14.0641,6.9,7.2,2.9207,17,1.23855,0.161722,-0.0698437
Williamson County,17199,IL,66597,"standard, onset<2021-01-01, peak>=50% of max pre-2021 peak",7,False,2,True,1,2020-10-03,2020-11-11,2021-02-07,39,98.6745,2020-10-03,2020-10-16,14,202,False,True,0.0937489,0.0482407,False,5.18051,True,6.12341,1.65624,0.337685,2.12206,0.672352,True,0.0597834,0.00298885,0.956947,1.41848,2020-10-22,20,ok,,,,,1,2020-10,159.8,78.9242,19.6626,6.3,13.9,2.20358,17,1.65624,0.337685,0.347852
Winnebago County,17201,IL,282572,"standard, onset<2021-01-01, peak>=50% of max pre-2021 peak",7,False,1,False,0,2020-09-01,2020-11-08,2021-02-16,68,113.245,2020-09-01,2020-09-14,14,595,False,True,0.00624349,0.0273113,False,5.43414,True,5.62379,1.0437,0.191179,1.06325,0.280275,True,0.0427125,0.00159539,0.955986,1.29899,2020-10-05,35,ok,,,,,3,2020-09,556.2,69.7389,18.1535,8.5,14.6,2.74523,17,1.0437,0.191179,-0.196808
Allen County,18003,IN,379299,"standard, onset<2021-01-01, peak>=50% of max pre-2021 peak",7,True,3,True,1,2020-10-13,2020-11-17,2020-12-25,35,115.288,2020-10-13,2020-10-26,14,1490,False,True,0.0335182,0.0131133,False,3.09587,True,3.10252,1.23463,0.0917931,1.35878,0.149593,True,0.0379919,0.00167199,0.969943,1.26594,2020-10-30,18,ok,,,,,3,2020-10,586.4,74.4662,15.3195,9.2,11.4,2.76819,-16.1,1.23463,0.0917931,-0.073763
Bartholomew County,18005,IN,83779,"standard, onset<2021-01-01, peak>=50% of max pre-2021 peak",7,True,3,True,2,2020-10-11,2020-11-18,2021-03-05,38,106.743,2020-10-13,2020-10-26,14,186,False,True,-1.86517e-14,0.0209496,True,1.0846,False,1.40721,1,0.146647,1,0.209496,True,0.0270673,0.00373594,0.766394,1.18947,2020-10-30,18,ok,,,,,1,2020-10,202,79.0677,16.6237,8.8,9.1,2.30535,-16.1,1,0.146647,-0.30839
Clark County,18019,IN,118302,"standard, onset<2021-01-01, peak>=50% of max pre-2021 peak",7,False,1,False,0,2020-03-24,2020-04-28,2020-05-13,35,13.1624,2020-03-24,2020-04-06,14,66,False,True,0.099021,0.0373023,False,1.95431,False,2.53779,1.69315,0.261116,2.19612,0.528159,True,0.0813956,0.0138616,0.683048,1.56977,2020-04-10,18,ok,,,,,2,2020-03,324.8,38.8131,16.5038,9,8.6,2.51162,-16.1,1.69315,0.261116,-0.222481
Delaware County,18035,IN,114135,"standard, onset<2021-01-01, peak>=50% of max pre-2021 peak",7,False,3,True,1,2020-07-22,2020-09-01,2020-09-24,41,55.6985,2020-07-23,2020-08-05,14,147,False,True,0.0490676,0.0239137,False,0.54669,False,0.541294,1.34347,0.167396,1.54124,0.288419,True,0.0309566,0.00510604,0.671274,1.2167,2020-08-11,20,ok,,,,,2,2020-07,285.4,114.385,17.2364,8.5,19.4,2.45545,-16.1,1.34347,0.167396,0.205134
Elkhart County,18039,IN,206341,"standard, onset<2021-01-01, peak>=50% of max pre-2021 peak",7,False,1,False,0,2020-09-09,2020-11-15,2021-01-26,67,162.076,2020-09-09,2020-09-22,14,580,False,True,0.00689789,0.0283061,False,5.68944,True,5.80499,1.04829,0.198142,1.06998,0.291261,True,0.0263547,0.00238594,0.792222,1.18448,2020-10-12,34,ok,,,,,2,2020-09,447,48.7812,15.2429,16.6,9.8,2.65031,-16.1,1.04829,0.198143,-0.192227
Floyd County,18043,IN,78522,"standard, onset<2021-01-01, peak>=50% of max pre-2021 peak",7,False,1,False,0,2020-03-26,2020-05-15,2020-05-19,50,12.5534,2020-03-26,2020-04-08,14,71,False,True,0.188186,0.0415328,False,1.61711,False,1.84694,2.3173,0.29073,3.62555,0.743596,True,0.0268618,0.0110355,0.197993,1.18803,2020-04-20,26,ok,,,,,1,2020-03,542.1,55.9117,16.8841,7.4,11.5,2.73408,-16.1,2.3173,0.29073,0.401674
Grant County,18053,IN,65769,"standard, onset<2021-01-01, peak>=50% of max pre-2021 peak",7,False,3,True,2,2020-08-21,2020-08-27,2020-09-24,6,79.7162,2020-08-21,2020-08-27,7,364,True,False,0.474543,0.39655,False,140.528,True,125.687,4.3218,2.77585,10.4745,11.8691,False,,,,,2020-08-24,4,ok,,,,,1,2020-08,161,41.9954,19.4649,8.3,16.7,2.20683,-16.1,4.3218,2.77585,2.88064
Hancock County,18059,IN,78168,"standard, onset<2021-01-01, peak>=50% of max pre-2021 peak",7,False,1,False,0,2020-03-24,2020-04-07,2020-05-27,14,12.4274,2020-03-24,2020-04-06,14,69,False,True,0.099021,0.0364824,False,1.1658,False,1.38549,1.69315,0.255377,2.19612,0.51655,True,0.0951723,0.0199412,0.791508,1.66621,2020-03-31,8,ok,,,,,1,2020-03,261,85.1703,17.118,6.7,5.1,2.41664,-16.1,1.69315,0.255377,-0.222481
Hendricks County,18063,IN,170311,"standard, onset<2021-01-01, peak>=50% of max pre-2021 peak",7,False,1,False,0,2020-03-23,2020-05-04,2020-05-24,42,18.9569,2020-03-24,2020-04-06,14,184,False,True,0.156945,0.0465686,False,3.66608,True,4.61118,2.09861,0.32598,3.08671,0.772651,True,0.0748561,0.0129979,0.635787,1.52399,2020-04-13,21,ok,,,,,2,2020-03,429.6,49.7746,14.9072,6.3,5.2,2.63306,-16.1,2.09862,0.32598,0.182987
Howard County,18067,IN,82544,"standard, onset<2021-01-01, peak>=50% of max pre-2021 peak",7,True,2,True,1,2020-10-20,2020-11-22,2021-02-14,33,145.204,2020-10-20,2020-11-02,14,272,False,True,0.0337698,0.0174451,False,1.59834,False,1.60541,1.23639,0.122116,1.36165,0.199194,True,0.0459464,0.00398697,0.898516,1.32162,2020-11-05,17,ok,,,,,1,2020-10,285.5,54.9858,19.7244,8.1,11.5,2.45561,-16.1,1.23639,0.122116,-0.0720018
Johnson County,18081,IN,158167,"standard, onset<2021-01-01, peak>=50% of max pre-2021 peak",7,False,1,False,0,2020-03-18,2020-05-11,2020-05-24,54,17.8834,2020-03-18,2020-03-31,14,98,False,True,0.244399,0.087956,False,4.81582,True,4.48011,2.71079,0.615692,4.69833,1.78241,True,0.0850652,0.0108121,0.712311,1.59546,2020-04-14,27,ok,,,,,2,2020-03,504.9,81.5999,15.2759,7.3,6.7,2.70321,-16.1,2.71079,0.615692,0.795165
Kosciusko County,18085,IN,79456,"standard, onset<2021-01-01, peak>=50% of max pre-2021 peak",7,False,4,True,3,2020-10-09,2020-11-19,2021-01-26,41,161.815,2020-10-12,2020-10-25,14,495,False,True,0.0519354,0.0210889,False,2.60963,True,2.67514,1.36355,0.147622,1.576,0.25689,True,0.0535703,0.00376935,0.9266,1.37499,2020-10-29,18,ok,,,,,1,2020-10,151,43.6191,17.6969,12.8,8.2,2.17898,-16.1,1.36355,0.147622,0.0551574
Lake County,18089,IN,485493,"standard, onset<2021-01-01, peak>=50% of max pre-2021 peak",7,True,2,True,1,2020-10-09,2020-11-12,2021-02-01,34,111.021,2020-10-09,2020-10-22,14,2149,False,True,0.0449051,0.00623959,False,1.18297,False,1.1873,1.31434,0.0436771,1.4914,0.0741638,True,0.0387466,0.00189513,0.963135,1.27123,2020-10-26,18,ok,,,,,3,2020-10,999.9,50.7319,17.2529,8.1,15.8,2.99996,-16.1,1.31434,0.0436771,0.00594529
LaPorte County,18091,IN,109888,"standard, onset<2021-01-01, peak>=50% of max pre-2021 peak",7,False,2,True,1,2020-12-26,2021-01-11,2021-02-06,16,75.9215,2020-12-26,2021-01-08,14,1035,False,True,-0.00524559,0.0272874,True,9.43744,True,9.624,0.963281,0.191012,0.948122,0.266862,True,0.0133204,0.0046502,0.539633,1.09324,2021-01-03,9,ok,,,,,2,2020-12,187.9,37.3609,18.7223,8.3,12.1,2.27393,-16.1,0.963281,0.191012,-0.18791
Madison County,18095,IN,129569,"standard, onset<2021-01-01, peak>=50% of max pre-2021 peak",7,True,2,False,0,2020-03-24,2020-04-09,2020-05-23,16,18.5229,2020-03-24,2020-04-06,14,98,False,True,0.14551,0.0491154,False,2.25793,True,2.8027,2.01857,0.343808,2.89974,0.791319,True,0.248976,0.0296358,0.921651,2.74283,2020-04-01,8,ok,,,,,2,2020-03,288,48.4135,18.7037,9.2,12.1,2.45939,-16.1,2.01857,0.343808,0.102942
Monroe County,18105,IN,148431,"standard, onset<2021-01-01, peak>=50% of max pre-2021 peak",7,True,3,True,1,2020-08-21,2020-09-12,2020-10-20,22,63.4253,2020-08-21,2020-09-03,14,456,False,True,0.0467795,0.0366661,False,7.31205,True,7.35129,1.32746,0.256662,1.51375,0.4387,True,0.046939,0.00592665,0.862498,1.32857,2020-09-01,12,ok,,,,,2,2020-08,354.2,58.6896,14.0118,9.5,18.2,2.54925,-16.1,1.32746,0.256663,-0.1137
Morgan County,18109,IN,70489,"standard, onset<2021-01-01, peak>=50% of max pre-2021 peak",7,False,3,True,2,2020-10-23,2020-12-09,2021-02-22,47,115.317,2020-10-25,2020-11-07,14,319,False,True,0.114073,0.0440624,False,6.49531,True,7.5265,1.79851,0.308437,2.41399,0.651729,True,0.0732297,0.00459118,0.927115,1.51261,2020-11-15,22,ok,,,,,1,2020-10,177.8,40.4012,17.9186,8.5,8.5,2.24993,-16.1,1.79851,0.308437,0.490121
Porter County,18127,IN,170389,"standard, onset<2021-01-01, peak>=50% of max pre-2021 peak",7,True,1,False,0,2020-09-28,2020-11-14,2021-02-09,47,127.104,2020-09-28,2020-10-11,14,427,False,True,0.066057,0.0207515,False,2.13626,True,2.12781,1.4624,0.145261,1.7522,0.265088,True,0.0437018,0.00214372,0.949725,1.30591,2020-10-21,24,ok,,,,,2,2020-09,414.3,56.5771,17.5741,6.3,8.6,2.61731,-16.1,1.4624,0.14526,0.221887
St. Joseph County,18141,IN,271826,"standard, onset<2021-01-01, peak>=50% of max pre-2021 peak",7,True,3,True,2,2020-09-24,2020-12-03,2021-01-24,70,125.238,2020-09-25,2020-10-08,14,1190,False,True,0.0235828,0.00831067,False,1.69911,False,1.69751,1.16508,0.0581747,1.24751,0.0913383,True,0.0188295,0.000868355,0.93442,1.13181,2020-10-29,35,ok,,,,,3,2020-09,596.2,89.7725,16.4243,8.4,12.7,2.77539,-16.1,1.16508,0.0581747,-0.0754327
Tippecanoe County,18157,IN,195732,"standard, onset<2021-01-01, peak>=50% of max pre-2021 peak",7,False,1,False,0,2020-04-15,2020-05-06,2020-06-14,21,7.66354,2020-04-20,2020-05-03,14,100,False,True,0.207144,0.0736314,False,4.08847,True,3.89208,2.45001,0.51542,3.97253,1.37691,False,,,,,2020-04-25,6,ok,,,,,2,2020-04,373.3,70.3352,12.1535,8,16.1,2.57206,-16.1,2.45001,0.51542,1.03379
Vigo County,18167,IN,107038,"standard, onset<2021-01-01, peak>=50% of max pre-2021 peak",7,True,2,True,1,2020-10-08,2020-11-13,2021-02-08,36,155.352,2020-10-08,2020-10-21,14,509,False,True,0.0230643,0.0185677,False,2.13571,True,2.15551,1.16145,0.129974,1.24181,0.203664,True,0.0213366,0.00270835,0.784986,1.14936,2020-10-26,19,ok,,,,,2,2020-10,263,82.8992,16.723,9.8,20.7,2.41996,-16.1,1.16145,0.129974,-0.14694
Warrick County,18173,IN,62998,"standard, onset<2021-01-01, peak>=50% of max pre-2021 peak",7,False,1,False,0,2020-12-29,2021-01-07,2021-02-17,9,130.163,2020-12-29,2021-01-07,10,755,True,False,0.0299871,0.040936,False,10.3907,True,11.9954,1.20991,0.286552,1.31875,0.460918,False,,,,,2021-01-02,5,ok,,,,,1,2020-12,166,154.934,18.1195,6.7,6.4,2.22011,-16.1,1.20991,0.286552,0.0587185
Black Hawk County,19013,IA,131228,"standard, onset<2021-01-01, peak>=50% of max pre-2021 peak",7,True,4,True,2,2020-10-18,2020-11-12,2020-12-24,25,189.093,2020-10-18,2020-10-31,14,1109,False,True,0.10057,0.0091166,False,1.65114,False,1.68535,1.70399,0.0638162,2.2181,0.129674,True,0.0955541,0.00524834,0.967881,1.66888,2020-10-30,13,ok,,,,,2,2020-10,231.8,94.5526,17.2841,5.9,12.2,2.36511,-8.2,1.70399,0.0638162,0.3956
Dallas County,19049,IA,93453,"standard, onset<2021-01-01, peak>=50% of max pre-2021 peak",7,True,3,True,2,2020-10-05,2020-11-11,2021-03-13,37,159.286,2020-10-05,2020-10-18,14,352,False,True,0.012996,0.031622,False,4.30289,True,4.49105,1.09097,0.221354,1.13351,0.333481,True,0.00276791,0.00598737,0.0124153,1.01938,2020-10-23,19,ok,,,,,2,2020-10,169.4,44.1421,12.9377,4.1,4.4,2.22891,-8.2,1.09097,0.221354,-0.217418
Dubuque County,19061,IA,97311,"standard, onset<2021-01-01, peak>=50% of max pre-2021 peak",7,True,2,True,1,2020-09-13,2020-11-12,2020-12-24,60,181.01,2020-09-13,2020-09-26,14,901,False,True,0.0418376,0.0280901,False,8.52488,True,8.70711,1.29286,0.196631,1.45513,0.33026,True,0.00905041,0.00370163,0.170905,1.06335,2020-10-13,31,ok,,,,,2,2020-09,163.2,76.562,18.5794,4.7,8.9,2.21272,-8.2,1.29286,0.196631,0.0523509
Johnson County,19103,IA,151140,"standard, onset<2021-01-01, peak>=50% of max pre-2021 peak",7,True,4,True,2,2020-08-20,2020-08-30,2020-09-12,10,126.751,2020-08-20,2020-08-30,11,1454,True,False,0.184796,0.0500561,False,29.9284,True,25.7067,2.29357,0.350393,3.5651,0.889069,False,,,,,2020-08-25,6,ok,,,,,2,2020-08,249.4,194.303,13.0425,5.9,14.1,2.3969,-8.2,2.29357,0.350393,0.852415
Linn County,19113,IA,226706,"standard, onset<2021-01-01, peak>=50% of max pre-2021 peak",7,True,1,False,0,2020-10-16,2020-11-11,2021-02-05,26,209.522,2020-10-16,2020-10-29,14,1111,False,True,0.0928922,0.0166925,False,3.418,True,3.50367,1.65025,0.116847,2.11013,0.23205,True,0.0921681,0.0060981,0.950091,1.64518,2020-10-29,14,ok,,,,,3,2020-10,321.2,62.0932,16.5711,5,8.1,2.50678,-8.2,1.65025,0.116847,0.341855
Polk County,19153,IA,490161,"standard, onset<2021-01-01, peak>=50% of max pre-2021 peak",7,True,4,True,3,2020-10-22,2020-11-12,2021-02-07,21,141.848,2020-10-22,2020-11-04,14,3116,False,True,0.0758186,0.0292986,False,30.5631,True,31.9588,1.53073,0.20509,1.8789,0.386284,True,0.0810771,0.0056236,0.958498,1.56754,2020-11-01,11,ok,,,,,3,2020-10,860.5,94.0291,13.7845,5.6,11.5,2.93475,-8.2,1.53073,0.20509,0.22234
Pottawattamie County,19155,IA,93206,"standard, onset<2021-01-01, peak>=50% of max pre-2021 peak",7,True,2,True,1,2020-09-27,2020-11-18,2021-01-31,52,158.788,2020-10-04,2020-10-17,14,586,False,True,0.00487614,0.0185325,False,2.46475,True,2.48357,1.03413,0.129727,1.04926,0.18912,True,0.0139843,0.00483864,0.316963,1.09789,2020-10-23,20,ok,,,,,2,2020-09,98.5,44.8397,18.1974,5.4,9.2,1.99344,-8.2,1.03413,0.129727,-0.206379
Scott County,19163,IA,172943,"standard, onset<2021-01-01, peak>=50% of max pre-2021 peak",7,True,3,True,2,2020-10-12,2020-11-12,2021-01-30,31,190.732,2020-10-12,2020-10-25,14,932,False,True,0.0295345,0.0233881,False,6.17886,True,6.211,1.20674,0.163717,1.31366,0.262893,True,0.0388115,0.00412003,0.863734,1.27168,2020-10-27,16,ok,,,,,2,2020-10,381.3,99.617,17.0345,5.6,12.1,2.58127,-8.2,1.20674,0.163717,-0.101649
Story County,19169,IA,97117,"standard, onset<2021-01-01, peak>=50% of max pre-2021 peak",7,True,3,True,1,2020-08-10,2020-08-29,2020-10-02,19,124.298,2020-08-11,2020-08-24,14,406,False,True,-0.0614511,0.0455724,True,9.86571,True,10.0046,0.569842,0.319007,0.46479,0.338104,True,0.0952389,0.0627233,0.247759,1.66667,2020-08-19,9,ok,,,,,2,2020-08,172.1,64.9502,13.1443,5.6,12.4,2.23578,-8.2,0.569842,0.319007,-0.871314
Warren County,19181,IA,51466,"standard, onset<2021-01-01, peak>=50% of max pre-2021 peak",7,True,2,True,1,2020-10-12,2020-11-12,2021-02-15,31,144.895,2020-10-18,2020-10-31,14,238,False,True,0.0892264,0.0194306,False,0.6835,False,0.788385,1.62458,0.136014,2.05945,0.267122,True,0.0679859,0.00511979,0.9566,1.4759,2020-10-27,10,ok,,,,,1,2020-10,92,62.9735,16.4971,4.2,4.9,1.96379,-8.2,1.62458,0.136014,0.316194
Woodbury County,19193,IA,103107,"standard, onset<2021-01-01, peak>=50% of max pre-2021 peak",7,True,3,False,0,2020-04-19,2020-04-29,2020-06-11,10,105.023,2020-04-19,2020-04-29,11,693,True,False,0.208071,0.0736916,False,29.4372,True,32.8179,2.4565,0.515841,3.98987,1.3809,False,,,,,2020-04-24,6,ok,,,,,2,2020-04,121.4,63.2427,15.2066,7.8,11.3,2.08422,-8.2,2.4565,0.515841,1.04028
Butler County,20015,KS,66911,"standard, onset<2021-01-01, peak>=50% of max pre-2021 peak",7,True,2,True,1,2020-10-06,2020-12-29,2021-02-11,84,180.837,2020-10-20,2020-11-02,14,315,False,True,0.0560364,0.0234665,False,2.04524,True,2.15966,1.39225,0.164266,1.62631,0.289894,True,0.0663768,0.00283304,0.95312,1.46464,2020-11-17,29,ok,,,,,1,2020-10,47.1,78.6584,16.1546,8.6,8.7,1.67302,-14.6,1.39225,0.164266,0.0838644
Johnson County,20091,KS,602401,"standard, onset<2021-01-01, peak>=50% of max pre-2021 peak",7,True,3,True,2,2020-10-24,2020-12-29,2021-02-22,66,109.324,2020-10-24,2020-11-06,14,3710,False,True,0.028745,0.0233531,False,24.5364,True,24.5536,1.20122,0.163472,1.3048,0.261725,True,0.0273639,0.00286145,0.740785,1.19155,2020-11-26,34,ok,,,,,3,2020-10,1287.6,119.371,15.5961,6,4.6,3.10978,-14.6,1.20121,0.163472,-0.107175
Leavenworth County,20103,KS,81758,"standard, onset<2021-01-01, peak>=50% of max pre-2021 peak",7,True,4,False,0,2020-04-27,2020-05-03,2020-05-21,6,102.568,2020-04-27,2020-05-03,7,326,True,False,0.271496,0.291793,False,93.169,True,74.1399,2.90047,2.04255,5.26286,6.24519,False,,,,,2020-04-30,4,ok,,,,,1,2020-04,176.7,48.8514,15.4773,8.1,8.5,2.24724,-14.6,2.90047,2.04255,1.48426
Reno County,20155,KS,61998,"standard, onset<2021-01-01, peak>=50% of max pre-2021 peak",7,False,1,False,0,2020-09-15,2020-11-27,2021-02-07,73,179.96,2020-09-15,2020-09-28,14,237,False,True,0.0132705,0.0360715,False,3.76944,True,3.88538,1.09289,0.252501,1.1364,0.38082,True,0.0403961,0.00345483,0.796177,1.28277,2020-10-21,37,ok,,,,,1,2020-09,49.3,58.1602,20.1784,11.4,10.6,1.69285,-14.6,1.09289,0.252501,-0.147619
Saline County,20169,KS,54224,"standard, onset<2021-01-01, peak>=50% of max pre-2021 peak",7,True,2,True,1,2020-10-18,2020-12-29,2021-02-11,72,219.723,2020-10-18,2020-10-31,14,218,False,True,-0.0157433,0.0193804,True,0.580624,False,0.584636,0.889797,0.135663,0.847772,0.180989,True,0.0489612,0.00195865,0.94696,1.34273,2020-11-23,37,ok,,,,,1,2020-10,75.4,95.759,18.7467,10.9,9.8,1.87737,-14.6,0.889797,0.135663,-0.418594
Sedgwick County,20173,KS,516042,"standard, onset<2021-01-01, peak>=50% of max pre-2021 peak",7,True,1,False,0,2020-10-06,2020-12-29,2021-02-22,84,152.313,2020-10-06,2020-10-19,14,1418,False,True,0.027894,0.0076236,False,1.09193,False,1.10403,1.19526,0.0533652,1.29528,0.0851675,True,0.0551457,0.00135735,0.975762,1.38602,2020-11-17,43,ok,,,,,3,2020-10,525.4,88.9612,15.4491,12,13.4,2.72049,-14.6,1.19526,0.0533652,-0.113132
Shawnee County,20177,KS,176875,"standard, onset<2021-01-01, peak>=50% of max pre-2021 peak",7,True,1,False,0,2020-09-25,2020-12-29,2021-02-22,95,124.059,2020-09-27,2020-10-10,14,310,False,True,0.00184334,0.0162278,False,0.633335,False,0.635137,1.0129,0.113595,1.0185,0.163535,True,0.0423854,0.0029301,0.826259,1.2967,2020-11-11,46,ok,,,,,2,2020-09,328.9,72.6626,19.06,9.3,10.5,2.51706,-14.6,1.0129,0.113595,-0.227609
Wyandotte County,20209,KS,165429,"standard, onset<2021-01-01, peak>=50% of max pre-2021 peak",7,True,3,True,2,2020-10-08,2020-12-29,2021-02-22,82,154.317,2020-10-20,2020-11-02,14,807,False,True,0.0475214,0.027315,False,7.17553,True,7.43001,1.33265,0.191205,1.52264,0.327669,True,0.0318582,0.00221449,0.880833,1.22301,2020-11-18,30,ok,,,,,2,2020-10,1116.1,54.9499,12.9505,15.7,16.9,3.0477,-14.6,1.33265,0.191205,0.0242594
Boone County,21015,KY,133581,"standard, onset<2021-01-01, peak>=50% of max pre-2021 peak",7,False,2,True,1,2020-10-21,2021-01-05,2021-03-15,76,102.773,2020-10-21,2020-11-03,14,476,False,True,0.0168261,0.0197272,False,2.26135,True,2.28139,1.11778,0.13809,1.17421,0.211213,True,0.0395545,0.00226889,0.891472,1.27688,2020-11-28,39,ok,,,,,2,2020-10,552.1,59.5728,14.5225,5.9,6.5,2.74202,-25.9,1.11778,0.13809,-0.190608
Bullitt County,21029,KY,81676,"standard, onset<2021-01-01, peak>=50% of max pre-2021 peak",7,False,1,False,0,2020-12-23,2021-01-05,2021-03-08,13,81.8565,2020-12-23,2021-01-05,14,510,False,True,0.0497979,0.0220448,False,2.94571,True,2.93212,1.34859,0.154313,1.55006,0.266555,True,0.0462461,0.00831384,0.860887,1.32372,2020-12-29,7,ok,,,,,1,2020-12,276.8,18.2444,16.9892,5.5,8.7,2.44217,-25.9,1.34859,0.154314,0.197394
Campbell County,21037,KY,93584,"standard, onset<2021-01-01, peak>=50% of max pre-2021 peak",7,False,1,False,0,2020-10-21,2021-01-16,2021-03-14,87,103.345,2020-10-21,2020-11-03,14,391,False,True,0.0374806,0.0307778,False,4.46001,True,4.66402,1.26236,0.215445,1.40431,0.356228,True,0.0241746,0.0022362,0.735631,1.16922,2020-12-03,44,ok,,,,,2,2020-10,615,53.7195,16.8368,5.6,10.6,2.78888,-25.9,1.26236,0.215445,-0.0460262
Christian County,21047,KY,70461,"standard, onset<2021-01-01, peak>=50% of max pre-2021 peak",7,False,2,True,1,2020-09-08,2021-01-05,2021-02-23,119,117.187,2020-09-08,2020-09-21,14,222,False,True,-0.00772389,0.0617274,True,10.3545,True,11.4299,0.945933,0.432092,0.924014,0.597249,True,0.00647324,0.00136992,0.277963,1.04531,2020-11-06,60,ok,,,,,1,2020-09,101.4,60.4828,12.546,7.6,16.9,2.00604,-25.9,0.945933,0.432092,-0.294579
Daviess County,21059,KY,101511,"standard, onset<2021-01-01, peak>=50% of max pre-2021 peak",7,False,2,True,1,2020-09-13,2021-01-05,2021-02-28,114,123.28,2020-10-16,2020-10-29,14,282,False,True,0.0449467,0.017225,False,1.08755,False,1.08808,1.31463,0.120575,1.49189,0.204767,True,0.0431438,0.00171905,0.964772,1.30201,2020-11-09,25,ok,,,,,2,2020-09,225.4,55.1727,17.4404,7.1,13.4,2.35295,-25.9,1.31463,0.120575,0.0741146
Fayette County,21067,KY,323152,"standard, onset<2021-01-01, peak>=50% of max pre-2021 peak",7,True,3,False,0,2020-07-07,2020-10-04,2020-10-23,89,109.944,2020-07-19,2020-08-01,14,635,False,True,0.0193772,0.0331976,False,8.53349,True,8.72259,1.13564,0.232383,1.20166,0.358994,True,0.000779617,0.00276576,0.00255659,1.00546,2020-08-20,33,ok,,,,,3,2020-07,1137.3,119.974,14.395,7.6,14.6,3.05588,-25.9,1.13564,0.232383,-0.00269897
Franklin County,21073,KY,50991,"standard, onset<2021-01-01, peak>=50% of max pre-2021 peak",7,True,1,False,0,2020-12-23,2021-02-01,2021-03-11,40,100.858,2020-12-26,2021-01-08,14,316,False,True,0.0817242,0.0609971,False,13.2857,True,17.7767,1.57207,0.42698,1.9575,0.819338,True,0.0498625,0.00485128,0.868466,1.34904,2021-01-12,18,ok,,,,,1,2020-12,248,36.8639,18.4727,8,12.8,2.39445,-25.9,1.57207,0.42698,0.420878
Hardin County,21093,KY,110958,"standard, onset<2021-01-01, peak>=50% of max pre-2021 peak",7,False,1,False,0,2020-10-04,2021-01-05,2021-03-05,93,94.3729,2020-10-06,2020-10-19,14,273,False,True,0.0115185,0.0370407,False,4.58092,True,4.70454,1.08063,0.259285,1.11797,0.388327,True,0.0392162,0.00145671,0.943991,1.27451,2020-11-19,45,ok,,,,,2,2020-10,177.6,60.5228,14.8272,7,11.2,2.24944,-25.9,1.08063,0.259285,-0.227761
Jefferson County,21111,KY,766757,"standard, onset<2021-01-01, peak>=50% of max pre-2021 peak",7,False,4,True,2,2020-10-01,2020-11-30,2020-12-22,60,84.9403,2020-10-10,2020-10-23,14,3182,False,True,0.0547132,0.0141569,False,7.53261,True,7.67037,1.38299,0.0990986,1.61,0.174101,True,0.0381504,0.00292018,0.895111,1.26705,2020-10-31,22,ok,,,,,3,2020-10,2056.1,90.9359,16.8539,5.7,11.4,3.31304,-25.9,1.38299,0.0990983,0.074602
Jessamine County,21113,KY,54115,"standard, onset<2021-01-01, peak>=50% of max pre-2021 peak",7,False,1,False,0,2020-10-04,2021-01-23,2021-03-14,111,78.6684,2020-10-04,2020-10-17,14,175,False,True,0.0179829,0.0416079,False,3.69663,True,3.94296,1.12588,0.291255,1.18662,0.447504,True,0.0213248,0.0011697,0.860237,1.14927,2020-11-28,56,ok,,,,,1,2020-10,307.8,75.4845,16.3952,7.8,10.5,2.48827,-25.9,1.12588,0.291255,-0.18251
Kenton County,21117,KY,166998,"standard, onset<2021-01-01, peak>=50% of max pre-2021 peak",7,False,2,True,1,2020-10-17,2021-01-12,2021-03-22,87,102.054,2020-10-17,2020-10-30,14,555,False,True,0.12043,0.022591,False,2.91958,True,2.82396,1.84301,0.158137,2.50887,0.340176,True,0.0325611,0.00226618,0.83095,1.22793,2020-11-29,44,ok,,,,,2,2020-10,1054.7,87.5408,15.4001,6,11,3.02313,-25.9,1.84301,0.158137,0.53462
Laurel County,21125,KY,60813,"standard, onset<2021-01-01, peak>=50% of max pre-2021 peak",7,False,1,False,0,2020-12-23,2021-01-05,2021-02-14,13,113.463,2020-12-26,2021-01-05,11,460,True,False,-0.0438663,0.0972607,True,43.0083,True,52.5664,0.692936,0.680825,0.601746,0.793415,False,,,,,2020-12-29,4,ok,,,,,1,2020-12,144.3,38.3307,17.0124,7.5,17.9,2.15927,-25.9,0.692936,0.680825,-0.458255
McCracken County,21145,KY,65418,"standard, onset<2021-01-01, peak>=50% of max pre-2021 peak",7,True,1,False,0,2020-10-21,2020-11-30,2020-12-22,40,143.036,2020-10-21,2020-11-03,14,369,False,True,0.0492629,0.0150953,False,1.493,False,1.52209,1.34484,0.105667,1.54359,0.182186,True,0.046237,0.00240284,0.951192,1.32366,2020-11-10,21,ok,,,,,1,2020-10,272.9,100.184,20.5731,6.5,15.5,2.436,-25.9,1.34484,0.105667,0.0364499
Madison County,21151,KY,92987,"standard, onset<2021-01-01, peak>=50% of max pre-2021 peak",7,False,3,True,1,2020-11-01,2020-11-20,2020-12-27,19,86.9553,2020-11-01,2020-11-14,14,448,False,True,0.0410974,0.0262439,False,3.70268,True,3.73785,1.28768,0.183707,1.44644,0.307738,True,0.0528508,0.00638309,0.8955,1.36996,2020-11-10,10,ok,,,,,2,2020-11,212,48.5432,14.5381,6.9,15.5,2.32634,-25.9,1.28768,0.183707,-0.0389009
Oldham County,21185,KY,66799,"standard, onset<2021-01-01, peak>=50% of max pre-2021 peak",7,True,2,True,1,2020-11-11,2021-01-15,2021-02-09,65,252.784,2020-11-11,2020-11-24,14,605,False,True,0.123865,0.034717,False,7.44368,True,7.83707,1.86705,0.243019,2.56084,0.527779,True,0.00952742,0.00592703,0.0769388,1.06669,2020-12-13,33,ok,,,,,1,2020-11,361.1,60.6446,14.3979,4.4,5,2.55763,-25.9,1.86706,0.243019,0.540472
Pike County,21195,KY,57876,"standard, onset<2021-01-01, peak>=50% of max pre-2021 peak",7,False,1,False,0,2020-09-26,2021-01-05,2021-03-07,101,113.296,2020-09-30,2020-10-13,14,154,False,True,0.0297921,0.0439987,False,3.61262,True,3.95212,1.20854,0.307991,1.31656,0.495041,True,0.0291186,0.00254963,0.743492,1.20383,2020-11-15,47,ok,,,,,1,2020-09,74.6,73.2925,19.4583,7.3,23.7,1.87274,-25.9,1.20854,0.307991,-0.0319676
Pulaski County,21199,KY,64979,"standard, onset<2021-01-01, peak>=50% of max pre-2021 peak",7,True,1,False,0,2020-11-10,2020-12-11,2021-03-02,31,166.208,2020-11-10,2020-11-23,14,330,False,True,0.068834,0.0294506,False,3.31033,True,3.61458,1.48184,0.206154,1.78784,0.379649,True,0.0290722,0.00925602,0.413373,1.20351,2020-11-25,16,ok,,,,,1,2020-11,98.8,72.2699,19.5144,6.7,19.1,1.99476,-25.9,1.48184,0.206154,0.155255
Scott County,21209,KY,57004,"standard, onset<2021-01-01, peak>=50% of max pre-2021 peak",7,False,1,False,0,2020-09-22,2021-01-10,2021-02-13,110,78.4406,2020-09-22,2020-10-05,14,118,False,True,0.0538992,0.0389193,False,2.11341,True,2.16995,1.37729,0.272435,1.6,0.477297,True,0.013712,0.00145836,0.620798,1.09598,2020-11-16,56,ok,,,,,1,2020-09,202.8,59.4874,12.9577,5.9,8,2.30707,-25.9,1.37729,0.272435,0.136782
Warren County,21227,KY,132896,"standard, onset<2021-01-01, peak>=50% of max pre-2021 peak",7,False,3,True,2,2020-10-12,2021-01-05,2021-02-24,85,117.923,2020-10-21,2020-11-03,14,608,False,True,0.0435677,0.0214917,False,3.3614,True,3.49266,1.30497,0.150442,1.47554,0.254243,True,0.0207132,0.00197079,0.775379,1.14499,2020-11-23,34,ok,,,,,2,2020-10,248.4,66.8876,13.599,8.2,18.7,2.39515,-25.9,1.30497,0.150442,-0.00341651
Acadia Parish,22001,LA,62045,"standard, onset<2021-01-01, peak>=50% of max pre-2021 peak",7,True,3,False,0,2020-05-15,2020-07-20,2020-08-28,66,117.426,2020-05-30,2020-06-12,14,123,False,True,0.0303106,0.0752521,False,8.43723,True,10.7048,1.21217,0.526765,1.3224,0.84832,True,0.0332148,0.00920457,0.433737,1.2325,2020-06-17,19,ok,,,,,1,2020-05,87.9,36.4735,16.0935,9.9,20.7,1.94399,-18.6,1.21217,0.526765,-0.243081
Ascension Parish,22005,LA,126604,"standard, onset<2021-01-01, peak>=50% of max pre-2021 peak",7,True,4,True,2,2020-10-24,2020-11-21,2020-12-23,28,93.6554,2020-11-07,2020-11-20,14,920,False,True,0.109398,0.0745557,False,54.2891,True,66.5821,1.76579,0.52189,2.34531,1.08812,False,,,,,2020-11-07,1,ok,,,,,2,2020-10,436.3,45.0593,13.0466,6.8,9.6,2.63979,-18.6,1.76579,0.52189,0.457396
Bossier Parish,22015,LA,127039,"standard, onset<2021-01-01, peak>=50% of max pre-2021 peak",7,True,1,False,0,2020-09-15,2020-11-21,2021-02-14,67,131.006,2020-10-07,2020-10-20,14,510,False,True,0.0614338,0.0301438,False,5.42222,True,5.88682,1.43004,0.211007,1.69359,0.379216,True,0.0797404,0.00977298,0.869407,1.55818,2020-10-18,12,ok,,,,,2,2020-09,153.4,47.3801,15.2929,9,17.8,2.18583,-18.6,1.43004,0.211007,0.189524
Caddo Parish,22017,LA,240204,"standard, onset<2021-01-01, peak>=50% of max pre-2021 peak",7,True,2,False,0,2020-06-21,2020-11-21,2020-12-12,153,95.4546,2020-08-22,2020-09-04,14,469,False,True,0.032426,0.0685458,False,26.6495,True,32.2575,1.22698,0.479821,1.34634,0.778811,True,0.0252849,0.0109655,0.290275,1.17699,2020-09-05,15,ok,,,,,3,2020-06,270.5,123.188,18.0451,9.4,20.9,2.43217,-18.6,1.22698,0.479821,-0.405835
Calcasieu Parish,22019,LA,203436,"standard, onset<2021-01-01, peak>=50% of max pre-2021 peak",7,True,3,False,0,2020-06-12,2020-07-17,2020-09-03,35,87.4266,2020-06-13,2020-06-26,14,437,False,True,0.122759,0.0515646,False,11.8987,True,14.6715,1.85931,0.360952,2.54406,0.781507,True,0.104233,0.0116563,0.842043,1.72963,2020-06-29,17,ok,,,,,2,2020-06,203.7,74.7284,15.1588,8.1,16.6,2.30899,-18.6,1.85931,0.360952,0.226496
East Baton Rouge Parish,22033,LA,440059,"standard, onset<2021-01-01, peak>=50% of max pre-2021 peak",7,False,2,False,0,2020-10-15,2020-11-21,2020-12-25,37,73.9187,2020-10-17,2020-10-30,14,566,False,True,-0.0314234,0.0385064,True,10.1573,True,10.4216,0.780036,0.269545,0.706502,0.334244,True,0.00479074,0.0070276,0.0300504,1.03354,2020-11-02,17,ok,,,,,3,2020-10,1002.8,86.0369,15.2007,9.5,16.4,3.00121,-18.6,0.780036,0.269545,-0.528354
Iberia Parish,22045,LA,69830,"standard, onset<2021-01-01, peak>=50% of max pre-2021 peak",7,True,3,False,0,2020-06-20,2020-07-12,2020-09-14,22,86.3321,2020-06-20,2020-07-03,14,385,False,True,0.0625773,0.0510596,False,11.7242,True,13.2052,1.43804,0.357417,1.70801,0.644793,True,0.10559,0.0129872,0.868596,1.73913,2020-07-01,12,ok,,,,,1,2020-06,121.9,45.7607,16.0034,10.1,22.5,2.086,-18.6,1.43804,0.357417,-0.194775
Jefferson Parish,22051,LA,432493,"standard, onset<2021-01-01, peak>=50% of max pre-2021 peak",7,True,4,False,0,2020-03-22,2020-04-04,2020-05-21,13,90.1418,2020-03-22,2020-04-04,14,2842,False,True,0.195045,0.0355847,False,28.5696,True,27.1346,2.36531,0.249093,3.74934,0.647353,True,0.151447,0.0203292,0.917353,2.06013,2020-03-28,7,ok,,,,,3,2020-03,1464.6,90.748,18.072,11.3,16.1,3.16572,-18.6,2.36531,0.249093,0.449687
Lafayette Parish,22055,LA,244390,"standard, onset<2021-01-01, peak>=50% of max pre-2021 peak",7,True,2,False,0,2020-06-09,2020-08-01,2020-09-30,53,78.0953,2020-06-09,2020-06-22,14,543,False,True,-0.0354344,0.0571585,True,21.4011,True,23.671,0.751959,0.40011,0.672023,0.486519,True,0.0580436,0.00527083,0.829082,1.40631,2020-07-05,27,ok,,,,,3,2020-06,899.3,108.789,14.4788,9.6,16.2,2.9539,-18.6,0.751959,0.40011,-0.880857
Lafourche Parish,22057,LA,97614,"standard, onset<2021-01-01, peak>=50% of max pre-2021 peak",7,True,4,True,1,2020-06-23,2020-07-17,2020-08-29,24,63.3691,2020-06-24,2020-07-07,14,305,False,True,0.0717274,0.0333429,False,3.90261,True,4.29451,1.50209,0.2334,1.82532,0.433877,True,0.0993973,0.00971521,0.912797,1.69578,2020-07-05,12,ok,,,,,2,2020-06,91.4,50.227,16.3576,11,14.5,1.96095,-18.6,1.50209,0.2334,-0.130725
Livingston Parish,22063,LA,140789,"standard, onset<2021-01-01, peak>=50% of max pre-2021 peak",7,True,1,False,0,2020-11-03,2020-11-21,2021-03-05,18,119.328,2020-11-08,2020-11-21,14,1099,False,True,0.182161,0.0849244,False,66.2931,True,74.0297,2.27513,0.594471,3.51845,1.49898,False,,,,,2020-11-12,5,ok,,,,,2,2020-11,219.5,21.0849,14.0397,8.6,11.7,2.34143,-18.6,2.27513,0.594471,0.948544
Orleans Parish,22071,LA,390144,"standard, onset<2021-01-01, peak>=50% of max pre-2021 peak",7,True,5,False,0,2020-03-18,2020-04-04,2020-04-23,17,113.804,2020-03-18,2020-03-31,14,1698,False,True,0.109371,0.0239368,False,10.3291,True,10.1635,1.7656,0.167558,2.34491,0.349324,True,0.129468,0.0093903,0.964484,1.90628,2020-03-26,9,ok,,,,,3,2020-03,2265.6,109.636,16.3191,9.8,21.1,3.35518,-18.6,1.7656,0.167558,-0.150031
Ouachita Parish,22073,LA,153279,"standard, onset<2021-01-01, peak>=50% of max pre-2021 peak",7,True,2,True,1,2020-11-08,2020-11-21,2021-02-11,13,157.509,2020-11-08,2020-11-21,14,1970,False,True,0.0847824,0.0597043,False,78.8716,True,98.6493,1.59348,0.41793,1.99877,0.809641,True,0.108945,0.0758612,0.292025,1.76261,2020-11-14,7,ok,,,,,2,2020-11,262.8,92.9113,15.5985,9,23.7,2.41963,-18.6,1.59348,0.41793,0.266894
Rapides Parish,22079,LA,129648,"standard, onset<2021-01-01, peak>=50% of max pre-2021 peak",7,True,2,True,1,2020-11-09,2020-11-21,2021-02-12,12,119.004,2020-11-09,2020-11-21,13,1033,True,True,0.230086,0.0879294,False,54.312,True,58.951,2.6106,0.615506,4.41259,1.72901,True,0.112578,0.0834977,0.266631,1.78805,2020-11-15,7,ok,,,,,2,2020-11,98.5,83.0622,16.7747,10,18.7,1.99344,-18.6,2.6106,0.615506,1.28402
St. Charles Parish,22089,LA,53100,"standard, onset<2021-01-01, peak>=50% of max pre-2021 peak",7,True,3,False,0,2020-03-28,2020-04-03,2020-05-02,6,66.9895,2020-03-28,2020-04-03,7,187,True,False,0.406674,0.216738,False,24.2362,True,23.2744,3.84672,1.51717,8.53981,5.86933,False,,,,,2020-03-31,4,ok,,,,,1,2020-03,189.2,34.2537,14.634,6.7,11.3,2.27692,-18.6,3.84672,1.51717,1.93109
St. Landry Parish,22097,LA,82124,"standard, onset<2021-01-01, peak>=50% of max pre-2021 peak",7,True,3,True,1,2020-06-14,2020-08-01,2020-09-15,48,95.5002,2020-06-15,2020-06-28,14,245,False,True,0.0410974,0.0562542,False,9.30374,True,10.974,1.28768,0.39378,1.44644,0.659642,True,0.0451535,0.0061762,0.708412,1.31607,2020-07-08,24,ok,,,,,1,2020-06,89.3,66.6344,16.7773,10.2,22.6,1.95085,-18.6,1.28768,0.393779,-0.345135
St. Martin Parish,22099,LA,53431,"standard, onset<2021-01-01, peak>=50% of max pre-2021 peak",7,True,1,False,0,2020-03-26,2020-04-08,2020-05-20,13,21.9241,2020-03-26,2020-04-08,14,111,False,True,0.0819715,0.0586955,False,4.31918,True,5.49909,1.5738,0.410868,1.96082,0.789032,True,0.237384,0.0451563,0.846792,2.66169,2020-04-01,7,ok,,,,,1,2020-03,70.2,21.2491,16.4873,9.5,17,1.84634,-18.6,1.5738,0.410868,-0.341828
St. Tammany Parish,22103,LA,260419,"standard, onset<2021-01-01, peak>=50% of max pre-2021 peak",7,True,4,True,3,2020-11-15,2021-01-14,2021-03-10,60,114.87,2020-12-05,2020-12-18,14,2130,False,True,0.0443501,0.014185,False,5.12568,True,5.18842,1.31045,0.099295,1.48481,0.168272,True,0.0503432,0.00854837,0.79397,1.3524,2020-12-15,11,ok,,,,,3,2020-11,313,78.6181,18.3282,8.2,10,2.49554,-18.6,1.31045,0.099295,-0.016132
Tangipahoa Parish,22105,LA,134758,"standard, onset<2021-01-01, peak>=50% of max pre-2021 peak",7,True,3,True,2,2020-11-15,2020-11-21,2020-12-25,6,122.124,2020-11-15,2020-11-21,7,907,True,False,0.175221,0.303827,False,310.657,True,328.99,2.22655,2.12679,3.39697,5.27423,False,,,,,2020-11-18,4,ok,,,,,2,2020-11,168.3,40.5536,15.3796,9.1,20.1,2.22608,-18.6,2.22655,2.12679,0.899964
Terrebonne Parish,22109,LA,110461,"standard, onset<2021-01-01, peak>=50% of max pre-2021 peak",7,True,3,True,1,2020-06-19,2020-07-13,2020-08-22,24,62.8535,2020-06-19,2020-07-02,14,268,False,True,0.183809,0.0705195,False,11.0746,True,11.5265,2.28666,0.493636,3.54759,1.2496,True,0.153104,0.0128834,0.927739,2.07173,2020-07-01,13,ok,,,,,2,2020-06,89.1,47.4539,15.1999,12.8,15.7,1.94988,-18.6,2.28666,0.493636,0.653846
Vermilion Parish,22113,LA,59511,"standard, onset<2021-01-01, peak>=50% of max pre-2021 peak",7,True,2,False,0,2020-06-11,2020-07-24,2020-09-12,43,79.6972,2020-06-11,2020-06-24,14,113,False,True,0.102831,0.075108,False,6.87868,True,7.11257,1.71982,0.525756,2.25037,1.07546,True,0.0702284,0.00991442,0.715,1.4916,2020-07-02,22,ok,,,,,1,2020-06,48.9,41.8417,16.1317,11.3,15.4,1.68931,-18.6,1.71982,0.525756,0.0870005
Androscoggin County,23001,ME,108277,"standard, onset<2021-01-01, peak>=50% of max pre-2021 peak",7,True,2,True,1,2020-11-03,2021-01-11,2021-02-09,69,68.2113,2020-11-04,2020-11-17,14,355,False,True,0.0495865,0.0470056,False,9.32496,True,9.97591,1.34711,0.329039,1.5475,0.567951,True,0.00336523,0.00401399,0.0214926,1.02356,2020-12-07,34,ok,,,,,2,2020-11,237.5,73.7815,18.2816,8.9,11.7,2.37566,9.1,1.34711,0.329039,0.0205228
Aroostook County,23003,ME,67055,"standard, onset<2021-01-01, peak>=50% of max pre-2021 peak",7,True,1,False,0,2020-11-19,2021-01-02,2021-02-16,44,58.8003,2020-11-19,2020-12-02,14,71,False,True,-0.0282608,0.052822,True,2.40316,True,2.93208,0.802174,0.369754,0.734164,0.465523,True,0.0685258,0.00897345,0.735237,1.47968,2020-12-11,23,ok,,,,,1,2020-11,10.1,111.765,24.9668,11.6,15.3,1.00432,9.1,0.802174,0.369754,-0.524408
Cumberland County,23005,ME,295003,"standard, onset<2021-01-01, peak>=50% of max pre-2021 peak",7,True,3,True,2,2020-10-28,2021-01-10,2021-05-21,74,62.9534,2020-10-29,2020-11-11,14,575,False,True,-0.0114347,0.0533428,True,20.0106,True,21.3239,0.919957,0.3734,0.888399,0.50781,True,0.0031172,0.00329626,0.0249151,1.02182,2020-12-04,37,ok,,,,,3,2020-10,362.4,166.959,19.6919,7.5,8.6,2.55919,9.1,0.919957,0.3734,-0.388433
Hancock County,23009,ME,54987,"standard, onset<2021-01-01, peak>=50% of max pre-2021 peak",7,False,1,False,0,2020-10-31,2020-12-14,2021-01-28,44,28.838,2020-10-31,2020-11-13,14,92,False,True,0.174022,0.0512725,False,2.08764,True,2.29514,2.21816,0.358908,3.37619,0.887473,True,0.0500983,0.014545,0.360996,1.35069,2020-11-22,23,ok,,,,,1,2020-10,35,106.348,26.4844,11.2,10.3,1.54407,9.1,2.21815,0.358907,0.909764
Kennebec County,23011,ME,122302,"standard, onset<2021-01-01, peak>=50% of max pre-2021 peak",7,False,1,False,0,2020-10-30,2021-01-13,2021-02-19,75,50.227,2020-10-30,2020-11-12,14,201,False,True,0.0128017,0.0397395,False,3.88065,True,4.02772,1.08961,0.278176,1.13146,0.418761,True,0.0218501,0.00326539,0.554318,1.15295,2020-12-06,38,ok,,,,,2,2020-10,142.5,111.613,20.8457,8.8,11.2,2.15381,9.1,1.08961,0.278176,-0.218779
Oxford County,23017,ME,57975,"standard, onset<2021-01-01, peak>=50% of max pre-2021 peak",7,True,2,True,1,2020-11-08,2020-12-20,2021-02-15,42,70.9665,2020-11-08,2020-11-21,14,91,False,True,0.0605449,0.0519216,False,2.8742,True,3.4924,1.42381,0.363451,1.68243,0.651247,True,0.0204116,0.00668281,0.318081,1.14288,2020-11-29,22,ok,,,,,1,2020-11,27.8,67.5009,23.1736,9.8,13,1.44404,9.1,1.42381,0.363451,0.0972316
Penobscot County,23019,ME,152148,"standard, onset<2021-01-01, peak>=50% of max pre-2021 peak",7,False,2,True,1,2020-11-02,2021-01-02,2021-02-01,61,45.5384,2020-11-02,2020-11-15,14,181,False,True,0.103783,0.0480665,False,4.50209,True,4.77098,1.72648,0.336466,2.26402,0.690182,True,0.0476919,0.00346942,0.86695,1.33384,2020-12-02,31,ok,,,,,2,2020-11,44.8,136.006,19.46,9.6,12.1,1.65128,9.1,1.72648,0.336465,0.399898
Somerset County,23025,ME,50484,"standard, onset<2021-01-01, peak>=50% of max pre-2021 peak",7,False,1,False,0,2020-10-23,2020-11-01,2020-11-29,9,28.8635,2020-10-23,2020-11-01,10,70,True,False,0.160694,0.0744149,False,2.8201,True,2.79669,2.12486,0.520904,3.14922,1.24639,False,,,,,2020-10-27,5,ok,,,,,1,2020-10,12.9,57.4519,22.3726,10.9,14.5,1.11059,9.1,2.12486,0.520904,0.816468
York County,23031,ME,207641,"standard, onset<2021-01-01, peak>=50% of max pre-2021 peak",7,True,2,True,1,2020-11-06,2021-01-02,2021-02-10,57,86.7569,2020-11-08,2020-11-21,14,449,False,True,0.0494868,0.0323654,False,5.59217,True,7.81746,1.34641,0.226558,1.5463,0.390924,True,0.0145539,0.00324649,0.445639,1.10188,2020-12-04,27,ok,,,,,2,2020-11,213.9,68.4053,21.8887,8.4,8.1,2.33021,9.1,1.34641,0.226558,0.0198249
Allegany County,24001,MD,70416,"standard, onset<2021-01-01, peak>=50% of max pre-2021 peak",7,True,2,True,1,2020-10-27,2020-12-03,2021-02-07,37,198.413,2020-10-27,2020-11-09,14,473,False,True,0.116611,0.0273341,False,3.68117,True,3.68381,1.81628,0.191338,2.45168,0.407214,True,0.089274,0.00259545,0.985835,1.62492,2020-11-14,19,ok,,,,,1,2020-10,161.3,52.8588,20.3286,5.5,14.7,2.20763,33.2,1.81628,0.191339,0.507887
Anne Arundel County,24003,MD,579234,"standard, onset<2021-01-01, peak>=50% of max pre-2021 peak",7,False,3,True,2,2020-12-28,2021-01-10,2021-02-10,13,71.3751,2020-12-28,2021-01-10,14,4362,False,True,0.0294482,0.0355424,False,66.7897,True,83.0446,1.20614,0.248797,1.31269,0.399384,True,0.0102052,0.0127214,0.114029,1.07144,2021-01-03,7,ok,,,,,3,2020-12,1418.2,67.4871,15.4754,4.9,5.2,3.15174,33.2,1.20614,0.248797,0.0549462
Baltimore County,24005,MD,827370,"standard, onset<2021-01-01, peak>=50% of max pre-2021 peak",7,False,3,True,1,2020-10-17,2020-11-19,2020-12-26,33,46.3085,2020-10-20,2020-11-02,14,1703,False,True,0.0771513,0.0143269,False,3.98444,True,3.99276,1.54006,0.100288,1.89651,0.189693,True,0.0574275,0.00312445,0.965697,1.40199,2020-11-02,14,ok,,,,,3,2020-10,1428.1,85.8947,17.7817,6.5,8.9,3.15476,33.2,1.54006,0.100288,0.231669
Calvert County,24009,MD,92525,"standard, onset<2021-01-01, peak>=50% of max pre-2021 peak",7,True,3,True,2,2020-11-03,2021-01-10,2021-02-10,68,65.9281,2020-11-05,2020-11-18,14,172,False,True,0.0537825,0.0221726,False,1.0621,False,1.10719,1.37648,0.155208,1.59857,0.271811,True,0.0261693,0.00165482,0.889712,1.18319,2020-12-07,33,ok,,,,,2,2020-11,435.2,48.5003,15.9825,3.9,5.3,2.63869,33.2,1.37648,0.155208,0.0498948
Carroll County,24013,MD,168447,"standard, onset<2021-01-01, peak>=50% of max pre-2021 peak",7,False,1,False,0,2020-10-21,2021-01-10,2021-03-01,81,50.9698,2020-10-21,2020-11-03,14,178,False,True,0.0721197,0.0221011,False,1.91581,False,1.91939,1.50484,0.154707,1.83042,0.287955,True,0.0423394,0.00278428,0.855685,1.29638,2020-11-30,41,ok,,,,,2,2020-10,386.2,44.5367,17.6204,4.3,5.2,2.58681,33.2,1.50484,0.154708,0.196447
Cecil County,24015,MD,102855,"standard, onset<2021-01-01, peak>=50% of max pre-2021 peak",7,False,4,True,2,2020-11-07,2020-12-09,2020-12-26,32,60.8346,2020-11-07,2020-11-20,14,356,False,True,0.134287,0.0286187,False,2.88592,True,2.9377,1.94001,0.200331,2.72156,0.447597,True,0.0749916,0.00734175,0.874303,1.52494,2020-11-23,17,ok,,,,,2,2020-11,299.5,39.5276,16.6874,5.9,8.8,2.4764,33.2,1.94001,0.200331,0.613426
Charles County,24017,MD,163257,"standard, onset<2021-01-01, peak>=50% of max pre-2021 peak",7,False,1,False,0,2020-03-21,2020-04-11,2020-06-17,21,13.6507,2020-03-21,2020-04-03,14,86,False,True,0.246501,0.0430049,False,0.844597,False,1.19641,2.72551,0.301034,4.74104,0.875281,True,0.264628,0.0110466,0.987949,2.85239,2020-03-31,9,ok,,,,,2,2020-03,363.9,38.4114,13.4512,5,7.4,2.56098,33.2,2.72551,0.301034,0.809879
Frederick County,24021,MD,259547,"standard, onset<2021-01-01, peak>=50% of max pre-2021 peak",7,False,1,False,0,2020-11-07,2021-01-10,2021-02-12,64,81.7909,2020-11-07,2020-11-20,14,874,False,True,0.0428152,0.00977315,False,0.953115,False,0.963514,1.29971,0.068412,1.46665,0.115306,True,0.036838,0.0010793,0.974079,1.25787,2020-12-09,33,ok,,,,,3,2020-11,411.3,57.7807,15.5209,4.9,6.2,2.61416,33.2,1.29971,0.0684121,-0.0268763
Harford County,24025,MD,255441,"standard, onset<2021-01-01, peak>=50% of max pre-2021 peak",7,True,2,True,1,2020-10-26,2020-11-19,2021-03-01,24,47.2572,2020-10-26,2020-11-08,14,547,False,True,0.0821042,0.0127241,False,0.156874,False,0.157022,1.57473,0.089069,1.96261,0.171119,True,0.0925788,0.00261672,0.991289,1.64805,2020-11-07,13,ok,,,,,3,2020-10,596.9,54.422,17.0207,4.2,6.2,2.7759,33.2,1.57473,0.0890687,0.266339
Howard County,24027,MD,325690,"standard, onset<2021-01-01, peak>=50% of max pre-2021 peak",7,False,3,True,2,2020-11-03,2021-01-10,2021-03-02,68,53.0741,2020-11-03,2020-11-16,14,824,False,True,0.0383705,0.0214198,False,4.54868,True,4.64453,1.26859,0.149939,1.41462,0.248717,True,0.0266771,0.00178773,0.87093,1.18674,2020-12-07,35,ok,,,,,3,2020-11,1324.2,184.763,14.8009,3.9,5.5,3.12195,33.2,1.26859,0.149939,-0.0579892
Montgomery County,24031,MD,1050688,"standard, onset<2021-01-01, peak>=50% of max pre-2021 peak",7,False,2,True,1,2020-12-21,2021-01-10,2021-02-12,20,54.6173,2020-12-21,2021-01-03,14,5795,False,True,0.00369798,0.00870958,False,5.38408,True,5.3928,1.02589,0.0609671,1.03727,0.0884485,True,0.00419469,0.00193366,0.343348,1.02936,2020-12-31,11,ok,,,,,3,2020-12,2153.8,133.796,16.4809,7.2,6.7,3.33321,33.2,1.02589,0.0609671,-0.125305
Prince George's County,24033,MD,909327,"standard, onset<2021-01-01, peak>=50% of max pre-2021 peak",7,False,2,False,0,2020-03-28,2020-05-04,2020-06-29,37,38.8513,2020-03-28,2020-04-10,14,1568,False,True,0.145978,0.0157644,False,3.71604,True,3.86601,2.02184,0.11035,2.90728,0.254296,True,0.0902986,0.00848539,0.869477,1.63209,2020-04-15,19,ok,,,,,3,2020-03,2003.9,49.0074,14.3357,11.2,9.5,3.30188,33.2,2.02185,0.110351,0.106218
Queen Anne's County,24035,MD,50381,"standard, onset<2021-01-01, peak>=50% of max pre-2021 peak",7,False,1,False,0,2020-12-16,2021-01-10,2021-02-21,25,75.9924,2020-12-18,2020-12-31,14,278,False,True,0.0372079,0.0393658,False,5.1889,True,5.44837,1.26046,0.275561,1.40115,0.455177,True,0.0216356,0.00983534,0.349667,1.15145,2020-12-28,11,ok,,,,,1,2020-12,134.2,32.0808,20.1207,5.2,6.9,2.12775,33.2,1.26046,0.275561,0.109264
St. Mary's County,24037,MD,113510,"standard, onset<2021-01-01, peak>=50% of max pre-2021 peak",7,True,2,True,1,2020-12-21,2021-01-10,2021-05-11,20,55.5017,2020-12-22,2021-01-04,14,467,False,True,0.0437778,0.029879,False,4.98917,True,5.11979,1.30644,0.209153,1.47802,0.353727,True,0.0225197,0.00626126,0.617884,1.15764,2020-12-31,10,ok,,,,,2,2020-12,317.3,36.9143,13.7567,5,7.3,2.50147,33.2,1.30644,0.209153,0.155253
Wicomico County,24045,MD,103609,"standard, onset<2021-01-01, peak>=50% of max pre-2021 peak",7,True,2,True,1,2020-12-10,2021-01-10,2021-03-01,31,70.0436,2020-12-14,2020-12-27,14,559,False,True,0.0168865,0.0121055,False,1.63605,False,1.64564,1.11821,0.0847388,1.17485,0.129641,True,0.0147287,0.00399263,0.576426,1.1031,2020-12-25,12,ok,,,,,2,2020-12,276.7,64.6793,16.554,8.3,14.2,2.44201,33.2,1.11821,0.0847385,-0.0329857
Worcester County,24047,MD,52276,"standard, onset<2021-01-01, peak>=50% of max pre-2021 peak",7,True,2,True,1,2020-11-10,2021-01-10,2021-02-15,61,84.9885,2020-11-24,2020-12-07,14,180,False,True,0.0712845,0.0431919,False,3.86772,True,4.03317,1.49899,0.302343,1.81956,0.561233,True,0.0761616,0.00813412,0.853901,1.53313,2020-12-10,17,ok,,,,,1,2020-11,112,85.7796,28.5189,7.6,11.7,2.04922,33.2,1.49899,0.302343,0.172409
Barnstable County,25001,MA,212990,"standard, onset<2021-01-01, peak>=50% of max pre-2021 peak",7,True,2,True,1,2020-11-07,2021-01-05,2021-02-19,59,71.7002,2020-11-07,2020-11-20,14,377,False,True,0.0883509,0.0230829,False,2.23962,True,2.23209,1.61846,0.16158,2.04743,0.316483,True,0.0500664,0.0044156,0.821158,1.35046,2020-12-06,30,ok,,,,,3,2020-11,580.9,91.268,32.2556,3.3,7.7,2.7641,33.5,1.61846,0.16158,0.291874
Berkshire County,25003,MA,124944,"standard, onset<2021-01-01, peak>=50% of max pre-2021 peak",7,True,2,True,1,2020-11-07,2021-01-07,2021-02-17,61,82.5513,2020-11-07,2020-11-20,14,372,False,True,0.0215461,0.026072,False,3.08006,True,3.17774,1.15082,0.182504,1.22521,0.284313,True,0.0351797,0.0022604,0.893076,1.24626,2020-12-07,31,ok,,,,,2,2020-11,139.2,109.28,24.5578,3.3,10,2.14364,33.5,1.15082,0.182504,-0.17576
Bristol County,25005,MA,565217,"standard, onset<2021-01-01, peak>=50% of max pre-2021 peak",7,True,2,True,1,2020-10-23,2021-01-07,2021-02-27,76,178.313,2020-10-23,2020-11-05,14,2106,False,True,0.013305,0.0189532,False,9.24741,True,9.29902,1.09313,0.132673,1.13677,0.200124,True,0.0227015,0.00218237,0.745191,1.15891,2020-11-30,39,ok,,,,,3,2020-10,1047.2,50.587,17.5052,3.8,10.1,3.02003,33.5,1.09313,0.132672,-0.215255
Essex County,25009,MA,789034,"standard, onset<2021-01-01, peak>=50% of max pre-2021 peak",7,True,2,True,1,2020-10-21,2021-01-07,2021-02-28,78,178.03,2020-10-21,2020-11-03,14,2409,False,True,0.0241336,0.0168833,False,8.352,True,8.38265,1.16894,0.118183,1.25357,0.185946,True,0.0292896,0.00147121,0.912513,1.20503,2020-11-29,40,ok,,,,,3,2020-10,1644.3,73.8427,17.8185,3.6,9,3.21598,33.5,1.16894,0.118183,-0.139455
Franklin County,25011,MA,70180,"standard, onset<2021-01-01, peak>=50% of max pre-2021 peak",7,True,2,True,1,2020-11-07,2020-12-12,2021-02-25,35,44.5792,2020-11-07,2020-11-20,14,71,False,True,-0.00402441,0.0339114,True,1.21906,False,1.25932,0.971829,0.23738,0.960096,0.333382,True,0.0150952,0.00448652,0.414355,1.10567,2020-11-24,18,ok,,,,,1,2020-11,101.6,63.3544,24.093,3.2,10.7,2.00689,33.5,0.971829,0.23738,-0.354754
Hampden County,25013,MA,466372,"standard, onset<2021-01-01, peak>=50% of max pre-2021 peak",7,True,2,True,1,2020-10-23,2021-01-07,2021-02-09,76,153.587,2020-10-23,2020-11-05,14,1507,False,True,0.0161324,0.0300544,False,16.6219,True,17.0219,1.11293,0.210381,1.16679,0.320908,True,0.0283378,0.00204938,0.837861,1.19836,2020-11-30,39,ok,,,,,3,2020-10,755,66.1193,17.5611,3.9,14.3,2.87795,33.5,1.11293,0.210381,-0.195464
Hampshire County,25015,MA,160830,"standard, onset<2021-01-01, peak>=50% of max pre-2021 peak",7,True,4,True,3,2020-11-04,2021-01-07,2021-01-26,64,78.1659,2020-11-04,2020-11-17,14,381,False,True,0.0523206,0.0148837,False,1.09844,False,1.11128,1.36624,0.104186,1.58069,0.181543,True,0.0157104,0.00263648,0.533889,1.10997,2020-12-06,33,ok,,,,,2,2020-11,307.9,127.535,18.6682,2.8,9.3,2.48841,33.5,1.36624,0.104186,0.0396615
Middlesex County,25017,MA,1611699,"standard, onset<2021-01-01, peak>=50% of max pre-2021 peak",7,True,1,False,0,2020-10-21,2021-01-07,2021-05-02,78,103.148,2020-10-21,2020-11-03,14,2752,False,True,0.0310603,0.0118531,False,4.68086,True,4.68684,1.21742,0.0829717,1.33086,0.133994,True,0.0361597,0.00169704,0.922765,1.25312,2020-11-29,40,ok,,,,,3,2020-10,1995.5,123.284,15.7737,2.9,7.1,3.30005,33.5,1.21742,0.0829717,-0.0909683
Norfolk County,25021,MA,706775,"standard, onset<2021-01-01, peak>=50% of max pre-2021 peak",7,True,2,True,1,2020-11-03,2021-01-05,2021-04-29,63,111.674,2020-11-03,2020-11-16,14,1770,False,True,0.0479014,0.0148996,False,4.68065,True,4.7221,1.33531,0.104297,1.5272,0.178972,True,0.028871,0.00261132,0.802939,1.2021,2020-12-04,32,ok,,,,,3,2020-11,1832.8,119.425,17.2842,2.3,5.9,3.26312,33.5,1.33531,0.104297,0.00872707
Plymouth County,25023,MA,521202,"standard, onset<2021-01-01, peak>=50% of max pre-2021 peak",7,True,2,True,1,2020-11-03,2021-01-05,2021-05-04,63,133.209,2020-11-03,2020-11-16,14,1350,False,True,0.0417767,0.0142593,False,3.29166,True,3.32405,1.29244,0.0998152,1.45442,0.167613,True,0.0311325,0.00295195,0.787576,1.21793,2020-12-04,32,ok,,,,,3,2020-11,806.1,63.6752,19.1981,2.8,7.2,2.90639,33.5,1.29244,0.0998151,-0.0341458
Suffolk County,25025,MA,803907,"standard, onset<2021-01-01, peak>=50% of max pre-2021 peak",7,True,3,True,2,2020-10-22,2021-01-07,2021-02-10,77,134.877,2020-10-22,2020-11-04,14,2687,False,True,-0.00457267,0.0202802,True,13.5344,True,13.6726,0.967991,0.141962,0.954712,0.198908,True,0.0139158,0.0017963,0.618616,1.09741,2020-11-29,39,ok,,,,,3,2020-10,13697.6,152.143,12.4627,3.8,16.5,4.13664,33.5,0.967991,0.141961,-0.340399
Worcester County,25027,MA,830622,"standard, onset<2021-01-01, peak>=50% of max pre-2021 peak",7,True,3,True,2,2020-10-29,2021-01-05,2021-02-10,68,110.588,2020-10-31,2020-11-13,14,3016,False,True,0.0776427,0.0166062,False,9.47155,True,9.49668,1.5435,0.116243,1.90302,0.220214,True,0.0278608,0.00333937,0.691873,1.19503,2020-12-02,33,ok,,,,,3,2020-10,570.7,93.3754,16.5039,2.8,9.5,2.75641,33.5,1.5435,0.116243,0.235108
Allegan County,26005,MI,118081,"standard, onset<2021-01-01, peak>=50% of max pre-2021 peak",7,True,1,False,0,2020-10-12,2020-11-14,2020-12-22,33,91.9466,2020-10-12,2020-10-25,14,300,False,True,0.0209901,0.0165403,False,0.760828,False,0.763867,1.14693,0.115782,1.21915,0.179984,True,0.0512111,0.00436115,0.901889,1.35848,2020-10-28,17,ok,,,,,2,2020-10,146,20.7465,17.6868,7,7.3,2.16435,2.8,1.14693,0.115782,-0.16146
Barry County,26015,MI,61550,"standard, onset<2021-01-01, peak>=50% of max pre-2021 peak",7,True,1,False,0,2020-10-03,2020-11-30,2021-02-06,58,111.872,2020-10-04,2020-10-17,14,168,False,True,0.0586326,0.0225091,False,1.65056,False,1.72963,1.41043,0.157564,1.65852,0.280521,True,0.0442431,0.00319432,0.876621,1.3097,2020-11-01,29,ok,,,,,1,2020-10,112.9,30.4375,19.3631,6.7,7.6,2.05269,2.8,1.41043,0.157564,0.102038
Bay County,26017,MI,103126,"standard, onset<2021-01-01, peak>=50% of max pre-2021 peak",7,True,3,True,2,2020-10-23,2020-11-11,2021-01-23,19,125.782,2020-10-23,2020-11-05,14,604,False,True,0.109075,0.0124831,False,1.65177,False,1.68397,1.76353,0.0873814,2.3406,0.182018,True,0.116035,0.00438045,0.988727,1.81225,2020-11-01,10,ok,,,,,2,2020-10,234.8,44.2921,21.2737,6.9,12.7,2.3707,2.8,1.76353,0.0873817,0.455135
Berrien County,26021,MI,153401,"standard, onset<2021-01-01, peak>=50% of max pre-2021 peak",7,True,4,True,2,2020-10-12,2020-11-18,2020-12-22,37,110.076,2020-10-12,2020-10-25,14,514,False,True,0.0494026,0.0364415,False,8.11653,True,8.30468,1.34582,0.25509,1.54528,0.440027,True,0.0400953,0.00305648,0.910094,1.28067,2020-10-30,19,ok,,,,,2,2020-10,271.8,79.0586,20.611,7.6,15.1,2.43425,2.8,1.34582,0.25509,0.0374278
Calhoun County,26025,MI,134159,"standard, onset<2021-01-01, peak>=50% of max pre-2021 peak",7,False,3,True,2,2020-12-31,2021-04-14,2021-05-27,104,71.5569,2021-02-16,2021-03-01,14,333,False,True,0.0266753,0.0157253,False,1.34543,False,1.36222,1.18673,0.110077,1.2817,0.174871,False,,,,,2021-02-21,6,ok,,,,,2,2020-12,190.2,57.3301,18.2838,6.5,15.1,2.27921,2.8,1.18673,0.110077,0.0355359
Clinton County,26037,MI,79595,"standard, onset<2021-01-01, peak>=50% of max pre-2021 peak",7,True,3,True,1,2020-09-19,2020-11-13,2020-12-21,55,91.8938,2020-09-27,2020-10-10,14,112,False,True,-0.0255783,0.0271057,True,1.48884,False,1.52825,0.820952,0.18974,0.757956,0.241938,True,0.0284998,0.00599002,0.557058,1.1995,2020-10-16,20,ok,,,,,1,2020-09,139.7,30.3306,18.3639,5.4,7.9,2.1452,2.8,0.820952,0.18974,-0.41956
Eaton County,26045,MI,110268,"standard, onset<2021-01-01, peak>=50% of max pre-2021 peak",7,True,3,True,1,2020-10-05,2020-11-30,2020-12-22,56,79.0282,2020-10-05,2020-10-18,14,196,False,True,0.0351619,0.0205629,False,0.585395,False,0.589222,1.24613,0.14394,1.37758,0.235996,True,0.0436967,0.00159892,0.965111,1.30588,2020-11-02,29,ok,,,,,2,2020-10,189.8,32.9746,19.4385,5.8,7.8,2.2783,2.8,1.24613,0.14394,-0.0622571
Genesee County,26049,MI,405813,"standard, onset<2021-01-01, peak>=50% of max pre-2021 peak",7,False,1,False,0,2020-09-22,2020-11-30,2021-02-12,69,83.9232,2020-09-22,2020-10-05,14,634,False,True,0.0316749,0.0238234,False,4.35417,True,4.53095,1.22172,0.166764,1.33782,0.269927,True,0.0308023,0.0015075,0.926748,1.21562,2020-10-26,35,ok,,,,,3,2020-09,637.8,82.4695,18.1556,6.2,18.3,2.80468,2.8,1.22172,0.166764,-0.018788
Grand Traverse County,26055,MI,93088,"standard, onset<2021-01-01, peak>=50% of max pre-2021 peak",7,False,3,True,1,2020-10-05,2020-12-05,2020-12-27,61,58.3166,2020-10-07,2020-10-20,14,133,False,True,-0.0107462,0.0370256,True,2.23037,True,2.34502,0.924777,0.259179,0.894963,0.353545,True,0.0389421,0.00414017,0.766176,1.2726,2020-11-04,29,ok,,,,,2,2020-10,205.1,133.35,21.4715,7.1,8.7,2.31197,2.8,0.924777,0.259179,-0.383614
Ingham County,26065,MI,292406,"standard, onset<2021-01-01, peak>=50% of max pre-2021 peak",7,True,2,False,0,2020-08-13,2020-09-13,2020-10-03,31,35.0296,2020-08-18,2020-08-31,14,143,False,True,0.0260459,0.0730009,False,9.25816,True,12.4157,1.18232,0.511006,1.27471,0.809867,True,0.0215255,0.00768649,0.465636,1.15068,2020-08-28,11,ok,,,,,3,2020-08,512.3,115.128,14.3959,6.3,13.8,2.70952,2.8,1.18232,0.511006,-0.258835
Ionia County,26067,MI,64697,"standard, onset<2021-01-01, peak>=50% of max pre-2021 peak",7,True,2,False,0,2020-10-06,2020-11-30,2020-12-22,55,115.263,2020-10-06,2020-10-19,14,180,False,True,0.0612383,0.0217869,False,1.91842,False,2.13578,1.42867,0.152508,1.69114,0.273905,True,0.0409851,0.00202808,0.940147,1.2869,2020-11-02,28,ok,,,,,1,2020-10,116.9,25.4476,15.6473,6.7,9.6,2.06781,2.8,1.42867,0.152508,0.120278
Isabella County,26073,MI,69872,"standard, onset<2021-01-01, peak>=50% of max pre-2021 peak",7,True,2,True,1,2020-10-23,2020-11-14,2021-01-14,22,93.4362,2020-10-23,2020-11-05,14,329,False,True,0.0375574,0.0158882,False,0.522893,False,0.522226,1.2629,0.111218,1.4052,0.183945,True,0.0639624,0.0060468,0.91796,1.44774,2020-11-03,12,ok,,,,,1,2020-10,112.4,49.6941,13.8196,9.7,17.4,2.05077,2.8,1.2629,0.111217,-0.0454886
Jackson County,26075,MI,158510,"standard, onset<2021-01-01, peak>=50% of max pre-2021 peak",7,True,1,False,0,2020-10-05,2020-11-30,2021-02-10,56,109.232,2020-10-05,2020-10-18,14,339,False,True,0.029604,0.026043,False,2.78652,True,2.80905,1.20723,0.182301,1.31444,0.292811,True,0.0347938,0.00196572,0.920658,1.24356,2020-11-02,29,ok,,,,,2,2020-10,228.5,43.0266,18.6629,6.2,12.6,2.35889,2.8,1.20723,0.182301,-0.101162
Kalamazoo County,26077,MI,265066,"standard, onset<2021-01-01, peak>=50% of max pre-2021 peak",7,False,2,True,1,2020-09-08,2020-11-11,2021-02-04,64,66.7758,2020-09-08,2020-09-21,14,525,False,True,0.0300422,0.0218786,False,3.04467,True,3.32905,1.2103,0.15315,1.31938,0.246391,True,0.0195321,0.00141548,0.859988,1.13672,2020-10-10,33,ok,,,,,3,2020-09,465.6,98.5975,15.7687,6.8,12,2.66801,2.8,1.2103,0.15315,-0.0302169
Kent County,26081,MI,656955,"standard, onset<2021-01-01, peak>=50% of max pre-2021 peak",7,True,3,True,2,2020-10-07,2020-11-11,2021-01-29,35,110.575,2020-10-07,2020-10-20,14,2047,False,True,0.0466091,0.0159244,False,6.19259,True,6.18636,1.32626,0.111471,1.51171,0.190417,True,0.0388932,0.00263412,0.931627,1.27225,2020-10-24,18,ok,,,,,3,2020-10,775.1,93.6207,14.5544,7.1,11.1,2.88936,2.8,1.32626,0.111471,0.0178733
Lapeer County,26087,MI,87607,"standard, onset<2021-01-01, peak>=50% of max pre-2021 peak",7,True,2,True,1,2020-10-12,2020-11-30,2021-01-30,49,104.362,2020-10-12,2020-10-25,14,177,False,True,-0.00484308,0.0214787,True,1.70502,False,1.74377,0.966098,0.150351,0.952062,0.210418,True,0.0242234,0.00276305,0.769674,1.16956,2020-11-05,25,ok,,,,,1,2020-10,137,36.1096,19.4958,7,8.2,2.13672,2.8,0.966098,0.150351,-0.342292
Lenawee County,26091,MI,98451,"standard, onset<2021-01-01, peak>=50% of max pre-2021 peak",7,False,1,False,0,2020-10-09,2021-04-11,2021-05-22,184,86.7727,2020-10-11,2020-10-24,14,170,False,True,0.0134553,0.0219376,False,1.66012,False,1.68841,1.09419,0.153563,1.13836,0.231773,True,0.0179289,0.00161472,0.580754,1.1255,2021-01-09,91,ok,,,,,2,2020-10,132.6,22.1277,19.6293,6.9,9.5,2.12254,2.8,1.09419,0.153563,-0.214203
Livingston County,26093,MI,191995,"standard, onset<2021-01-01, peak>=50% of max pre-2021 peak",7,True,4,True,2,2020-10-13,2020-11-30,2020-12-22,48,83.9308,2020-10-13,2020-10-26,14,421,False,True,0.0334055,0.0249155,False,3.15816,True,3.17028,1.23384,0.174408,1.35749,0.284112,True,0.0514153,0.002977,0.928412,1.35991,2020-11-06,25,ok,,,,,2,2020-10,343,49.5187,18.9543,4.1,5.3,2.53529,2.8,1.23384,0.174408,-0.0745519
Macomb County,26099,MI,873972,"standard, onset<2021-01-01, peak>=50% of max pre-2021 peak",7,True,2,True,1,2020-10-12,2020-11-30,2020-12-22,49,95.5408,2020-10-20,2020-11-02,14,3304,False,True,0.0689306,0.0146248,False,8.17181,True,8.07956,1.48251,0.102373,1.78909,0.188588,True,0.0599184,0.00362626,0.947921,1.41943,2020-11-05,17,ok,,,,,3,2020-10,1838.4,54.0162,17.7719,6.6,9.2,3.26444,2.8,1.48251,0.102374,0.174124
Marquette County,26103,MI,66699,"standard, onset<2021-01-01, peak>=50% of max pre-2021 peak",7,True,1,False,0,2020-09-29,2020-11-11,2021-01-23,43,117.157,2020-09-29,2020-10-12,14,163,False,True,0.0441698,0.0226468,False,0.340736,False,0.342588,1.30919,0.158528,1.48267,0.268481,True,0.0862355,0.00703815,0.88244,1.60365,2020-10-20,22,ok,,,,,1,2020-09,36.5,115.122,20.3554,6.6,13.6,1.56229,2.8,1.30919,0.158528,0.0686763
Midland County,26111,MI,83156,"standard, onset<2021-01-01, peak>=50% of max pre-2021 peak",7,True,2,False,0,2020-10-17,2020-11-11,2020-12-22,25,105.653,2020-10-17,2020-10-30,14,357,False,True,0.0693583,0.0225482,False,2.09741,True,2.08643,1.48551,0.157838,1.7946,0.291166,True,0.0729715,0.00468513,0.956622,1.5108,2020-10-29,13,ok,,,,,1,2020-10,161.4,100.606,19.417,5.4,10.1,2.2079,2.8,1.48551,0.157837,0.177118
Monroe County,26115,MI,150500,"standard, onset<2021-01-01, peak>=50% of max pre-2021 peak",7,True,1,False,0,2020-10-12,2020-11-21,2021-02-15,40,93.5928,2020-10-12,2020-10-25,14,283,False,True,0.0171837,0.0322822,False,3.5998,True,3.81852,1.12029,0.225975,1.17804,0.34612,True,0.0480242,0.0036906,0.899112,1.33617,2020-11-01,21,ok,,,,,2,2020-10,281.8,35.5277,19.3122,5.2,9.7,2.44994,2.8,1.12029,0.225975,-0.188105
Montcalm County,26117,MI,63888,"standard, onset<2021-01-01, peak>=50% of max pre-2021 peak",7,True,1,False,0,2020-10-12,2020-11-30,2021-01-23,49,100.846,2020-10-12,2020-10-25,14,210,False,True,0.0466692,0.0446571,False,4.99574,True,5.16162,1.32668,0.3126,1.51243,0.534104,True,0.0410427,0.00444769,0.78734,1.2873,2020-11-05,25,ok,,,,,1,2020-10,94.4,31.5249,18.5396,7.3,13.1,1.97497,2.8,1.32668,0.3126,0.018294
Muskegon County,26121,MI,173566,"standard, onset<2021-01-01, peak>=50% of max pre-2021 peak",7,True,2,True,1,2020-10-21,2020-11-14,2021-01-14,24,128.399,2020-10-21,2020-11-03,14,1009,False,True,0.114826,0.0231562,False,5.66272,True,5.76565,1.80378,0.162093,2.42515,0.343237,True,0.113344,0.00560005,0.97385,1.79341,2020-11-02,13,ok,,,,,2,2020-10,348.9,56.3063,18.0612,5.9,12.3,2.5427,2.8,1.80378,0.162093,0.495392
Oakland County,26125,MI,1257584,"standard, onset<2021-01-01, peak>=50% of max pre-2021 peak",7,True,3,True,2,2020-10-16,2020-11-30,2021-02-08,45,71.4068,2020-10-16,2020-10-29,14,3332,False,True,0.0717873,0.0124982,False,5.98966,True,6.00259,1.50251,0.0874873,1.82609,0.162665,True,0.0520784,0.00284692,0.94095,1.36455,2020-11-07,23,ok,,,,,3,2020-10,1469.4,137.32,17.7788,4.8,7.8,3.16714,2.8,1.50251,0.0874874,0.194121
Ottawa County,26139,MI,291830,"standard, onset<2021-01-01, peak>=50% of max pre-2021 peak",7,True,3,True,1,2020-10-21,2020-11-11,2020-12-22,21,118.905,2020-10-21,2020-11-03,14,1752,False,True,0.0820958,0.0156337,False,4.83527,True,5.25308,1.57467,0.109436,1.96249,0.210242,True,0.0854817,0.00452283,0.975424,1.59837,2020-10-31,11,ok,,,,,3,2020-10,525.6,66.8467,16.0645,5.2,6.7,2.72066,2.8,1.57467,0.109436,0.26628
Saginaw County,26145,MI,190539,"standard, onset<2021-01-01, peak>=50% of max pre-2021 peak",7,True,2,False,0,2020-10-10,2020-11-11,2020-12-22,32,102.866,2020-10-10,2020-10-23,14,445,False,True,0.0741749,0.034189,False,5.96103,True,5.92121,1.51922,0.239323,1.85729,0.448401,True,0.0734827,0.00304271,0.974927,1.51438,2020-10-26,17,ok,,,,,2,2020-10,237.4,86.2595,19.836,6.2,15.9,2.37548,2.8,1.51922,0.239323,0.210834
St. Clair County,26147,MI,159128,"standard, onset<2021-01-01, peak>=50% of max pre-2021 peak",7,True,1,False,0,2020-10-11,2020-11-30,2021-02-06,50,87.2613,2020-10-11,2020-10-24,14,321,False,True,0.0623882,0.0163287,False,1.42493,False,1.40756,1.43672,0.114301,1.70562,0.206073,True,0.0495255,0.00202601,0.961387,1.34668,2020-11-05,26,ok,,,,,2,2020-10,222.3,43.6455,19.8001,6.7,12.4,2.34694,2.8,1.43672,0.114301,0.128327
St. Joseph County,26149,MI,60964,"standard, onset<2021-01-01, peak>=50% of max pre-2021 peak",7,False,2,False,0,2020-09-25,2020-11-11,2020-12-22,47,89.2799,2020-09-25,2020-10-08,14,127,False,True,0.00675041,0.0253601,False,1.44792,False,1.47546,1.04725,0.177521,1.06846,0.260791,True,0.0382655,0.00349641,0.844826,1.26786,2020-10-18,24,ok,,,,,1,2020-09,121.7,27.8967,18.6498,10.4,13,2.08529,2.8,1.04725,0.177521,-0.193259
Shiawassee County,26155,MI,68122,"standard, onset<2021-01-01, peak>=50% of max pre-2021 peak",7,False,2,True,1,2020-10-18,2020-11-30,2021-02-17,43,89.1258,2020-10-18,2020-10-31,14,176,False,True,0.0558972,0.0558583,False,6.47599,True,7.1686,1.39128,0.391008,1.62459,0.68972,True,0.0655805,0.00414505,0.926013,1.45906,2020-11-08,22,ok,,,,,1,2020-10,128.3,36.714,19.3424,5.4,11.6,2.10823,2.8,1.39128,0.391008,0.08289
Van Buren County,26159,MI,75677,"standard, onset<2021-01-01, peak>=50% of max pre-2021 peak",7,True,1,False,0,2020-10-12,2020-11-20,2021-02-08,39,92.6872,2020-10-12,2020-10-25,14,194,False,True,0.0415271,0.0207301,False,1.7797,False,1.8178,1.29069,0.145111,1.45149,0.243458,True,0.0608746,0.00410757,0.924254,1.42612,2020-10-31,20,ok,,,,,1,2020-10,124.4,50.2732,19.2202,8.7,14.1,2.09482,2.8,1.29069,0.145111,-0.0177007
Washtenaw County,26161,MI,367601,"standard, onset<2021-01-01, peak>=50% of max pre-2021 peak",7,True,5,True,3,2020-09-23,2020-11-30,2020-12-22,68,53.5907,2020-10-04,2020-10-17,14,771,False,True,0.106593,0.0110142,False,0.573244,False,0.571546,1.74615,0.0770993,2.30454,0.159451,True,0.0497606,0.00483109,0.828248,1.34832,2020-10-27,24,ok,,,,,3,2020-09,527.3,176.222,15.0232,5.1,12,2.72206,2.8,1.74615,0.0770994,0.505639
Wayne County,26163,MI,1749343,"standard, onset<2021-01-01, peak>=50% of max pre-2021 peak",7,True,2,False,0,2020-03-20,2020-04-04,2020-06-10,15,43.3632,2020-03-20,2020-04-02,14,4950,False,True,0.151985,0.0124325,False,7.15093,True,7.22874,2.0639,0.0870278,3.00494,0.203687,True,0.197977,0.010309,0.983992,2.38584,2020-03-27,8,ok,,,,,3,2020-03,2931.4,69.415,16.0523,6.5,20,3.46708,2.8,2.0639,0.0870275,0.148267
Anoka County,27003,MN,356921,"standard, onset<2021-01-01, peak>=50% of max pre-2021 peak",7,True,2,True,1,2020-10-12,2020-11-13,2020-12-25,32,167.864,2020-10-21,2020-11-03,14,2360,False,True,0.0424402,0.0515936,False,75.2821,True,102.034,1.29708,0.361155,1.46223,0.607901,True,0.0998506,0.0164987,0.859245,1.69895,2020-10-28,8,ok,,,,,3,2020-10,862.4,47.5422,15.0316,5.3,7.1,2.93571,7.1,1.29708,0.361155,-0.011309
Blue Earth County,27013,MN,67653,"standard, onset<2021-01-01, peak>=50% of max pre-2021 peak",7,True,4,True,2,2020-10-25,2020-11-17,2020-12-22,23,157.104,2020-10-26,2020-11-08,14,490,False,True,0.085241,0.0377612,False,7.84019,True,8.7728,1.59669,0.264328,2.005,0.512801,True,0.0822921,0.00942328,0.894444,1.57604,2020-11-05,11,ok,,,,,1,2020-10,92.4,92.6033,14.7587,6,11,1.96567,7.1,1.59669,0.264328,0.288297
Carver County,27019,MN,105089,"standard, onset<2021-01-01, peak>=50% of max pre-2021 peak",7,True,2,True,1,2020-10-25,2020-11-17,2020-12-24,23,136.211,2020-10-27,2020-11-09,14,549,False,True,0.0695159,0.0355966,False,8.03649,True,9.07111,1.48661,0.249176,1.79664,0.459896,True,0.0579571,0.0103221,0.797605,1.4057,2020-11-05,10,ok,,,,,2,2020-10,302,86.044,13.7072,3.5,3.5,2.48001,7.1,1.48661,0.249176,0.178221
Chisago County,27025,MN,56579,"standard, onset<2021-01-01, peak>=50% of max pre-2021 peak",7,True,1,False,0,2020-09-30,2020-11-13,2021-01-31,44,169.169,2020-10-01,2020-10-14,14,195,False,True,0.0190759,0.0342364,False,2.78748,True,3.37651,1.13353,0.239655,1.1984,0.369794,True,0.0457846,0.00357466,0.891332,1.32049,2020-10-22,22,ok,,,,,1,2020-09,136.5,49.4516,16.6493,4.4,6.3,2.13513,7.1,1.13353,0.239655,-0.106981
Clay County,27027,MN,64222,"standard, onset<2021-01-01, peak>=50% of max pre-2021 peak",7,True,2,True,1,2020-09-30,2020-11-24,2020-12-25,55,154.598,2020-10-04,2020-10-17,14,462,False,True,0.0948666,0.0585775,False,17.4267,True,19.2058,1.66407,0.410043,2.13766,0.819171,True,0.0431844,0.00435051,0.817474,1.30229,2020-10-27,24,ok,,,,,1,2020-09,62.5,19.9026,13.716,6.1,8.8,1.79588,7.1,1.66407,0.410042,0.423554
Crow Wing County,27035,MN,65055,"standard, onset<2021-01-01, peak>=50% of max pre-2021 peak",7,True,1,False,0,2020-09-23,2020-11-13,2020-12-23,51,174.797,2020-10-11,2020-10-24,14,274,False,True,-0.0292994,0.0732491,True,17.821,True,23.4903,0.794905,0.512744,0.725034,0.642353,True,0.096014,0.0197959,0.796779,1.6721,2020-10-18,8,ok,,,,,1,2020-09,66.2,102.839,23.7724,7.1,8.5,1.82086,7.1,0.794904,0.512744,-0.445608
Dakota County,27037,MN,429021,"standard, onset<2021-01-01, peak>=50% of max pre-2021 peak",7,True,3,True,2,2020-10-12,2020-11-14,2021-01-22,33,119.042,2020-10-21,2020-11-03,14,1863,False,True,0.0371686,0.0557214,False,69.6729,True,93.5996,1.26018,0.39005,1.4007,0.6442,True,0.0710373,0.0145806,0.79823,1.49726,2020-10-28,8,ok,,,,,3,2020-10,782,60.6981,15.3562,4.6,4.8,2.89321,7.1,1.26018,0.39005,-0.0482102
Hennepin County,27053,MN,1265843,"standard, onset<2021-01-01, peak>=50% of max pre-2021 peak",7,True,1,False,0,2020-09-15,2020-11-13,2021-05-17,59,102.913,2020-09-16,2020-09-29,14,2539,False,True,0.0317511,0.0138312,False,5.87715,True,5.92568,1.22226,0.0968185,1.33868,0.156757,True,0.0186957,0.00141033,0.866816,1.13087,2020-10-14,29,ok,,,,,3,2020-09,2313.1,118.917,14.8978,5.5,9.3,3.36419,7.1,1.22226,0.0968184,-0.0182546
Olmsted County,27109,MN,158293,"standard, onset<2021-01-01, peak>=50% of max pre-2021 peak",7,True,1,False,0,2020-09-23,2020-11-17,2021-02-22,55,122.919,2020-10-11,2020-10-24,14,415,False,True,-0.0352903,0.0752653,True,28.3638,True,38.0447,0.752968,0.526857,0.673251,0.641095,True,0.0322453,0.0162029,0.33113,1.22572,2020-10-20,10,ok,,,,,2,2020-09,249.2,232.12,16.1501,4.7,6.4,2.39655,7.1,0.752968,0.526857,-0.487544
Otter Tail County,27111,MN,58746,"standard, onset<2021-01-01, peak>=50% of max pre-2021 peak",7,True,1,False,0,2020-10-12,2020-11-13,2021-01-21,32,191.867,2020-10-13,2020-10-26,14,299,False,True,-0.0394266,0.0754295,True,20.4478,True,27.6763,0.724014,0.528007,0.638378,0.62939,True,0.0142371,0.00680525,0.23817,1.09966,2020-10-28,16,ok,,,,,1,2020-10,30.5,53.2614,24.7716,7.3,7.8,1.4843,7.1,0.724014,0.528006,-0.584377
Ramsey County,27123,MN,550321,"standard, onset<2021-01-01, peak>=50% of max pre-2021 peak",7,True,2,True,1,2020-10-09,2020-11-13,2021-01-22,35,102.797,2020-10-11,2020-10-24,14,1739,False,True,-0.029846,0.0712684,True,107.028,True,143.361,0.791078,0.498879,0.720246,0.623347,True,0.0190257,0.00679537,0.358942,1.13318,2020-10-26,16,ok,,,,,3,2020-10,3628,108.264,15.0489,6.9,12.6,3.55967,7.1,0.791078,0.498879,-0.517312
Rice County,27131,MN,66972,"standard, onset<2021-01-01, peak>=50% of max pre-2021 peak",7,True,2,True,1,2020-10-25,2020-11-17,2021-02-02,23,190.271,2020-10-25,2020-11-07,14,446,False,True,0.0899855,0.0409979,False,8.3293,True,8.7881,1.6299,0.286985,2.0699,0.564926,True,0.0805008,0.0135307,0.779718,1.56351,2020-11-05,12,ok,,,,,1,2020-10,135.3,86.442,16.26,6.5,8.4,2.1313,7.1,1.6299,0.286985,0.321508
St. Louis County,27137,MN,199070,"standard, onset<2021-01-01, peak>=50% of max pre-2021 peak",7,True,1,False,0,2020-09-15,2020-11-22,2021-02-01,68,125.082,2020-09-15,2020-09-28,14,498,False,True,0.0114806,0.0208286,False,2.64232,True,2.67717,1.08036,0.1458,1.11757,0.218329,True,0.0168932,0.00192721,0.699553,1.11825,2020-10-19,35,ok,,,,,2,2020-09,32.1,122.858,20.5083,6,10.1,1.50651,7.1,1.08036,0.1458,-0.160148
Scott County,27139,MN,149013,"standard, onset<2021-01-01, peak>=50% of max pre-2021 peak",7,True,1,False,0,2020-10-09,2020-11-17,2021-01-26,39,159.622,2020-10-11,2020-10-24,14,459,False,True,-0.0420056,0.0817445,True,36.7716,True,49.546,0.705961,0.572211,0.616998,0.673228,True,0.0460521,0.00700889,0.729601,1.32236,2020-10-28,18,ok,,,,,2,2020-10,423.6,49.6926,12.0779,4.8,4.3,2.62696,7.1,0.705961,0.572211,-0.60243
Sherburne County,27141,MN,97238,"standard, onset<2021-01-01, peak>=50% of max pre-2021 peak",7,True,1,False,0,2020-10-12,2020-11-14,2021-01-15,33,191.724,2020-10-21,2020-11-03,14,574,False,True,0.0927202,0.0603607,False,23.0994,True,30.0515,1.64904,0.422525,2.10774,0.838667,True,0.11446,0.0140493,0.917097,1.80122,2020-10-28,8,ok,,,,,2,2020-10,224.5,38.0725,12.4178,4.6,4.4,2.35122,7.1,1.64904,0.422525,0.340651
Stearns County,27145,MN,161075,"standard, onset<2021-01-01, peak>=50% of max pre-2021 peak",7,True,3,True,2,2020-10-03,2020-11-13,2021-01-11,41,203.543,2020-10-03,2020-10-16,14,888,False,True,0.0520483,0.0657569,False,45.5091,True,53.9603,1.36434,0.460298,1.57737,0.801315,True,0.0412989,0.00590775,0.720048,1.28909,2020-10-23,21,ok,,,,,2,2020-10,117.9,97.9203,15.8719,6.8,10.6,2.07151,7.1,1.36434,0.460298,0.0559477
Washington County,27163,MN,262440,"standard, onset<2021-01-01, peak>=50% of max pre-2021 peak",7,True,1,False,0,2020-09-21,2020-11-14,2021-01-27,54,124.981,2020-09-21,2020-10-04,14,559,False,True,0.0117623,0.0120947,False,1.23845,False,1.25868,1.08234,0.0846627,1.12053,0.126922,True,0.0397284,0.0028755,0.880122,1.2781,2020-10-18,28,ok,,,,,3,2020-09,695.5,106.141,16.1817,4.2,4.4,2.8423,7.1,1.08234,0.0846629,-0.158176
Winona County,27169,MN,50484,"standard, onset<2021-01-01, peak>=50% of max pre-2021 peak",7,True,1,False,0,2020-08-24,2020-11-13,2021-02-07,81,127.056,2020-09-22,2020-10-05,14,149,False,True,0.0523519,0.0359507,False,2.28158,True,2.38973,1.36646,0.251655,1.58107,0.438554,True,0.0701473,0.00720707,0.90452,1.49103,2020-10-03,12,ok,,,,,1,2020-08,79.3,36.2384,18.1998,6.3,11,1.89927,7.1,1.36646,0.251655,-0.0746933
Wright County,27171,MN,138377,"standard, onset<2021-01-01, peak>=50% of max pre-2021 peak",7,True,1,False,0,2020-09-29,2020-11-13,2021-01-24,45,160.431,2020-10-02,2020-10-15,14,440,False,True,0.045844,0.0385411,False,7.80376,True,9.35126,1.32091,0.269788,1.50257,0.45962,True,0.0149771,0.00512733,0.321584,1.10484,2020-10-21,20,ok,,,,,2,2020-09,213.8,40.3291,13.6801,6.3,4.6,2.33001,7.1,1.32091,0.269788,0.0803957
Forrest County,28035,MS,74897,"standard, onset<2021-01-01, peak>=50% of max pre-2021 peak",7,False,1,False,0,2020-04-04,2020-07-27,2020-11-08,114,46.9216,2020-04-20,2020-05-03,14,88,False,True,-0.012996,0.0304888,True,1.23218,False,1.45198,0.909028,0.213421,0.873587,0.288246,True,0.018708,0.00328026,0.448479,1.13096,2020-05-31,42,ok,,,,,1,2020-04,167.7,87.0032,14.0702,14.6,24.9,2.22453,-16.5,0.909028,0.213422,-0.507187
Harrison County,28047,MS,208080,"standard, onset<2021-01-01, peak>=50% of max pre-2021 peak",7,False,1,False,0,2020-09-23,2021-01-13,2021-03-16,112,92.4095,2020-09-27,2020-10-10,14,487,False,True,0.0813298,0.0453662,False,11.3346,True,12.2238,1.56931,0.317563,1.9522,0.608626,True,0.00874088,0.0028744,0.153489,1.06119,2020-11-18,53,ok,,,,,2,2020-09,363.7,56.0826,16.0113,14.4,16.8,2.56074,-16.5,1.56931,0.317563,0.328796
Hinds County,28049,MS,231840,"standard, onset<2021-01-01, peak>=50% of max pre-2021 peak",7,True,2,False,0,2020-06-19,2020-07-23,2020-09-01,34,60.0168,2020-06-19,2020-07-02,14,857,False,True,0.0311277,0.0563738,False,32.9706,True,44.5138,1.21789,0.394617,1.33163,0.63744,True,0.0361299,0.0103655,0.431604,1.25291,2020-07-06,18,ok,,,,,3,2020-06,261.8,87.3796,15.3595,12.1,25.9,2.41797,-16.5,1.21789,0.394617,-0.414923
Jackson County,28059,MS,143617,"standard, onset<2021-01-01, peak>=50% of max pre-2021 peak",7,True,3,True,1,2020-06-22,2020-07-21,2020-09-15,29,57.7926,2020-06-22,2020-07-05,14,237,False,True,0.070089,0.0428533,False,5.02314,True,5.6767,1.49062,0.299973,1.80405,0.554681,True,0.0657907,0.00638269,0.890984,1.46054,2020-07-06,15,ok,,,,,2,2020-06,198.2,46.0727,16.7272,13,13.4,2.2971,-16.5,1.49062,0.299973,-0.142194
Jones County,28067,MS,68098,"standard, onset<2021-01-01, peak>=50% of max pre-2021 peak",7,False,2,True,1,2020-10-30,2021-01-11,2021-03-15,73,123.561,2020-10-30,2020-11-12,14,199,False,True,-0.0158094,0.0639819,True,9.9489,True,12.518,0.889334,0.447874,0.847155,0.597336,True,0.0404994,0.00236048,0.893737,1.2835,2020-12-05,37,ok,,,,,1,2020-10,96.8,49.0736,17.6442,14.1,18.8,1.98588,-16.5,0.889334,0.447873,-0.419056
Lafayette County,28071,MS,54019,"standard, onset<2021-01-01, peak>=50% of max pre-2021 peak",7,True,3,False,0,2020-08-17,2020-09-04,2020-09-23,18,90.4444,2020-08-18,2020-08-31,14,364,False,True,0.127074,0.0236703,False,2.06265,True,2.0475,1.88952,0.165692,2.60985,0.363034,True,0.123935,0.0103444,0.953502,1.86755,2020-08-26,9,ok,,,,,1,2020-08,88.4,71.6679,14.1956,14.7,17.6,1.94645,-16.5,1.88952,0.165692,0.448361
Lamar County,28073,MS,63343,"standard, onset<2021-01-01, peak>=50% of max pre-2021 peak",7,False,1,False,0,2020-06-19,2020-07-15,2020-08-10,26,50.7441,2020-06-26,2020-07-09,14,133,False,True,0.0193636,0.040887,False,2.71123,True,2.90026,1.13555,0.286209,1.20151,0.442123,True,0.0629946,0.00820109,0.921877,1.44096,2020-07-02,7,ok,,,,,1,2020-06,129.3,126.125,15.1521,14.6,12.6,2.1116,-16.5,1.13555,0.286209,-0.497271
Lauderdale County,28075,MS,74125,"standard, onset<2021-01-01, peak>=50% of max pre-2021 peak",7,False,2,True,1,2020-09-28,2021-01-13,2021-03-13,107,88.0752,2020-09-28,2020-10-11,14,164,False,True,0.0823461,0.0581664,False,6.26235,True,6.52736,1.57642,0.407165,1.96586,0.782834,True,0.0257988,0.00190505,0.779094,1.18059,2020-11-20,54,ok,,,,,1,2020-09,103.7,100.022,17.8902,13.6,22.5,2.01578,-16.5,1.57642,0.407165,0.33591
Lee County,28081,MS,85436,"standard, onset<2021-01-01, peak>=50% of max pre-2021 peak",7,False,1,False,0,2020-05-26,2020-08-21,2020-09-10,87,49.9957,2020-06-18,2020-07-01,14,163,False,True,0.0299072,0.078632,False,12.2116,True,15.6522,1.20935,0.550424,1.31785,0.88509,True,0.00345093,0.00986742,0.00639625,1.02416,2020-07-08,21,ok,,,,,1,2020-05,185.2,117.586,15.2694,13.8,13.3,2.26764,-16.5,1.20935,0.550424,-0.245905
Lowndes County,28087,MS,58595,"standard, onset<2021-01-01, peak>=50% of max pre-2021 peak",7,True,3,True,2,2020-11-01,2020-12-12,2021-02-13,41,136.287,2020-11-14,2020-11-27,14,256,False,True,-0.0111664,0.0387611,True,4.70441,True,4.84573,0.921835,0.271328,0.890954,0.369433,True,0.061898,0.0124102,0.805679,1.43329,2020-11-21,8,ok,,,,,1,2020-11,116.5,47.5552,16.5373,13,16.5,2.06633,-16.5,0.921835,0.271328,-0.404748
Madison County,28089,MS,106272,"standard, onset<2021-01-01, peak>=50% of max pre-2021 peak",7,False,2,False,0,2020-04-19,2020-07-23,2020-09-06,95,49.3343,2020-04-19,2020-05-02,14,141,False,True,0.047026,0.0243881,False,1.99382,False,2.01583,1.32918,0.170717,1.5167,0.29205,True,0.00410287,0.00370738,0.0259341,1.02872,2020-06-05,48,ok,,,,,2,2020-04,152.8,130.102,14.3589,9.9,12.6,2.18412,-16.5,1.32918,0.170717,-0.087033
Rankin County,28121,MS,155271,"standard, onset<2021-01-01, peak>=50% of max pre-2021 peak",7,False,2,True,1,2020-10-24,2021-01-09,2021-02-20,77,89.5209,2020-11-01,2020-11-14,14,557,False,True,0.0221009,0.0574239,False,22.3656,True,27.814,1.15471,0.401968,1.23127,0.627542,True,0.0377368,0.00292943,0.851241,1.26416,2020-12-01,31,ok,,,,,2,2020-10,202.5,56.6767,16.2783,11.3,10,2.30643,-16.5,1.15471,0.401967,-0.153684
Boone County,29019,MO,180463,"standard, onset<2021-01-01, peak>=50% of max pre-2021 peak",7,True,4,True,2,2020-08-15,2020-08-30,2020-09-27,15,77.974,2020-08-15,2020-08-28,14,1096,False,True,0.0957099,0.0192828,False,4.47133,True,4.50221,1.66997,0.13498,2.14947,0.270341,True,0.0770148,0.0111881,0.887607,1.5391,2020-08-22,8,ok,,,,,2,2020-08,267.8,119.819,13.5668,10.7,12.8,2.42781,-15.4,1.66997,0.13498,0.228813
Buchanan County,29021,MO,87364,"standard, onset<2021-01-01, peak>=50% of max pre-2021 peak",7,True,3,False,0,2020-04-20,2020-04-28,2020-06-05,8,50.5275,2020-04-20,2020-04-28,9,213,True,False,0.67629,0.184568,False,13.9313,True,11.9566,5.73403,1.29197,17.3676,7.08816,False,,,,,2020-04-24,5,ok,,,,,1,2020-04,207.7,64.8638,17.0026,13.6,13.1,2.31744,-15.4,5.73403,1.29198,4.31782
Cape Girardeau County,29031,MO,78871,"standard, onset<2021-01-01, peak>=50% of max pre-2021 peak",7,True,3,True,2,2020-10-18,2020-11-09,2021-02-07,22,146.713,2020-10-18,2020-10-31,14,499,False,True,0.0479693,0.012971,False,1.01842,False,1.03535,1.33579,0.0907971,1.52802,0.155843,True,0.0492162,0.00247616,0.975312,1.34451,2020-10-29,12,ok,,,,,1,2020-10,141.2,90.5642,17.4985,12.2,11.9,2.14983,-15.4,1.33579,0.090797,0.0273947
Cass County,29037,MO,105780,"standard, onset<2021-01-01, peak>=50% of max pre-2021 peak",7,True,2,True,1,2020-09-09,2020-11-13,2021-02-19,65,74.5483,2020-09-09,2020-09-22,14,263,False,True,-0.00325924,0.017619,True,0.566532,False,0.569895,0.977185,0.123333,0.967631,0.173778,True,0.00321086,0.00247561,0.0514714,1.02248,2020-10-11,33,ok,,,,,2,2020-09,154.8,25.0408,17.8161,11.9,6.8,2.18977,-15.4,0.977185,0.123333,-0.263327
Clay County,29047,MO,249948,"standard, onset<2021-01-01, peak>=50% of max pre-2021 peak",7,False,2,False,0,2020-10-01,2020-11-09,2020-11-20,39,34.6358,2020-10-01,2020-10-14,14,363,False,True,-0.0165474,0.028877,True,3.69564,True,3.77862,0.884168,0.202139,0.840276,0.2687,True,0.00961655,0.00479083,0.182902,1.06732,2020-10-20,20,ok,,,,,3,2020-10,637.1,59.9996,15.0082,10,7.7,2.80421,-15.4,0.884168,0.202139,-0.424222
Cole County,29051,MO,76745,"standard, onset<2021-01-01, peak>=50% of max pre-2021 peak",7,False,1,False,0,2020-08-01,2020-11-07,2021-02-03,98,184.842,2020-08-06,2020-08-19,14,302,False,True,-0.024659,0.0350113,True,4.50121,True,5.12141,0.827387,0.245079,0.76618,0.313853,True,0.0102989,0.00196129,0.39071,1.07209,2020-09-19,45,ok,,,,,1,2020-08,197.4,69.8767,17.8315,10.4,9.3,2.29535,-15.4,0.827387,0.245079,-0.61377
Greene County,29077,MO,293086,"standard, onset<2021-01-01, peak>=50% of max pre-2021 peak",7,False,2,False,0,2020-06-29,2020-09-01,2020-09-07,64,43.2832,2020-06-29,2020-07-12,14,301,False,True,0.0870801,0.0172391,False,1.53337,False,1.53092,1.60956,0.120674,2.03004,0.235441,True,0.027449,0.00423069,0.575894,1.19214,2020-07-31,33,ok,,,,,3,2020-06,442.6,94.0067,17.0202,14.2,14.3,2.64601,-15.4,1.60956,0.120674,-0.0232558
Jackson County (including other portions of Kansas City),29095,MO,703011,"standard, onset<2021-01-01, peak>=50% of max pre-2021 peak",7,False,4,True,2,2020-09-30,2020-11-07,2020-11-21,38,89.4113,2020-09-30,2020-10-13,14,3121,False,True,0.0306012,0.0120643,False,5.50125,True,5.5041,1.21421,0.0844501,1.32568,0.136149,True,0.00218444,0.00398182,0.0164453,1.01529,2020-10-19,20,ok,,,,,3,2020-09,1186.4,84.3554,15.6625,13,12.4,3.07423,-15.4,1.21421,0.0844501,-0.0263039
Jasper County,29097,MO,121328,"standard, onset<2021-01-01, peak>=50% of max pre-2021 peak",7,False,2,True,1,2020-08-07,2020-11-08,2021-02-13,93,108.325,2020-08-07,2020-08-20,14,375,False,True,0.0282825,0.0247356,False,2.78332,True,2.81821,1.19798,0.173149,1.29962,0.276738,True,0.0221144,0.0016344,0.802698,1.1548,2020-09-22,47,ok,,,,,2,2020-08,192.3,82.2737,16.1542,16.1,15.2,2.28398,-15.4,1.19798,0.173149,-0.243179
Jefferson County,29099,MO,225081,"standard, onset<2021-01-01, peak>=50% of max pre-2021 peak",7,True,1,False,0,2020-07-06,2020-11-10,2021-02-25,127,103.709,2020-07-06,2020-07-19,14,365,False,True,-0.0243247,0.0150092,True,0.297742,False,0.298169,0.829727,0.105064,0.769178,0.134758,True,0.0141303,0.00053552,0.918231,1.09891,2020-09-07,64,ok,,,,,3,2020-07,345.4,25.5801,16.2504,11.4,8.9,2.53832,-15.4,0.829727,0.105064,-0.308612
Johnson County,29101,MO,54062,"standard, onset<2021-01-01, peak>=50% of max pre-2021 peak",7,True,2,True,1,2020-08-27,2020-11-12,2021-01-18,77,81.9165,2020-08-28,2020-09-10,14,327,False,True,0.0539299,0.0439257,False,7.46001,True,8.0023,1.37751,0.30748,1.60038,0.538751,True,-0.00216999,0.00413124,0.00760562,0.98481,2020-10-04,38,ok,,,,,1,2020-08,65.1,35.1767,12.9654,13.1,10.8,1.81358,-15.4,1.37751,0.30748,-0.0636473
Newton County,29145,MO,58236,"standard, onset<2021-01-01, peak>=50% of max pre-2021 peak",7,True,2,False,0,2020-05-29,2020-06-19,2020-07-18,21,56.4207,2020-05-29,2020-06-11,14,86,False,True,0.189877,0.037867,False,0.919457,False,1.2144,2.32914,0.265069,3.65588,0.680652,True,0.188227,0.0090216,0.981954,2.31759,2020-06-08,10,ok,,,,,1,2020-05,93.9,11.9356,18.9128,16.2,13.9,1.97267,-15.4,2.32914,0.265069,0.873884
Platte County,29165,MO,104418,"standard, onset<2021-01-01, peak>=50% of max pre-2021 peak",7,False,1,False,0,2020-12-10,2021-01-05,2021-02-25,26,34.4768,2020-12-12,2020-12-25,14,418,False,True,-0.00683657,0.0276378,True,3.90903,True,4.12219,0.952144,0.193464,0.932616,0.268442,True,0.00989095,0.00664312,0.181457,1.06924,2020-12-23,12,ok,,,,,2,2020-12,254.2,82.4603,15.913,8.4,5.4,2.40518,-15.4,0.952144,0.193465,-0.199047
Pulaski County,29169,MO,52607,"standard, onset<2021-01-01, peak>=50% of max pre-2021 peak",7,True,1,False,0,2020-08-02,2020-12-14,2021-02-06,134,81.4666,2020-08-02,2020-08-15,14,140,False,True,-0.0536842,0.0637716,True,6.73404,True,7.38923,0.624211,0.446401,0.52368,0.493928,True,0.00572464,0.00168594,0.148711,1.04007,2020-10-08,68,ok,,,,,1,2020-08,98.6,27.8009,9.42081,12.7,12.5,1.99388,-15.4,0.624211,0.446401,-0.816946
St. Charles County,29183,MO,402022,"standard, onset<2021-01-01, peak>=50% of max pre-2021 peak",7,True,3,True,2,2020-10-02,2020-11-10,2021-02-09,39,97.1873,2020-10-02,2020-10-15,14,1591,False,True,0.0476673,0.0115528,False,2.53014,True,2.55381,1.33367,0.0808693,1.52439,0.138656,True,0.0301312,0.00274134,0.870328,1.21092,2020-10-21,20,ok,,,,,3,2020-10,723,47.3768,16.477,6.6,5,2.85914,-15.4,1.33367,0.0808696,0.0252807
St. Francois County,29187,MO,67215,"standard, onset<2021-01-01, peak>=50% of max pre-2021 peak",7,True,2,False,0,2020-07-21,2020-09-11,2020-09-12,52,102.231,2020-07-24,2020-08-06,14,150,False,True,0.0461105,0.0236329,False,0.261733,False,0.263673,1.32277,0.165431,1.50575,0.282098,True,0.0879586,0.00540505,0.923298,1.61571,2020-08-16,24,ok,,,,,1,2020-07,148.1,67.2425,17.0452,13.7,16.2,2.17056,-15.4,1.32277,0.16543,0.184434
St. Louis County,29189,MO,994205,"standard, onset<2021-01-01, peak>=50% of max pre-2021 peak",7,True,3,True,2,2020-10-09,2020-11-10,2021-02-09,32,80.2508,2020-10-09,2020-10-22,14,3275,False,True,0.00549686,0.00499352,False,0.782816,False,0.783102,1.03848,0.0349546,1.0556,0.051088,True,0.0198845,0.00207582,0.859497,1.13919,2020-10-25,17,ok,,,,,3,2020-10,1977.1,120.603,18.6863,8.5,9.1,3.29603,-15.4,1.03848,0.0349546,-0.269912
Taney County,29213,MO,55928,"standard, onset<2021-01-01, peak>=50% of max pre-2021 peak",7,False,2,False,0,2020-06-22,2020-07-28,2020-08-29,36,42.6569,2020-06-22,2020-07-05,14,83,False,True,0.0888126,0.0700662,False,4.53865,True,5.2484,1.62169,0.490463,2.05377,0.962017,True,0.0207569,0.0103502,0.191317,1.1453,2020-07-10,19,ok,,,,,1,2020-06,88.7,80.2625,22.9016,18.1,15.6,1.94792,-15.4,1.62169,0.490463,-0.0111283
City of St. Louis,29510,MO,300576,"standard, onset<2021-01-01, peak>=50% of max pre-2021 peak",7,False,3,True,2,2020-10-08,2020-11-10,2021-02-06,33,55.1322,2020-10-08,2020-10-21,14,728,False,True,0.0212321,0.0169705,False,2.55423,True,2.58363,1.14862,0.118793,1.22179,0.184838,True,0.0265186,0.00258749,0.875038,1.18563,2020-10-24,17,ok,,,,,3,2020-10,4885,94.1713,14.638,11.9,20.8,3.68886,-15.4,1.14862,0.118793,-0.159766
Cascade County,30013,MT,81366,"standard, onset<2021-01-01, peak>=50% of max pre-2021 peak",7,True,1,False,0,2020-09-21,2020-11-16,2020-12-27,56,256.337,2020-09-27,2020-10-10,14,369,False,True,-0.01007,0.0496311,True,11.1207,True,12.9928,0.92951,0.347418,0.90143,0.47532,True,0.0463629,0.00826797,0.599576,1.32454,2020-10-19,23,ok,,,,,1,2020-09,31.3,74.6322,19.3534,10.5,13.5,1.49554,-16.4,0.92951,0.347418,-0.311002
Flathead County,30029,MT,103806,"standard, onset<2021-01-01, peak>=50% of max pre-2021 peak",7,False,2,False,0,2020-09-16,2020-10-09,2020-10-26,23,97.4345,2020-09-16,2020-09-29,14,378,False,True,0.0303479,0.0431288,False,8.51672,True,10.4581,1.21244,0.301902,1.32282,0.486261,True,0.0587358,0.0115838,0.719968,1.41115,2020-09-27,12,ok,,,,,2,2020-09,20.5,95.8249,21.2818,10.2,10.5,1.31175,-16.4,1.21244,0.301902,-0.028077
Gallatin County,30031,MT,114434,"standard, onset<2021-01-01, peak>=50% of max pre-2021 peak",7,True,3,True,1,2020-09-24,2020-11-13,2020-12-22,50,171.278,2020-09-26,2020-10-09,14,479,False,True,0.0750467,0.0347019,False,6.60014,True,6.68804,1.52533,0.242913,1.86874,0.456398,True,0.0409697,0.00356058,0.857511,1.28679,2020-10-19,24,ok,,,,,2,2020-09,45.7,80.6994,13.7172,9.1,8.8,1.65992,-16.4,1.52533,0.242913,0.284815
Lewis and Clark County,30049,MT,69432,"standard, onset<2021-01-01, peak>=50% of max pre-2021 peak",7,False,1,False,0,2020-09-26,2020-12-04,2021-03-08,69,138.882,2020-10-06,2020-10-19,14,260,False,True,0.0884342,0.037419,False,4.05821,True,4.21307,1.61904,0.261933,2.04857,0.513172,True,0.0566225,0.00329711,0.927656,1.39636,2020-10-30,25,ok,,,,,1,2020-09,20.5,95.8111,20.0738,8.4,10.2,1.31175,-16.4,1.61904,0.261933,0.378527
Missoula County,30063,MT,119600,"standard, onset<2021-01-01, peak>=50% of max pre-2021 peak",7,False,3,True,1,2020-09-16,2020-11-18,2020-12-30,63,94.3622,2020-09-20,2020-10-03,14,313,False,True,-0.0210329,0.0799265,True,24.3618,True,30.4707,0.85277,0.559485,0.798961,0.728659,True,0.0383801,0.00799598,0.469813,1.26866,2020-10-17,28,ok,,,,,2,2020-09,45.5,117.027,16.957,9.5,11.8,1.65801,-16.4,0.85277,0.559485,-0.387743
Douglas County,31055,NE,571327,"standard, onset<2021-01-01, peak>=50% of max pre-2021 peak",7,True,2,True,1,2020-09-28,2020-11-15,2021-02-02,48,132.173,2020-10-06,2020-10-19,14,3140,False,True,0.0550856,0.0420569,False,65.5687,True,88.0922,1.3856,0.294399,1.61458,0.517872,True,0.0335682,0.00662144,0.631459,1.23498,2020-10-22,17,ok,,,,,3,2020-09,1790.8,108.806,13.7997,9.2,9.8,3.25305,-19.1,1.3856,0.294398,0.145087
Hall County,31079,NE,61353,"standard, onset<2021-01-01, peak>=50% of max pre-2021 peak",7,True,2,False,0,2020-04-05,2020-04-30,2020-05-18,25,123.408,2020-04-05,2020-04-18,14,307,False,True,0.123488,0.0641559,False,12.913,True,12.5512,1.86442,0.449091,2.55512,0.974304,True,0.102235,0.0119411,0.869516,1.71565,2020-04-17,13,ok,,,,,1,2020-04,115.1,57.2383,15.1809,14.4,11.8,2.06108,-19.1,1.86442,0.449091,0.448201
Lancaster County,31109,NE,319090,"standard, onset<2021-01-01, peak>=50% of max pre-2021 peak",7,True,3,True,2,2020-10-23,2020-12-02,2021-02-02,40,94.5098,2020-10-23,2020-11-05,14,1904,False,True,0.0374275,0.0159608,False,5.8409,True,5.85429,1.26199,0.111725,1.40369,0.184697,True,0.0503528,0.0014261,0.984988,1.35247,2020-11-12,21,ok,,,,,3,2020-10,385.2,69.7441,14.9494,8.6,9.4,2.58569,-19.1,1.26199,0.111726,-0.0463979
Sarpy County,31153,NE,187196,"standard, onset<2021-01-01, peak>=50% of max pre-2021 peak",7,False,1,False,0,2020-09-10,2020-11-15,2021-05-04,66,126.529,2020-09-10,2020-09-23,14,465,False,True,0.00798979,0.0262528,False,3.92285,True,4.00474,1.05593,0.18377,1.08124,0.271338,True,0.0314995,0.00257098,0.824282,1.2205,2020-10-13,34,ok,,,,,2,2020-09,800.5,50.3662,12.6466,6.1,4.9,2.90336,-19.1,1.05593,0.18377,-0.184584
Clark County,32003,NV,2266715,"standard, onset<2021-01-01, peak>=50% of max pre-2021 peak",7,False,2,True,1,2020-10-07,2021-01-08,2021-02-16,93,98.1408,2020-10-14,2020-10-27,14,7734,False,True,0.00199493,0.0421467,False,168.286,True,216.221,1.01396,0.295027,1.02003,0.424999,True,0.0308451,0.00133356,0.933682,1.21592,2020-11-22,40,ok,,,,,3,2020-10,287.1,55.2647,15.618,13.8,13.2,2.45803,2.4,1.01396,0.295027,-0.294426
Elko County,32007,NV,52778,"standard, onset<2021-01-01, peak>=50% of max pre-2021 peak",7,False,3,True,2,2020-10-07,2020-11-26,2021-02-26,50,132.631,2020-10-07,2020-10-20,14,220,False,True,0.0970774,0.0601664,False,8.71096,True,10.5759,1.67954,0.421165,2.16868,0.846977,True,0.041284,0.00311673,0.879672,1.28899,2020-11-01,26,ok,,,,,1,2020-10,3.1,35.3804,12.7276,14.1,11.2,0.491362,2.4,1.67954,0.421165,0.371151
Lyon County,32019,NV,57510,"standard, onset<2021-01-01, peak>=50% of max pre-2021 peak",7,True,2,True,1,2020-11-19,2020-11-28,2021-01-26,9,127.431,2020-11-19,2020-11-28,10,433,True,False,0.164505,0.280943,False,247.199,True,147.698,2.15154,1.9666,3.21336,4.75052,False,,,,,2020-11-23,5,ok,,,,,1,2020-11,29.6,13.5055,21.9904,15.3,10.1,1.47129,2.4,2.15153,1.9666,0.824952
Washoe County,32031,NV,471519,"standard, onset<2021-01-01, peak>=50% of max pre-2021 peak",7,True,1,False,0,2020-10-06,2020-11-26,2021-02-06,51,124.37,2020-10-14,2020-10-27,14,1962,False,True,0.0221793,0.0661536,False,104.551,True,133.627,1.15526,0.463075,1.23212,0.72316,True,0.0353776,0.00544228,0.725354,1.24764,2020-10-31,18,ok,,,,,3,2020-10,77,79.9602,17.4276,13.3,10.2,1.88649,2.4,1.15526,0.463075,-0.153135
Belknap County,33001,NH,61303,"standard, onset<2021-01-01, peak>=50% of max pre-2021 peak",7,True,1,False,0,2020-11-09,2020-12-31,2021-03-04,52,121.411,2020-11-12,2020-11-25,14,308,False,True,0.00742282,0.0781759,False,23.0431,True,29.3822,1.05196,0.547232,1.07539,0.806131,True,0.0330813,0.0105183,0.310165,1.23157,2020-12-05,24,ok,,,,,1,2020-11,158.5,48.6618,23.455,9.6,7.4,2.20003,7.4,1.05196,0.547231,-0.274623
Cheshire County,33005,NH,76085,"standard, onset<2021-01-01, peak>=50% of max pre-2021 peak",7,True,1,False,0,2020-11-05,2021-01-13,2021-02-05,69,66.8425,2020-11-12,2020-11-25,14,181,False,True,-0.0205563,0.0876626,True,16.9511,True,21.838,0.856106,0.613638,0.803311,0.800941,True,0.0406365,0.00969295,0.403342,1.28446,2020-12-09,28,ok,,,,,1,2020-11,108.2,68.0112,21.6393,8.2,8.8,2.03423,7.4,0.856106,0.613638,-0.470477
Hillsborough County,33011,NH,417025,"standard, onset<2021-01-01, peak>=50% of max pre-2021 peak",7,True,1,False,0,2020-11-05,2020-12-31,2021-05-15,56,125.995,2020-11-12,2020-11-25,14,2150,False,True,0.00770951,0.0844632,False,187.756,True,237.681,1.05397,0.591243,1.07834,0.871982,True,0.0384923,0.0156509,0.23221,1.26945,2020-12-03,22,ok,,,,,3,2020-11,482.5,83.7004,16.6961,7.8,7.1,2.6835,7.4,1.05397,0.591242,-0.272616
Merrimack County,33013,NH,151391,"standard, onset<2021-01-01, peak>=50% of max pre-2021 peak",7,True,1,False,0,2020-11-13,2020-12-31,2021-05-14,48,102.384,2020-11-26,2020-12-09,14,1119,False,True,0.0561173,0.0591076,False,46.0898,True,61.4243,1.39282,0.413753,1.6273,0.730388,True,0.110768,0.0250601,0.661443,1.77537,2020-12-07,12,ok,,,,,2,2020-11,164.9,99.4747,19.4912,8,6.7,2.21722,7.4,1.39282,0.413753,0.0662384
Rockingham County,33015,NH,309769,"standard, onset<2021-01-01, peak>=50% of max pre-2021 peak",7,True,2,True,1,2020-11-02,2020-12-31,2021-05-13,59,107.453,2020-11-12,2020-11-25,14,1203,False,True,-0.00403779,0.083806,True,103.482,True,131.512,0.971735,0.586642,0.959964,0.823848,True,0.0371421,0.0191422,0.172979,1.25999,2020-12-01,20,ok,,,,,3,2020-11,451.8,79.2549,19.3961,6.3,4.6,2.65495,7.4,0.971735,0.586642,-0.354847
Strafford County,33017,NH,130633,"standard, onset<2021-01-01, peak>=50% of max pre-2021 peak",7,True,1,False,0,2020-10-30,2020-12-31,2021-03-10,62,104.874,2020-11-12,2020-11-25,14,468,False,True,-0.0493243,0.0883165,True,43.4097,True,53.6843,0.65473,0.618216,0.557848,0.700207,True,-0.0249866,0.0204425,0.0807827,0.825094,2020-11-30,19,ok,,,,,2,2020-10,356.2,67.2325,16.1946,8.2,8.2,2.55169,7.4,0.65473,0.618216,-0.653661
Atlantic County,34001,NJ,263670,"standard, onset<2021-01-01, peak>=50% of max pre-2021 peak",7,True,4,True,3,2020-11-04,2021-01-01,2021-03-15,58,217.642,2020-11-05,2020-11-18,14,1305,False,True,0.0274514,0.0116038,False,2.13279,True,2.13092,1.19216,0.0812269,1.29034,0.129417,True,0.00894905,0.00192267,0.445178,1.06264,2020-12-03,29,ok,,,,,3,2020-11,494.2,71.758,19.3087,8.8,13.8,2.6939,15.9,1.19216,0.0812266,-0.134423
Bergen County,34003,NJ,932202,"standard, onset<2021-01-01, peak>=50% of max pre-2021 peak",7,True,2,False,0,2020-03-20,2020-04-04,2020-05-12,15,70.8614,2020-03-20,2020-04-02,14,3904,False,True,0.150193,0.027979,False,28.7377,True,28.5676,2.05135,0.195853,2.97565,0.456286,True,0.192113,0.0121094,0.976716,2.34479,2020-03-27,8,ok,,,,,3,2020-03,4105.6,113.212,17.7879,7,6.4,3.61338,15.9,2.05135,0.195853,0.135723
Burlington County,34005,NJ,445349,"standard, onset<2021-01-01, peak>=50% of max pre-2021 peak",7,True,1,False,0,2020-12-17,2020-12-31,2021-03-13,14,122.312,2020-12-18,2020-12-31,14,5259,False,True,0.10493,0.0532462,False,160.071,True,164.897,1.73451,0.372724,2.28051,0.767121,True,0.0325635,0.0105319,0.65659,1.22794,2020-12-24,7,ok,,,,,3,2020-12,577.8,76.2136,17.7779,5.5,6,2.76178,15.9,1.73451,0.372723,0.583319
Camden County,34007,NJ,506471,"standard, onset<2021-01-01, peak>=50% of max pre-2021 peak",7,False,2,True,1,2020-12-26,2021-01-01,2021-02-19,6,125.603,2020-12-26,2021-01-01,7,4245,True,False,0.0372633,0.307753,False,1602.64,True,1061.49,1.26084,2.15427,1.40179,3.55918,False,,,,,2020-12-29,4,ok,,,,,3,2020-12,2364.9,98.5702,16.2805,7.5,12.4,3.37381,15.9,1.26084,2.15427,0.109652
Cape May County,34009,NJ,92039,"standard, onset<2021-01-01, peak>=50% of max pre-2021 peak",7,True,2,True,1,2020-12-26,2021-01-01,2021-02-13,6,373.599,2020-12-26,2021-01-01,7,2331,True,False,0.023069,0.478618,False,2133.06,True,1323.91,1.16148,3.35033,1.24187,5.24991,False,,,,,2020-12-29,4,ok,,,,,2,2020-12,378.8,53.536,28.3352,8.8,9.6,2.57841,15.9,1.16148,3.35033,0.0102918
Cumberland County,34011,NJ,149527,"standard, onset<2021-01-01, peak>=50% of max pre-2021 peak",7,True,2,True,1,2020-11-10,2020-12-31,2021-03-12,51,196.811,2020-11-15,2020-11-28,14,587,False,True,0.030783,0.0352397,False,8.8269,True,9.39627,1.21548,0.246678,1.32773,0.397958,True,0.0391979,0.00308128,0.894929,1.27439,2020-12-05,21,ok,,,,,2,2020-11,318.9,38.9226,15.8,12.8,13.1,2.50365,15.9,1.21548,0.246678,-0.111102
Essex County,34013,NJ,798975,"standard, onset<2021-01-01, peak>=50% of max pre-2021 peak",7,True,2,False,0,2020-03-23,2020-04-07,2020-06-07,15,62.8126,2020-03-23,2020-04-05,14,3910,False,True,0.142219,0.0268032,False,27.1177,True,29.0412,1.99553,0.187623,2.84694,0.428133,True,0.182014,0.0116348,0.97607,2.2741,2020-03-30,8,ok,,,,,3,2020-03,6850.4,74.6763,14.011,12.4,14.3,3.83572,15.9,1.99553,0.187622,0.079905
Gloucester County,34015,NJ,291636,"standard, onset<2021-01-01, peak>=50% of max pre-2021 peak",7,True,2,True,1,2020-11-02,2021-01-01,2021-03-14,60,141.566,2020-11-02,2020-11-15,14,1389,False,True,0.0894071,0.00804463,False,1.91012,False,1.89252,1.62585,0.0563124,2.06194,0.110655,True,0.0263317,0.00354781,0.655113,1.18432,2020-12-02,31,ok,,,,,3,2020-11,938.8,53.5902,16.8488,5.7,7,2.97257,15.9,1.62585,0.0563124,0.299267
Hudson County,34017,NJ,672391,"standard, onset<2021-01-01, peak>=50% of max pre-2021 peak",7,True,2,False,0,2020-03-23,2020-04-06,2020-05-29,14,76.6773,2020-03-23,2020-04-05,14,3798,False,True,0.178097,0.0268301,False,23.2329,True,24.3033,2.24668,0.187811,3.44706,0.468992,True,0.226204,0.0109009,0.986257,2.58343,2020-03-30,8,ok,,,,,3,2020-03,15691.7,45.9403,12.2274,12,13.1,4.19567,15.9,2.24668,0.187811,0.331051
Hunterdon County,34019,NJ,124371,"standard, onset<2021-01-01, peak>=50% of max pre-2021 peak",7,True,2,True,1,2020-10-28,2020-12-30,2021-03-20,63,76.0398,2020-10-28,2020-11-10,14,262,False,True,0.0829527,0.0278009,False,2.2827,True,2.31907,1.58067,0.194606,1.97403,0.374867,True,0.0335838,0.00274586,0.832953,1.23509,2020-11-28,32,ok,,,,,2,2020-10,301.4,110.898,20.261,5.1,4.1,2.47914,15.9,1.58067,0.194606,0.272278
Mercer County,34021,NJ,367430,"standard, onset<2021-01-01, peak>=50% of max pre-2021 peak",7,True,3,False,0,2020-03-25,2020-05-01,2020-06-24,37,45.1398,2020-03-25,2020-04-07,14,779,False,True,0.142396,0.0222858,False,3.73289,True,3.8669,1.99677,0.156,2.84977,0.356141,True,0.111316,0.00636503,0.947344,1.77921,2020-04-12,19,ok,,,,,3,2020-03,1725.8,90.1017,15.9227,7.7,9.5,3.23699,15.9,1.99677,0.156001,0.081144
Middlesex County,34023,NJ,825062,"standard, onset<2021-01-01, peak>=50% of max pre-2021 peak",7,True,1,False,0,2020-12-26,2021-01-01,2021-03-14,6,105.187,2020-12-26,2021-01-01,7,5519,True,False,0.0597439,0.268906,False,1582.18,True,1061.24,1.41821,1.88234,1.6724,3.36382,False,,,,,2020-12-29,4,ok,,,,,3,2020-12,2791.4,90.1337,15.8106,8.1,7.4,3.44582,15.9,1.41821,1.88234,0.267016
Monmouth County,34025,NJ,618795,"standard, onset<2021-01-01, peak>=50% of max pre-2021 peak",7,True,2,True,1,2020-10-29,2020-12-31,2021-04-30,63,128.337,2020-10-29,2020-11-11,14,1733,False,True,0.0569625,0.0209361,False,8.94493,True,9.09312,1.39874,0.146553,1.63776,0.259449,True,0.0405093,0.00289334,0.867271,1.28356,2020-11-29,32,ok,,,,,3,2020-10,1374.7,110.004,18.723,7,5.9,3.13821,15.9,1.39874,0.146553,0.0903471
Morris County,34027,NJ,491845,"standard, onset<2021-01-01, peak>=50% of max pre-2021 peak",7,True,2,True,1,2020-10-31,2021-01-01,2021-02-22,62,135.641,2020-10-31,2020-11-13,14,1551,False,True,0.0557776,0.0208968,False,7.98841,True,8.28164,1.39044,0.146278,1.62311,0.257922,True,0.0250349,0.0016147,0.889048,1.17524,2020-12-01,32,ok,,,,,3,2020-10,1104.8,93.4644,17.8252,5.6,4.7,3.04328,15.9,1.39044,0.146278,0.0820528
Ocean County,34029,NJ,607186,"standard, onset<2021-01-01, peak>=50% of max pre-2021 peak",7,True,3,True,2,2020-11-08,2021-01-01,2021-04-25,54,146.39,2020-11-08,2020-11-21,14,2392,False,True,0.0656312,0.0127853,False,4.54572,True,4.7201,1.45942,0.0894972,1.74677,0.163096,True,0.0357868,0.00188122,0.932969,1.25051,2020-12-05,28,ok,,,,,3,2020-11,1014.2,39.0754,22.7973,6.2,10.5,3.00612,15.9,1.45942,0.0894971,0.132836
Passaic County,34031,NJ,501826,"standard, onset<2021-01-01, peak>=50% of max pre-2021 peak",7,True,2,False,0,2020-03-23,2020-04-06,2020-06-03,14,83.6943,2020-03-23,2020-04-05,14,3132,False,True,0.168618,0.0314074,False,27.2147,True,26.5088,2.18033,0.219852,3.28325,0.5365,True,0.199943,0.0133128,0.974089,2.3996,2020-03-30,8,ok,,,,,3,2020-03,2817.6,51.3243,15.1023,14.4,16.9,3.44988,15.9,2.18033,0.219852,0.264698
Salem County,34033,NJ,62385,"standard, onset<2021-01-01, peak>=50% of max pre-2021 peak",7,True,2,True,1,2020-11-10,2021-01-01,2021-02-08,52,144.723,2020-11-10,2020-11-23,14,243,False,True,-0.00352752,0.01833,True,1.29204,False,1.30248,0.975307,0.12831,0.964986,0.180584,True,0.0325793,0.00292653,0.832136,1.22805,2020-12-06,27,ok,,,,,1,2020-11,195.4,24.6773,19.1974,7.6,12.2,2.29092,15.9,0.975307,0.12831,-0.351275
Somerset County,34035,NJ,328934,"standard, onset<2021-01-01, peak>=50% of max pre-2021 peak",7,True,2,True,1,2020-11-06,2021-01-01,2021-01-26,56,148.749,2020-11-06,2020-11-19,14,1287,False,True,0.0559837,0.0185385,False,5.21547,True,5.26106,1.39189,0.129769,1.62565,0.228974,True,0.0146312,0.00266499,0.527489,1.10242,2020-12-04,29,ok,,,,,3,2020-11,1144.1,110.319,16.6814,6.2,4.8,3.05846,15.9,1.39189,0.129769,0.0653032
Sussex County,34037,NJ,140488,"standard, onset<2021-01-01, peak>=50% of max pre-2021 peak",7,True,2,True,1,2020-11-05,2021-03-23,2021-05-07,138,112.058,2020-11-07,2020-11-20,14,400,False,True,0.0729751,0.0147542,False,1.06878,False,1.06519,1.51083,0.10328,1.84158,0.192763,True,0.0265032,0.00118004,0.884298,1.18552,2021-01-13,68,ok,,,,,2,2020-11,278.1,45.7631,18.8211,5.7,5.4,2.4442,15.9,1.51083,0.103279,0.184243
Union County,34039,NJ,556341,"standard, onset<2021-01-01, peak>=50% of max pre-2021 peak",7,True,2,False,0,2020-03-23,2020-04-16,2020-06-07,24,88.0498,2020-03-23,2020-04-05,14,3092,False,True,0.157191,0.0589166,False,98.523,True,110.161,2.10034,0.412416,3.0908,0.978135,True,0.174899,0.0120678,0.950237,2.22429,2020-04-04,13,ok,,,,,3,2020-03,5598.6,61.1807,14.8064,13.2,9.2,3.74808,15.9,2.10034,0.412416,0.184709
Warren County,34041,NJ,105267,"standard, onset<2021-01-01, peak>=50% of max pre-2021 peak",7,True,2,True,1,2020-11-03,2021-05-05,2021-05-11,183,134.895,2020-11-03,2020-11-16,14,405,False,True,0.033307,0.0268599,False,3.5311,True,3.62331,1.23315,0.188019,1.35637,0.306173,True,0.00953825,0.000989916,0.507769,1.06677,2021-02-02,92,ok,,,,,2,2020-11,307.5,54.7285,19.3976,8,7.3,2.48785,15.9,1.23315,0.188019,-0.0934337
Bernalillo County,35001,NM,679121,"standard, onset<2021-01-01, peak>=50% of max pre-2021 peak",7,True,2,True,1,2020-10-07,2020-11-20,2021-03-01,44,122.07,2020-10-07,2020-10-20,14,2153,False,True,0.0579789,0.0196903,False,9.81576,True,10.151,1.40585,0.137832,1.65038,0.244852,True,0.0283445,0.00284815,0.825059,1.19841,2020-10-29,23,ok,,,,,3,2020-10,582.5,105.848,17.3231,10.5,15.3,2.7653,10.8,1.40585,0.137832,0.0974619
Chaves County,35005,NM,64615,"standard, onset<2021-01-01, peak>=50% of max pre-2021 peak",7,True,1,False,0,2020-08-27,2020-11-19,2021-02-14,84,190.137,2020-09-19,2020-10-02,14,289,False,True,0.0653787,0.0404644,False,5.50347,True,5.76958,1.45765,0.283251,1.74355,0.515756,True,0.0405576,0.00548499,0.752324,1.2839,2020-10-08,20,ok,,,,,1,2020-08,10.7,61.3902,15.8632,12.2,19.2,1.02938,10.8,1.45765,0.283251,0.0164943
Doña Ana County,35013,NM,218195,"standard, onset<2021-01-01, peak>=50% of max pre-2021 peak",7,True,1,False,0,2020-09-27,2020-11-19,2021-03-30,53,147.967,2020-09-27,2020-10-10,14,666,False,True,0.0600719,0.0162928,False,2.07274,True,2.08954,1.4205,0.11405,1.6765,0.204035,True,0.0569581,0.00112305,0.990374,1.39871,2020-10-23,27,ok,,,,,3,2020-09,57.7,62.3972,16.6705,13.5,20.5,1.76118,10.8,1.4205,0.11405,0.179991
Eddy County,35015,NM,58460,"standard, onset<2021-01-01, peak>=50% of max pre-2021 peak",7,False,2,False,0,2020-08-08,2020-11-21,2020-12-05,105,114.853,2020-09-09,2020-09-22,14,129,False,True,0.0795102,0.04853,False,3.44778,True,3.42199,1.55657,0.33971,1.92786,0.647363,True,0.061879,0.0048024,0.89731,1.43315,2020-09-29,21,ok,,,,,1,2020-08,14.9,28.886,14.4687,11.2,12.8,1.17319,10.8,1.55657,0.33971,0.115415
Lea County,35025,NM,71070,"standard, onset<2021-01-01, peak>=50% of max pre-2021 peak",7,False,1,False,0,2020-09-24,2020-12-14,2021-02-05,81,154.576,2020-09-26,2020-10-09,14,238,False,True,0.0264862,0.0286977,False,2.38057,True,2.46437,1.1854,0.200884,1.27959,0.318901,True,0.0260859,0.0023122,0.774775,1.1826,2020-11-03,39,ok,,,,,1,2020-09,17,29.548,11.1745,14.2,12.6,1.23045,10.8,1.1854,0.200884,-0.0551089
McKinley County,35031,NM,71367,"standard, onset<2021-01-01, peak>=50% of max pre-2021 peak",7,True,2,True,1,2020-10-22,2020-11-22,2021-02-12,31,242.209,2020-10-22,2020-11-04,14,358,False,True,0.0516322,0.0285823,False,3.46822,True,3.52823,1.36143,0.200076,1.57231,0.347805,True,0.0459834,0.00338138,0.929625,1.32188,2020-11-06,16,ok,,,,,1,2020-10,13.4,80.9306,13.0641,17.7,32,1.1271,10.8,1.36143,0.200076,0.053035
Otero County,35035,NM,67490,"standard, onset<2021-01-01, peak>=50% of max pre-2021 peak",7,True,3,True,1,2020-10-14,2020-11-19,2020-12-26,36,82.5519,2020-10-15,2020-10-28,14,194,False,True,0.0147406,0.057914,False,7.94968,True,8.9765,1.10318,0.405398,1.15197,0.614995,True,0.0134526,0.0112548,0.0819728,1.09417,2020-11-01,18,ok,,,,,1,2020-10,10.3,45.6964,17.8835,13.3,15.5,1.01284,10.8,1.10318,0.405398,-0.205206
Sandoval County,35043,NM,146748,"standard, onset<2021-01-01, peak>=50% of max pre-2021 peak",7,True,1,False,0,2020-10-10,2020-11-21,2021-02-23,42,121.296,2020-10-10,2020-10-23,14,378,False,True,0.0136157,0.0302057,False,4.21521,True,4.38603,1.09531,0.21144,1.14005,0.31933,True,0.0167485,0.00296849,0.614148,1.11724,2020-10-31,22,ok,,,,,2,2020-10,40.1,67.1889,19.4337,10.1,10.4,1.60314,10.8,1.09531,0.21144,-0.213081
Santa Fe County,35049,NM,150358,"standard, onset<2021-01-01, peak>=50% of max pre-2021 peak",7,True,2,False,0,2020-10-14,2020-11-20,2020-12-24,37,115.534,2020-10-14,2020-10-27,14,452,False,True,0.0709559,0.032335,False,5.44635,True,5.58249,1.49669,0.226345,1.81529,0.419713,True,0.0374564,0.00389587,0.844659,1.26219,2020-11-01,19,ok,,,,,2,2020-10,81,110.449,26.6937,12.8,12.5,1.90849,10.8,1.49669,0.226345,0.188301
Valencia County,35061,NM,76688,"standard, onset<2021-01-01, peak>=50% of max pre-2021 peak",7,True,1,False,0,2020-10-13,2020-11-20,2021-02-13,38,155.36,2020-10-13,2020-10-26,14,264,False,True,0.0326084,0.0176991,False,0.883724,False,0.892906,1.22826,0.123894,1.34841,0.201231,True,0.0361482,0.00265369,0.911572,1.25304,2020-11-01,20,ok,,,,,1,2020-10,71.4,30.1817,18.6143,11.4,15.5,1.8537,10.8,1.22826,0.123894,-0.0801316
Albany County,36001,NY,305506,"standard, onset<2021-01-01, peak>=50% of max pre-2021 peak",7,True,3,True,2,2020-11-03,2021-01-10,2021-04-26,68,99.2265,2020-11-03,2020-11-16,14,801,False,True,0.0552533,0.0262114,False,6.49543,True,6.66205,1.38677,0.18348,1.61664,0.322941,True,0.0366312,0.00163504,0.93831,1.25642,2020-12-07,35,ok,,,,,3,2020-11,602.1,95.9193,17.8277,4.7,11.3,2.77967,23.1,1.38677,0.18348,0.0601904
Bronx County,36005,NY,1418207,"standard, onset<2021-01-01, peak>=50% of max pre-2021 peak",7,True,1,False,0,2020-03-18,2020-04-06,2020-06-01,19,85.1075,2020-03-18,2020-03-31,14,7718,False,True,0.128472,0.0255176,False,50.6201,True,53.0221,1.8993,0.178624,2.63132,0.392865,True,0.179151,0.0170085,0.932742,2.25406,2020-03-27,10,ok,,,,,3,2020-03,34920.3,55.9534,13.5197,8.8,24.4,4.54308,23.1,1.8993,0.178623,-0.016324
Broome County,36007,NY,190488,"standard, onset<2021-01-01, peak>=50% of max pre-2021 peak",7,False,1,False,0,2020-09-26,2021-01-10,2021-03-08,106,113.093,2020-09-26,2020-10-09,14,801,False,True,0.0942321,0.0249142,False,5.47336,True,5.44126,1.65962,0.174399,2.12879,0.347746,True,-0.00080902,0.00235366,0.00226695,0.994337,2020-11-18,54,ok,,,,,2,2020-09,281.6,78.0137,19.5321,5.2,18.4,2.44963,23.1,1.65962,0.174399,0.419112
Cattaraugus County,36009,NY,76117,"standard, onset<2021-01-01, peak>=50% of max pre-2021 peak",7,False,2,False,0,2020-10-02,2020-12-08,2020-12-24,67,73.7586,2020-10-04,2020-10-17,14,97,False,True,-0.026586,0.0291356,True,0.948525,False,0.960406,0.813898,0.203949,0.748983,0.258823,True,0.0166816,0.00281647,0.539033,1.11677,2020-11-04,32,ok,,,,,1,2020-10,58.9,42.8338,20.0994,6.8,16.3,1.77012,23.1,0.813898,0.203949,-0.494492
Cayuga County,36011,NY,76576,"standard, onset<2021-01-01, peak>=50% of max pre-2021 peak",7,True,1,False,0,2020-11-06,2021-01-02,2021-03-02,57,135.44,2020-11-18,2020-12-01,14,263,False,True,0.0516134,0.0368964,False,4.24584,True,4.50565,1.36129,0.258275,1.57208,0.448947,True,0.0763,0.00548281,0.928113,1.5341,2020-12-04,17,ok,,,,,1,2020-11,110.3,28.8532,20.4871,5.7,11.7,2.04258,23.1,1.36129,0.258275,0.0347111
Chautauqua County,36013,NY,126903,"standard, onset<2021-01-01, peak>=50% of max pre-2021 peak",7,False,2,True,1,2020-10-27,2021-01-10,2021-05-03,75,111.108,2020-11-06,2020-11-19,14,235,False,True,0.0280533,0.0341564,False,3.32635,True,3.38528,1.19637,0.239095,1.29706,0.381809,True,0.0349933,0.00262003,0.872789,1.24495,2020-12-03,28,ok,,,,,2,2020-10,120.4,62.6679,21.0016,6,14.8,2.08063,23.1,1.19637,0.239095,-0.112017
Chemung County,36015,NY,83456,"standard, onset<2021-01-01, peak>=50% of max pre-2021 peak",7,False,2,True,1,2020-12-25,2021-01-10,2021-02-13,16,87.9848,2020-12-25,2021-01-07,14,733,False,True,0.0364467,0.0442183,False,17.2741,True,21.1081,1.25513,0.309528,1.39236,0.50987,True,0.0713683,0.00551371,0.959895,1.49958,2021-01-02,9,ok,,,,,1,2020-12,206.6,77.2449,19.5679,5,14.5,2.31513,23.1,1.25513,0.309528,0.103936
Clinton County,36019,NY,80485,"standard, onset<2021-01-01, peak>=50% of max pre-2021 peak",7,True,1,False,0,2020-12-04,2021-01-10,2021-03-13,37,88.0377,2020-12-08,2020-12-21,14,255,False,True,-0.0486439,0.0376897,True,4.31115,True,4.53099,0.659493,0.263828,0.563252,0.299895,True,0.012121,0.0132121,0.0608053,1.08485,2020-12-22,15,ok,,,,,1,2020-12,76.9,80.1573,18.1869,5.3,11.1,1.88593,23.1,0.659493,0.263828,-0.491698
Columbia County,36021,NY,59461,"standard, onset<2021-01-01, peak>=50% of max pre-2021 peak",7,False,2,True,1,2020-10-25,2021-01-10,2021-03-12,77,94.6599,2020-10-31,2020-11-13,14,147,False,True,0.0571142,0.0240377,False,0.863518,False,0.890309,1.3998,0.168264,1.63964,0.298039,True,0.00301874,0.0027643,0.0370448,1.02113,2020-12-02,33,ok,,,,,1,2020-10,97,40.6042,25.5173,6.1,10.2,1.98677,23.1,1.3998,0.168264,0.091409
Dutchess County,36027,NY,294218,"standard, onset<2021-01-01, peak>=50% of max pre-2021 peak",7,True,2,True,1,2020-11-05,2021-01-10,2021-05-09,66,100.994,2020-11-05,2020-11-18,14,744,False,True,0.0544118,0.0241183,False,5.11381,True,5.1171,1.38088,0.168828,1.60629,0.2963,True,0.0398387,0.00164081,0.948513,1.27887,2020-12-08,34,ok,,,,,3,2020-11,371.9,71.3052,18.5884,4.7,8.3,2.57043,23.1,1.38088,0.168828,0.0542999
Erie County,36029,NY,918702,"standard, onset<2021-01-01, peak>=50% of max pre-2021 peak",7,False,2,True,1,2020-12-28,2021-01-10,2021-02-16,13,80.3307,2020-12-28,2021-01-10,14,8063,False,True,0.0417177,0.030079,False,87.4848,True,107.422,1.29202,0.210553,1.45373,0.353493,True,0.0180083,0.00977507,0.404332,1.12606,2021-01-03,7,ok,,,,,3,2020-12,915.1,72.9379,18.6721,4.2,13.2,2.96147,23.1,1.29202,0.210553,0.140833
Fulton County,36035,NY,53383,"standard, onset<2021-01-01, peak>=50% of max pre-2021 peak",7,False,2,True,1,2020-11-20,2021-01-10,2021-03-02,51,98.7473,2020-11-20,2020-12-03,14,129,False,True,0.00664572,0.0396436,False,2.48221,True,2.59902,1.04652,0.277505,1.06738,0.407502,True,0.0702614,0.00598473,0.851696,1.49183,2020-12-15,26,ok,,,,,1,2020-11,107.6,31.8806,20.3642,5.6,13.9,2.03181,23.1,1.04652,0.277505,-0.280063
Genesee County,36037,NY,57280,"standard, onset<2021-01-01, peak>=50% of max pre-2021 peak",7,False,2,True,1,2020-11-05,2020-12-22,2021-02-25,47,141.411,2020-11-05,2020-11-18,14,227,False,True,0.0367015,0.0378301,False,3.91462,True,4.18393,1.25691,0.26481,1.3953,0.436614,True,0.050497,0.00335138,0.911657,1.35348,2020-11-28,24,ok,,,,,1,2020-11,118.5,30.8283,19.4321,4.9,10.2,2.07372,23.1,1.25691,0.264811,-0.0696722
Herkimer County,36043,NY,61319,"standard, onset<2021-01-01, peak>=50% of max pre-2021 peak",7,True,1,False,0,2020-11-19,2021-01-10,2021-02-17,52,165.411,2020-11-20,2020-12-03,14,252,False,True,0.0741858,0.0186084,False,1.3538,False,1.34404,1.5193,0.130259,1.85743,0.244064,True,0.0578081,0.00207795,0.969923,1.40466,2020-12-15,26,ok,,,,,1,2020-11,42.6,26.605,21.4287,5.7,12.1,1.62941,23.1,1.5193,0.130259,0.192718
Jefferson County,36045,NY,109834,"standard, onset<2021-01-01, peak>=50% of max pre-2021 peak",7,False,1,False,0,2020-11-18,2021-01-10,2021-03-06,53,82.4621,2020-11-18,2020-12-01,14,247,False,True,0.0127325,0.0428609,False,5.54744,True,5.79807,1.08913,0.300026,1.13073,0.451529,True,0.0433622,0.0032769,0.875065,1.30354,2020-12-14,27,ok,,,,,2,2020-11,92,50.5479,14.5321,5.3,13.1,1.96379,23.1,1.08913,0.300026,-0.237455
Kings County,36047,NY,2559903,"standard, onset<2021-01-01, peak>=50% of max pre-2021 peak",7,True,1,False,0,2020-03-16,2020-04-13,2020-06-08,28,56.5144,2020-03-16,2020-03-29,14,8834,False,True,0.109386,0.0345157,False,111.729,True,138.4,1.7657,0.24161,2.34513,0.503728,True,0.118276,0.0128086,0.86771,1.82793,2020-03-30,15,ok,,,,,3,2020-03,39438,60.9998,14.6225,7.6,17.8,4.59591,23.1,1.7657,0.24161,-0.149926
Livingston County,36051,NY,62914,"standard, onset<2021-01-01, peak>=50% of max pre-2021 peak",7,False,1,False,0,2020-10-23,2021-01-10,2021-03-02,79,87.648,2020-10-25,2020-11-07,14,130,False,True,0.0220215,0.0408299,False,2.63911,True,2.75109,1.15415,0.285809,1.2304,0.446063,True,0.0253717,0.00148095,0.890745,1.1776,2020-12-01,38,ok,,,,,1,2020-10,97.9,45.2825,19.0753,5.2,10.3,1.99078,23.1,1.15415,0.285809,-0.15424
Madison County,36053,NY,70941,"standard, onset<2021-01-01, peak>=50% of max pre-2021 peak",7,True,4,True,2,2020-11-03,2020-12-10,2020-12-24,37,79.1402,2020-11-03,2020-11-16,14,130,False,True,0.0176047,0.0251064,False,0.568211,False,0.573856,1.12323,0.175745,1.18256,0.269627,True,0.0293083,0.00215826,0.915593,1.20516,2020-11-21,19,ok,,,,,1,2020-11,103.9,73.5121,19.7042,4.6,10.4,2.01662,23.1,1.12323,0.175745,-0.20335
Monroe County,36055,NY,741770,"standard, onset<2021-01-01, peak>=50% of max pre-2021 peak",7,True,1,False,0,2020-10-27,2021-01-10,2021-03-09,75,95.12,2020-10-27,2020-11-09,14,1783,False,True,0.0818055,0.0161829,False,5.27565,True,5.32039,1.57264,0.113281,1.95859,0.217431,True,0.0504767,0.00187679,0.952591,1.35334,2020-12-03,38,ok,,,,,3,2020-10,1156,106.789,18.1712,4.6,13.9,3.06296,23.1,1.57264,0.11328,0.264248
Nassau County,36059,NY,1356924,"standard, onset<2021-01-01, peak>=50% of max pre-2021 peak",7,True,2,False,0,2020-03-18,2020-04-06,2020-05-13,19,100.574,2020-03-18,2020-03-31,14,8413,False,True,0.10412,0.0215224,False,41.9206,True,45.2095,1.72884,0.150657,2.26887,0.309343,True,0.143896,0.0163007,0.906897,2.00727,2020-03-27,10,ok,,,,,3,2020-03,4905.3,135.839,18.3295,4.2,5.7,3.69067,23.1,1.72884,0.150657,-0.186788
New York County,36061,NY,1628706,"standard, onset<2021-01-01, peak>=50% of max pre-2021 peak",7,True,1,False,0,2020-03-15,2020-04-12,2020-06-04,28,44.8472,2020-03-15,2020-03-28,14,5166,False,True,0.0903952,0.0356606,False,72.9292,True,89.9963,1.63277,0.249624,2.07555,0.491995,True,0.107988,0.0160774,0.776305,1.75591,2020-03-29,15,ok,,,,,3,2020-03,74780.7,127.372,17.0527,4.7,16.3,4.87379,23.1,1.63277,0.249624,-0.282862
Niagara County,36063,NY,209281,"standard, onset<2021-01-01, peak>=50% of max pre-2021 peak",7,False,3,True,1,2020-11-02,2020-12-06,2020-12-27,34,76.7253,2020-11-02,2020-11-15,14,571,False,True,0.0699142,0.0310873,False,6.37071,True,6.96337,1.4894,0.217611,1.80179,0.402157,True,0.0558696,0.00648939,0.822461,1.39109,2020-11-19,18,ok,,,,,3,2020-11,407.1,38.0879,20.0996,4.6,11.7,2.6097,23.1,1.4894,0.217611,0.162817
Oneida County,36065,NY,228671,"standard, onset<2021-01-01, peak>=50% of max pre-2021 peak",7,False,1,False,0,2020-03-24,2020-06-27,2020-08-11,95,12.8694,2020-03-24,2020-04-06,14,93,False,True,0.127688,0.0685056,False,4.40628,True,5.31149,1.89382,0.479539,2.61927,1.05244,True,0.0328231,0.00379419,0.619325,1.22976,2020-05-10,48,ok,,,,,3,2020-03,191.5,69.79,19.2246,5.3,12.4,2.28217,23.1,1.89382,0.479539,-0.021812
Onondaga County,36067,NY,460528,"standard, onset<2021-01-01, peak>=50% of max pre-2021 peak",7,True,2,True,1,2020-10-24,2021-01-10,2021-05-18,78,92.2854,2020-10-26,2020-11-08,14,1182,False,True,0.0679688,0.0152349,False,3.1775,True,3.26084,1.47578,0.106645,1.7767,0.19584,True,0.0409865,0.00274395,0.861066,1.28691,2020-12-02,38,ok,,,,,3,2020-10,612.2,91.7073,17.9463,4.8,12.8,2.78689,23.1,1.47578,0.106644,0.167391
Ontario County,36069,NY,109777,"standard, onset<2021-01-01, peak>=50% of max pre-2021 peak",7,True,2,True,1,2020-11-01,2021-01-10,2021-02-01,70,87.7103,2020-11-01,2020-11-14,14,238,False,True,0.0634477,0.0189786,False,1.63728,False,1.66058,1.44413,0.13285,1.71902,0.240361,True,0.0386523,0.00188491,0.925193,1.27057,2020-12-06,36,ok,,,,,2,2020-11,174.6,82.6975,21.4613,4.6,8.8,2.24204,23.1,1.44413,0.13285,0.117551
Orange County,36071,NY,384940,"standard, onset<2021-01-01, peak>=50% of max pre-2021 peak",7,True,2,False,0,2020-03-19,2020-04-07,2020-05-26,19,79.2331,2020-03-19,2020-04-01,14,1724,False,True,0.0874881,0.0454935,False,39.854,True,47.1471,1.61242,0.318454,2.03562,0.622101,True,0.151859,0.0211032,0.866182,2.06301,2020-03-28,10,ok,,,,,3,2020-03,494,67.2797,14.5932,5.4,10.6,2.69373,23.1,1.61242,0.318454,-0.303211
Oswego County,36075,NY,117124,"standard, onset<2021-01-01, peak>=50% of max pre-2021 peak",7,False,4,True,2,2020-11-04,2020-12-02,2020-12-24,28,59.0339,2020-11-04,2020-11-17,14,337,False,True,0.0487945,0.0368282,False,5.43904,True,5.5445,1.34156,0.257798,1.53794,0.443757,True,0.0527373,0.00890706,0.729484,1.36916,2020-11-18,15,ok,,,,,2,2020-11,123.5,39.9915,17.4993,5.1,14.2,2.09167,23.1,1.34156,0.257797,0.0149788
Otsego County,36077,NY,59493,"standard, onset<2021-01-01, peak>=50% of max pre-2021 peak",7,False,1,False,0,2020-08-25,2020-09-04,2020-09-15,10,33.8575,2020-08-25,2020-09-04,11,111,True,False,0.323212,0.107716,False,7.50337,True,6.86798,3.26248,0.754012,6.42591,2.53939,False,,,,,2020-08-30,5,ok,,,,,1,2020-08,58.4,136.696,21.9226,5.5,12.8,1.76641,23.1,3.26248,0.754012,1.82133
Putnam County,36079,NY,98320,"standard, onset<2021-01-01, peak>=50% of max pre-2021 peak",7,True,3,True,1,2020-10-29,2020-12-05,2020-12-21,37,79.0422,2020-10-29,2020-11-11,14,218,False,True,0.103965,0.0391783,False,3.60086,True,3.56726,1.72775,0.274248,2.26663,0.562856,True,0.085524,0.00380389,0.967464,1.59867,2020-11-16,19,ok,,,,,2,2020-10,424.3,53.2416,18.6479,4.3,5.7,2.62767,23.1,1.72776,0.274248,0.419365
Queens County,36081,NY,2253858,"standard, onset<2021-01-01, peak>=50% of max pre-2021 peak",7,True,1,False,0,2020-03-17,2020-04-09,2020-06-01,23,72.2507,2020-03-17,2020-03-30,14,12638,False,True,0.136928,0.0256892,False,81.8784,True,90.8141,1.95849,0.179825,2.76301,0.40463,True,0.16528,0.0152107,0.921918,2.15696,2020-03-28,12,ok,,,,,3,2020-03,22124.5,57.12,16.8213,9.7,10.3,4.34487,23.1,1.9585,0.179824,0.042868
Rensselaer County,36083,NY,158714,"standard, onset<2021-01-01, peak>=50% of max pre-2021 peak",7,True,2,True,1,2020-11-14,2021-01-10,2021-02-10,57,106.571,2020-11-14,2020-11-27,14,388,False,True,0.0340334,0.014608,False,1.01672,False,1.0202,1.23823,0.102256,1.36466,0.16696,True,0.0478258,0.00206365,0.952136,1.33478,2020-12-12,29,ok,,,,,2,2020-11,247,47.7875,18.0302,3.9,10.4,2.3927,23.1,1.23823,0.102256,-0.0883489
Richmond County,36085,NY,476143,"standard, onset<2021-01-01, peak>=50% of max pre-2021 peak",7,True,1,False,0,2020-03-18,2020-04-11,2020-05-13,24,94.8995,2020-03-18,2020-03-31,14,2318,False,True,0.0605477,0.0275293,False,20.5816,True,21.5826,1.42383,0.192705,1.68246,0.3453,True,0.0872733,0.0137711,0.785,1.61091,2020-03-30,13,ok,,,,,3,2020-03,8618.3,80.888,16.9177,4.4,10.6,3.93542,23.1,1.42383,0.192705,-0.491794
Rockland County,36087,NY,325789,"standard, onset<2021-01-01, peak>=50% of max pre-2021 peak",7,True,1,False,0,2020-03-19,2020-04-03,2020-05-10,15,139.968,2020-03-19,2020-04-01,14,3291,False,True,0.131385,0.0287081,False,27.0834,True,29.1287,1.9197,0.200957,2.67636,0.445498,True,0.205606,0.0120745,0.979727,2.43924,2020-03-26,8,ok,,,,,3,2020-03,1950.7,85.1242,15.7131,5.2,14.4,3.29019,23.1,1.91969,0.200957,0.00406697
St. Lawrence County,36089,NY,107740,"standard, onset<2021-01-01, peak>=50% of max pre-2021 peak",7,False,2,True,1,2020-11-09,2021-01-08,2021-03-16,60,88.1752,2020-11-09,2020-11-22,14,187,False,True,0.0168261,0.0354008,False,2.86088,True,3.01177,1.11778,0.247806,1.17421,0.379026,True,0.0467148,0.00325737,0.876423,1.327,2020-12-09,31,ok,,,,,2,2020-11,40.5,54.3754,18.1098,5.5,14.7,1.60746,23.1,1.11778,0.247806,-0.2088
Saratoga County,36091,NY,229863,"standard, onset<2021-01-01, peak>=50% of max pre-2021 peak",7,True,2,True,1,2020-11-19,2021-01-10,2021-02-10,52,104.596,2020-11-19,2020-12-02,14,644,False,True,0.0410974,0.0232131,False,4.16423,True,4.19349,1.28768,0.162492,1.44644,0.272199,True,0.046637,0.00118879,0.984016,1.32646,2020-12-15,27,ok,,,,,3,2020-11,290.8,70.061,19.5007,3.8,6.3,2.46359,23.1,1.28768,0.162492,-0.0389009
Schenectady County,36093,NY,155299,"standard, onset<2021-01-01, peak>=50% of max pre-2021 peak",7,True,2,True,1,2020-11-11,2021-01-10,2021-02-13,60,115.905,2020-11-12,2020-11-25,14,450,False,True,0.0672466,0.0277484,False,4.01779,True,4.04362,1.47073,0.194239,1.76743,0.355856,True,0.0584453,0.00199824,0.968307,1.40912,2020-12-11,30,ok,,,,,2,2020-11,772.6,79.7161,17.6875,4.4,10.9,2.88795,23.1,1.47073,0.194239,0.144143
Steuben County,36101,NY,95379,"standard, onset<2021-01-01, peak>=50% of max pre-2021 peak",7,True,2,True,1,2020-09-25,2021-01-10,2021-02-10,107,93.7613,2020-09-25,2020-10-08,14,232,False,True,0.0703538,0.02842,False,2.16173,True,2.25842,1.49248,0.19894,1.80748,0.368177,True,0.00725467,0.00191996,0.215419,1.05078,2020-11-17,54,ok,,,,,2,2020-09,67.3,55.5651,20.1423,6.1,12.1,1.82802,23.1,1.49248,0.19894,0.251964
Suffolk County,36103,NY,1476601,"standard, onset<2021-01-01, peak>=50% of max pre-2021 peak",7,True,2,False,0,2020-03-19,2020-04-06,2020-05-23,18,83.8509,2020-03-19,2020-04-01,14,7489,False,True,0.130498,0.0166941,False,20.8964,True,23.215,1.91349,0.116859,2.66261,0.25844,True,0.168696,0.0112818,0.965456,2.18087,2020-03-28,10,ok,,,,,3,2020-03,1674.7,71.3012,17.6347,4.9,6.1,3.22394,23.1,1.91349,0.116859,-0.00214203
Sullivan County,36105,NY,75432,"standard, onset<2021-01-01, peak>=50% of max pre-2021 peak",7,False,1,False,0,2020-03-18,2020-04-27,2020-06-07,40,48.8614,2020-03-18,2020-03-31,14,108,False,True,0.143165,0.0443442,False,2.04395,True,2.75913,2.00215,0.310409,2.86206,0.71008,True,0.124208,0.0110544,0.869189,1.86945,2020-04-07,21,ok,,,,,1,2020-03,81.2,33.0688,19.4839,6.5,12.7,1.90956,23.1,2.00216,0.310409,0.086527
Tompkins County,36109,NY,102180,"standard, onset<2021-01-01, peak>=50% of max pre-2021 peak",7,False,3,True,2,2020-11-04,2020-12-06,2021-01-03,32,37.7485,2020-11-04,2020-11-17,14,160,False,True,0.104413,0.0450577,False,3.49174,True,3.55586,1.73089,0.315404,2.27307,0.64817,True,0.0453047,0.0138386,0.416745,1.31713,2020-11-20,17,ok,,,,,2,2020-11,222.8,79.4401,15.6554,4.5,12.4,2.34792,23.1,1.73089,0.315404,0.404308
Ulster County,36111,NY,177573,"standard, onset<2021-01-01, peak>=50% of max pre-2021 peak",7,True,3,True,2,2020-11-08,2021-01-10,2021-02-23,63,74.0943,2020-11-08,2020-11-21,14,397,False,True,0.0546325,0.0267405,False,3.35337,True,3.4408,1.38243,0.187183,1.609,0.328763,True,0.04891,0.00205793,0.949567,1.34237,2020-12-09,32,ok,,,,,2,2020-11,161.8,59.9392,20.877,6.2,12.7,2.20898,23.1,1.38243,0.187184,0.0558448
Warren County,36113,NY,63944,"standard, onset<2021-01-01, peak>=50% of max pre-2021 peak",7,True,1,False,0,2020-12-01,2021-01-10,2021-02-13,40,97.8535,2020-12-01,2020-12-14,14,173,False,True,0.0248353,0.0218046,False,1.40855,False,1.42765,1.17385,0.152632,1.26131,0.24079,True,0.022502,0.00503041,0.512938,1.15751,2020-12-21,21,ok,,,,,1,2020-12,75.8,111.049,23.4358,5.3,8.9,1.87967,23.1,1.17385,0.152632,0.0226559
Washington County,36115,NY,61204,"standard, onset<2021-01-01, peak>=50% of max pre-2021 peak",7,True,2,True,1,2020-12-02,2021-01-10,2021-02-13,39,77.2592,2020-12-02,2020-12-15,14,140,False,True,0.102093,0.0456309,False,3.15117,True,3.15982,1.71465,0.319416,2.23982,0.651971,True,0.0383557,0.00932559,0.484483,1.26849,2020-12-21,20,ok,,,,,1,2020-12,73.8,35.8879,20.5018,5.3,11.2,1.86806,23.1,1.71465,0.319416,0.56346
Wayne County,36117,NY,89918,"standard, onset<2021-01-01, peak>=50% of max pre-2021 peak",7,False,1,False,0,2020-10-22,2021-01-07,2021-02-10,77,80.8673,2020-10-22,2020-11-04,14,209,False,True,0.0260459,0.0363865,False,3.36171,True,3.46595,1.18232,0.254706,1.27471,0.40367,True,0.0218296,0.00237837,0.694826,1.15281,2020-11-29,39,ok,,,,,2,2020-10,151.2,23.0054,19.9577,6.2,9.7,2.17955,23.1,1.18232,0.254706,-0.126069
Westchester County,36119,NY,967506,"standard, onset<2021-01-01, peak>=50% of max pre-2021 peak",7,True,1,False,0,2020-03-17,2020-03-26,2020-05-24,9,98.1315,2020-03-17,2020-03-26,10,5724,True,False,0.235329,0.0345728,False,43.5589,True,40.7499,2.64731,0.242009,4.51627,0.687439,False,,,,,2020-03-21,5,ok,,,,,3,2020-03,2332,130.717,17.672,5.6,7.6,3.36773,23.1,2.6473,0.24201,0.731675
Alamance County,37001,NC,169509,"standard, onset<2021-01-01, peak>=50% of max pre-2021 peak",7,False,1,False,0,2020-06-06,2020-12-31,2021-06-04,208,115.207,2020-06-24,2020-07-07,14,340,False,True,0.0303659,0.0155826,False,1.56265,False,1.58087,1.21256,0.109078,1.32302,0.1757,True,0.00087088,0.000914469,0.0105572,1.0061,2020-09-18,87,ok,,,,,2,2020-06,404.8,39.0864,17.3964,14.5,15.1,2.60724,-1.3,1.21256,0.109078,-0.420255
Brunswick County,37019,NC,142820,"standard, onset<2021-01-01, peak>=50% of max pre-2021 peak",7,False,1,False,0,2020-10-31,2020-12-31,2021-03-30,61,66.2172,2020-10-31,2020-11-13,14,291,False,True,0.0108053,0.0322305,False,3.69779,True,3.82802,1.07564,0.225614,1.11051,0.336932,True,0.0261732,0.00178147,0.881561,1.18321,2020-11-30,31,ok,,,,,2,2020-10,160.8,46.0887,35.1123,11.7,11.2,2.20629,-1.3,1.07564,0.225614,-0.232753
Buncombe County,37021,NC,261191,"standard, onset<2021-01-01, peak>=50% of max pre-2021 peak",7,True,1,False,0,2020-09-22,2020-12-31,2021-03-10,100,92.4337,2020-10-21,2020-11-03,14,560,False,True,0.049468,0.0825314,False,45.3533,True,58.9184,1.34628,0.57772,1.54607,0.996786,True,0.00829416,0.00686959,0.0679359,1.05806,2020-11-11,22,ok,,,,,3,2020-09,410.4,141.769,21.2019,14.5,13.9,2.61321,-1.3,1.34628,0.57772,0.105764
Burke County,37023,NC,90485,"standard, onset<2021-01-01, peak>=50% of max pre-2021 peak",7,False,2,True,1,2020-10-27,2020-12-31,2021-02-24,65,131.356,2020-10-27,2020-11-09,14,342,False,True,0.0403667,0.0727954,False,21.7636,True,29.6362,1.28257,0.509568,1.43789,0.851372,True,0.0355572,0.00240212,0.876055,1.2489,2020-11-28,33,ok,,,,,2,2020-10,173,62.8069,21.215,15.1,18.4,2.23805,-1.3,1.28257,0.509568,-0.0258235
Cabarrus County,37025,NC,216453,"standard, onset<2021-01-01, peak>=50% of max pre-2021 peak",7,False,1,False,0,2020-06-24,2020-12-31,2021-03-10,190,114.113,2020-08-17,2020-08-30,14,339,False,True,0.0245015,0.0408192,False,6.86869,True,7.26693,1.17151,0.285734,1.25762,0.450197,True,0.00515925,0.00197393,0.145872,1.03611,2020-09-27,42,ok,,,,,3,2020-06,625.1,81.0437,13.7792,11.6,8,2.79595,-1.3,1.17151,0.285734,-0.461306
Caldwell County,37027,NC,82178,"standard, onset<2021-01-01, peak>=50% of max pre-2021 peak",7,True,2,True,1,2020-10-02,2020-12-31,2021-02-14,90,182.531,2020-11-10,2020-11-23,14,408,False,True,0.05385,0.0313967,False,4.75584,True,5.13954,1.37695,0.219777,1.5994,0.384977,True,0.0816116,0.00803881,0.953733,1.57128,2020-11-16,7,ok,,,,,1,2020-10,170.9,49.5958,20.7397,14.3,13,2.23274,-1.3,1.37695,0.219777,0.0685596
Carteret County,37031,NC,69473,"standard, onset<2021-01-01, peak>=50% of max pre-2021 peak",7,False,1,False,0,2020-09-22,2020-12-31,2021-03-03,100,73.2042,2020-10-22,2020-11-04,14,232,False,True,0.0172624,0.0711284,False,14.326,True,18.1198,1.12084,0.497899,1.17888,0.762854,True,0.0209361,0.00984175,0.192358,1.14655,2020-11-11,21,ok,,,,,1,2020-09,133.3,62.0512,26.6023,11.7,9.3,2.12483,-1.3,1.12084,0.497899,-0.119675
Catawba County,37035,NC,159551,"standard, onset<2021-01-01, peak>=50% of max pre-2021 peak",7,False,1,False,0,2020-09-22,2020-12-31,2021-03-18,100,148.721,2020-10-01,2020-10-14,14,514,False,True,0.0312525,0.0379699,False,8.97002,True,9.83521,1.21877,0.26579,1.33304,0.429539,True,0.0219338,0.0024873,0.660333,1.15354,2020-11-11,42,ok,,,,,2,2020-09,400.2,64.1305,18.6315,13.5,11.6,2.60228,-1.3,1.21877,0.265789,-0.0217448
Chatham County,37037,NC,74470,"standard, onset<2021-01-01, peak>=50% of max pre-2021 peak",7,True,1,False,0,2020-04-07,2020-04-28,2020-06-21,21,31.4604,2020-04-07,2020-04-20,14,106,False,True,0.0270346,0.0414094,False,2.20677,True,2.89797,1.18924,0.289866,1.28569,0.461112,True,0.0928923,0.0333713,0.492013,1.65025,2020-04-17,10,ok,,,,,1,2020-04,111.9,95.6938,25.815,12.2,9.6,2.04883,-1.3,1.18924,0.289866,-0.226973
Cleveland County,37045,NC,97947,"standard, onset<2021-01-01, peak>=50% of max pre-2021 peak",7,True,2,False,0,2020-06-28,2020-12-18,2020-12-24,173,97.4288,2020-09-01,2020-09-14,14,240,False,True,0.0480675,0.0532137,False,8.09393,True,9.91955,1.33647,0.372496,1.52919,0.639566,True,0.0453986,0.00379605,0.877322,1.31779,2020-09-22,22,ok,,,,,2,2020-06,214.4,44.2127,18.8617,13.5,15,2.33122,-1.3,1.33647,0.372496,-0.296344
Columbus County,37047,NC,55508,"standard, onset<2021-01-01, peak>=50% of max pre-2021 peak",7,True,2,False,0,2020-10-31,2020-11-24,2020-12-24,24,88.5329,2020-11-04,2020-11-17,14,438,False,True,0.0222234,0.0507761,False,13.7501,True,14.7035,1.15556,0.355433,1.23261,0.555155,True,0.104168,0.0183445,0.821631,1.72918,2020-11-12,9,ok,,,,,1,2020-10,54,39.5077,20.3662,15.9,21.3,1.73239,-1.3,1.15556,0.355433,-0.152827
Craven County,37049,NC,102139,"standard, onset<2021-01-01, peak>=50% of max pre-2021 peak",7,False,3,True,1,2020-08-11,2020-09-28,2020-11-09,48,55.107,2020-08-25,2020-09-07,14,195,False,True,0.00439595,0.0568829,False,7.72736,True,8.45912,1.03077,0.39818,1.04437,0.579331,True,0.0555059,0.0345938,0.222424,1.38854,2020-09-04,11,ok,,,,,2,2020-08,142.6,74.4639,20.3157,13,13.2,2.15412,-1.3,1.03077,0.39818,-0.410385
Cumberland County,37051,NC,335509,"standard, onset<2021-01-01, peak>=50% of max pre-2021 peak",7,False,1,False,0,2020-10-30,2021-02-02,2021-02-28,95,70.8944,2020-10-30,2020-11-12,14,942,False,True,-0.0477555,0.0359594,True,14.5123,True,18.0549,0.665711,0.251716,0.570337,0.287469,True,0.020447,0.00151706,0.797942,1.14313,2020-12-16,48,ok,,,,,3,2020-10,513,70.8038,12.6431,11.9,18.5,2.71012,-1.3,0.665712,0.251716,-0.642679
Davidson County,37057,NC,167609,"standard, onset<2021-01-01, peak>=50% of max pre-2021 peak",7,False,1,False,0,2020-11-02,2020-12-31,2021-02-20,59,127.337,2020-11-09,2020-11-22,14,718,False,True,0.0523077,0.0255311,False,5.54529,True,5.66549,1.36615,0.178718,1.58053,0.311401,True,0.0247187,0.00364765,0.686204,1.17303,2020-12-01,23,ok,,,,,2,2020-11,305.4,28.4141,18.9505,14.5,12,2.48487,-1.3,1.36615,0.178718,0.0395712
Duplin County,37061,NC,58741,"standard, onset<2021-01-01, peak>=50% of max pre-2021 peak",7,True,3,False,0,2020-04-21,2020-05-21,2020-08-14,30,58.3676,2020-04-21,2020-05-04,14,94,False,True,0.00607994,0.0454296,False,2.37545,True,2.46547,1.04256,0.318007,1.06158,0.465897,True,0.0633208,0.00831364,0.805585,1.44325,2020-05-06,16,ok,,,,,1,2020-04,59.8,22.5803,19.6182,21.2,18.3,1.7767,-1.3,1.04256,0.318007,-0.373655
Durham County,37063,NC,321488,"standard, onset<2021-01-01, peak>=50% of max pre-2021 peak",7,False,3,True,2,2020-10-31,2020-12-31,2021-02-28,61,64.5214,2020-11-14,2020-11-27,14,1076,False,True,0.0228847,0.0280939,False,10.3369,True,10.4713,1.16019,0.196657,1.23985,0.307942,True,0.0143032,0.00311837,0.583776,1.10012,2020-11-30,17,ok,,,,,3,2020-10,1133.7,120.062,14.3957,13.5,11.7,3.0545,-1.3,1.16019,0.196657,-0.148198
Edgecombe County,37065,NC,51472,"standard, onset<2021-01-01, peak>=50% of max pre-2021 peak",7,False,1,False,0,2020-07-10,2021-01-10,2021-01-24,184,70.2185,2020-07-10,2020-07-23,14,114,False,True,0.0251272,0.0268631,False,1.78476,False,1.93284,1.17589,0.188042,1.26453,0.296981,True,0.00840405,0.000653691,0.644926,1.05883,2020-10-10,93,ok,,,,,1,2020-07,96.8,38.8548,20.863,11.4,24.1,1.98588,-1.3,1.17589,0.188042,0.037551
Forsyth County,37067,NC,382295,"standard, onset<2021-01-01, peak>=50% of max pre-2021 peak",7,False,1,False,0,2020-09-28,2020-12-31,2021-05-30,94,96.1113,2020-09-28,2020-10-11,14,634,False,True,0.0289404,0.0286974,False,6.33084,True,6.61593,1.20258,0.200882,1.30699,0.321855,True,0.0273758,0.00128436,0.908059,1.19163,2020-11-14,48,ok,,,,,3,2020-09,938.1,114.744,16.836,12.2,13,2.97225,-1.3,1.20258,0.200882,-0.0379295
Franklin County,37069,NC,69685,"standard, onset<2021-01-01, peak>=50% of max pre-2021 peak",7,False,2,True,1,2020-10-31,2020-12-31,2021-05-21,61,105.372,2020-10-31,2020-11-13,14,243,False,True,-0.0390419,0.0442989,True,5.73383,True,6.0999,0.726707,0.310093,0.641591,0.37035,True,0.0173492,0.00386265,0.410256,1.12144,2020-11-30,31,ok,,,,,1,2020-10,139.4,13.1247,18.1835,14.6,12,2.14426,-1.3,0.726707,0.310092,-0.581684
Gaston County,37071,NC,224529,"standard, onset<2021-01-01, peak>=50% of max pre-2021 peak",7,True,2,True,1,2020-10-04,2020-12-31,2021-02-24,88,154.228,2020-10-26,2020-11-08,14,1146,False,True,0.0529541,0.0701874,False,66.8352,True,89.1962,1.37068,0.491312,1.58843,0.857976,True,0.0129478,0.00708357,0.137261,1.09063,2020-11-17,23,ok,,,,,3,2020-10,640.7,53.0834,16.6476,12.9,11.8,2.80665,-1.3,1.37068,0.491312,0.0622883
Granville County,37077,NC,60443,"standard, onset<2021-01-01, peak>=50% of max pre-2021 peak",7,True,2,False,0,2020-05-14,2020-06-08,2020-06-29,25,71.6141,2020-05-14,2020-05-27,14,87,False,True,0.043015,0.0309795,False,1.71593,False,1.84425,1.30111,0.216857,1.46901,0.365764,True,0.0410908,0.00649128,0.784613,1.28764,2020-05-26,13,ok,,,,,1,2020-05,114.7,52.4659,18.204,13.1,15,2.05956,-1.3,1.3011,0.216857,-0.15415
Guilford County,37081,NC,537174,"standard, onset<2021-01-01, peak>=50% of max pre-2021 peak",7,False,2,True,1,2020-10-05,2020-12-31,2021-05-17,87,85.9525,2020-10-21,2020-11-03,14,1602,False,True,0.0623218,0.0753333,False,106.236,True,138.004,1.43625,0.527333,1.70478,0.950519,True,0.0309757,0.00319837,0.782965,1.21683,2020-11-17,28,ok,,,,,3,2020-10,838,80.9165,15.935,11.9,13.3,2.92324,-1.3,1.43625,0.527333,0.127862
Halifax County,37083,NC,50010,"standard, onset<2021-01-01, peak>=50% of max pre-2021 peak",7,True,2,True,1,2020-10-10,2021-01-31,2021-02-16,113,145.685,2020-10-22,2020-11-04,14,229,False,True,0.0262747,0.0719586,False,14.4036,True,19.3863,1.18392,0.50371,1.27724,0.798995,True,0.0119227,0.00218621,0.408868,1.08346,2020-12-05,45,ok,,,,,1,2020-10,67.2,47.3037,21.7165,14,23.9,1.82737,-1.3,1.18392,0.50371,-0.124468
Harnett County,37085,NC,135976,"standard, onset<2021-01-01, peak>=50% of max pre-2021 peak",7,False,1,False,0,2020-07-09,2020-12-31,2021-03-16,175,76.379,2020-07-13,2020-07-26,14,219,False,True,0.0354052,0.0316427,False,2.6453,True,2.68878,1.24784,0.221499,1.38038,0.36348,True,0.00499613,0.000930767,0.260013,1.03497,2020-10-04,84,ok,,,,,2,2020-07,224.5,27.7012,13.5459,12.5,14.4,2.35122,-1.3,1.24784,0.221499,0.109497
Haywood County,37087,NC,62317,"standard, onset<2021-01-01, peak>=50% of max pre-2021 peak",7,True,2,True,1,2020-10-31,2020-12-31,2021-03-01,61,96.7404,2020-11-01,2020-11-14,14,132,False,True,-0.0260459,0.0441834,True,3.13058,True,3.85251,0.817678,0.309284,0.753787,0.393501,True,0.0480813,0.00348954,0.871473,1.33657,2020-11-30,30,ok,,,,,1,2020-10,112.2,69.2554,25.2122,12.8,13.6,2.04999,-1.3,0.817679,0.309284,-0.490712
Henderson County,37089,NC,117417,"standard, onset<2021-01-01, peak>=50% of max pre-2021 peak",7,False,2,True,1,2020-11-16,2020-12-31,2021-03-19,45,101.348,2020-11-18,2020-12-01,14,389,False,True,-0.00955185,0.0263134,True,3.29576,True,3.37662,0.933137,0.184194,0.906398,0.252578,True,0.0248268,0.002608,0.826674,1.17379,2020-12-08,21,ok,,,,,2,2020-11,311.8,87.7185,26.7043,15,11,2.49388,-1.3,0.933137,0.184194,-0.393446
Hoke County,37093,NC,55234,"standard, onset<2021-01-01, peak>=50% of max pre-2021 peak",7,False,1,False,0,2020-09-10,2020-12-31,2021-02-23,112,78.6265,2020-10-22,2020-11-04,14,142,False,True,0.0570857,0.0804151,False,10.8113,True,13.6806,1.3996,0.562906,1.63929,0.996955,True,0.0396233,0.00949203,0.572725,1.27736,2020-11-05,15,ok,,,,,1,2020-09,133.5,21.1205,11.1881,15.4,15,2.12548,-1.3,1.3996,0.562906,0.159088
Iredell County,37097,NC,181806,"standard, onset<2021-01-01, peak>=50% of max pre-2021 peak",7,False,1,False,0,2020-10-10,2020-12-31,2021-04-05,82,106.236,2020-10-27,2020-11-09,14,510,False,True,0.0865908,0.0581781,False,19.3166,True,26.4735,1.60614,0.407247,2.02337,0.793364,True,0.0364914,0.00516627,0.684463,1.25544,2020-11-20,25,ok,,,,,2,2020-10,325,69.633,16.6643,12.6,9.7,2.51188,-1.3,1.60614,0.407247,0.297745
Johnston County,37101,NC,209339,"standard, onset<2021-01-01, peak>=50% of max pre-2021 peak",7,False,1,False,0,2020-09-22,2020-12-31,2021-03-30,100,113.35,2020-10-01,2020-10-14,14,444,False,True,0.00386124,0.0343457,False,6.41482,True,6.75003,1.02703,0.24042,1.03893,0.349027,True,0.0202055,0.00192799,0.733033,1.14144,2020-11-11,42,ok,,,,,3,2020-09,272.7,28.2409,14.4172,12.6,11.4,2.43569,-1.3,1.02703,0.24042,-0.213484
Lee County,37105,NC,61779,"standard, onset<2021-01-01, peak>=50% of max pre-2021 peak",7,False,3,True,2,2020-11-16,2020-12-31,2021-02-27,45,103.826,2020-11-17,2020-11-30,14,205,False,True,0.0237479,0.0375505,False,3.51661,True,3.66485,1.16624,0.262853,1.24932,0.412958,True,0.0425555,0.00310836,0.903584,1.29789,2020-12-08,22,ok,,,,,1,2020-11,248.1,52.1451,17.3675,15.6,15.4,2.39463,-1.3,1.16624,0.262854,-0.160347
Lenoir County,37107,NC,55949,"standard, onset<2021-01-01, peak>=50% of max pre-2021 peak",7,False,1,False,0,2020-09-22,2021-01-05,2021-03-09,105,116.943,2020-10-01,2020-10-14,14,150,False,True,0.0659065,0.0369239,False,2.37649,True,2.43745,1.46135,0.258468,1.75028,0.471448,True,0.0153261,0.00304708,0.375913,1.10728,2020-11-13,44,ok,,,,,1,2020-09,138.1,56.2389,20.7104,13.5,17.2,2.14019,-1.3,1.46135,0.258467,0.220833
Lincoln County,37109,NC,86111,"standard, onset<2021-01-01, peak>=50% of max pre-2021 peak",7,False,2,True,1,2020-09-23,2020-12-31,2021-02-24,99,136.867,2020-10-26,2020-11-08,14,430,False,True,0.0537825,0.0655251,False,21.8334,True,29.512,1.37648,0.458676,1.59857,0.803264,True,0.0194958,0.0128321,0.133363,1.13647,2020-11-11,17,ok,,,,,1,2020-09,293.4,44.9257,19.4263,12.5,11.9,2.46746,-1.3,1.37648,0.458676,0.135965
Mecklenburg County,37119,NC,1110356,"standard, onset<2021-01-01, peak>=50% of max pre-2021 peak",7,False,1,False,0,2020-09-22,2020-12-31,2021-05-13,100,102.31,2020-10-01,2020-10-14,14,1843,False,True,0.0209662,0.0158568,False,5.64619,True,5.73456,1.14676,0.110998,1.21889,0.172531,True,0.0217397,0.00202803,0.741787,1.15218,2020-11-11,42,ok,,,,,3,2020-09,2130.4,93.3229,11.9482,12.2,11,3.32846,-1.3,1.14676,0.110998,-0.0937489
Moore County,37125,NC,100880,"standard, onset<2021-01-01, peak>=50% of max pre-2021 peak",7,False,2,True,1,2020-11-12,2020-12-31,2021-03-02,49,110.032,2020-11-13,2020-11-26,14,369,False,True,-0.01007,0.0347348,True,5.44694,True,5.6098,0.92951,0.243144,0.90143,0.332657,True,0.045352,0.00428601,0.835779,1.31746,2020-12-06,24,ok,,,,,2,2020-11,142.9,114.312,24.3735,12.1,9.3,2.15503,-1.3,0.92951,0.243144,-0.397073
Nash County,37127,NC,94298,"standard, onset<2021-01-01, peak>=50% of max pre-2021 peak",7,True,1,False,0,2020-06-26,2020-12-31,2021-01-15,188,101.047,2020-07-03,2020-07-16,14,213,False,True,0.0255542,0.0282669,False,2.06825,True,2.11786,1.17888,0.197868,1.26926,0.313007,True,0.00770389,0.000763064,0.542381,1.05393,2020-09-28,88,ok,,,,,2,2020-06,175.7,50.5423,19.1797,13.3,14.9,2.24477,-1.3,1.17888,0.197868,-0.453937
New Hanover County,37129,NC,234473,"standard, onset<2021-01-01, peak>=50% of max pre-2021 peak",7,False,1,False,0,2020-08-27,2021-01-23,2021-03-10,149,90.2937,2020-08-27,2020-09-09,14,604,False,True,0.0303884,0.0389341,False,11.0899,True,12.136,1.21272,0.272539,1.32328,0.439033,True,-0.000890747,0.00138857,0.00560544,0.993765,2020-11-09,75,ok,,,,,3,2020-08,1174,93.4861,19.1562,12.6,10.2,3.06967,-1.3,1.21272,0.272539,-0.228438
Onslow County,37133,NC,197938,"standard, onset<2021-01-01, peak>=50% of max pre-2021 peak",7,False,1,False,0,2020-09-17,2020-12-31,2021-03-21,105,101.547,2020-09-21,2020-10-04,14,508,False,True,-0.10326,0.0601384,True,19.8048,True,20.5448,0.277177,0.420969,0.191313,0.340568,True,0.00735396,0.00295946,0.116121,1.05148,2020-11-08,49,ok,,,,,2,2020-09,268.5,31.2842,9.96305,11.2,12.5,2.42894,-1.3,0.27718,0.420969,-0.963332
Orange County,37135,NC,148476,"standard, onset<2021-01-01, peak>=50% of max pre-2021 peak",7,True,3,True,1,2020-08-10,2020-08-23,2020-09-08,13,50.8019,2020-08-10,2020-08-23,14,543,False,True,0.214386,0.0337022,False,4.50537,True,5.90171,2.5007,0.235915,4.10906,0.640484,True,0.176596,0.0175999,0.952687,2.23617,2020-08-16,7,ok,,,,,2,2020-08,374,182.251,15.6864,8.7,10.3,2.57287,-1.3,2.5007,0.235915,1.05955
Pender County,37141,NC,63060,"standard, onset<2021-01-01, peak>=50% of max pre-2021 peak",7,False,2,True,1,2020-09-11,2021-01-22,2021-05-16,133,99.9049,2020-09-11,2020-09-24,14,108,False,True,0.00529161,0.0401272,False,2.12955,True,2.23843,1.03704,0.28089,1.0535,0.41019,True,0.0106374,0.00181048,0.346873,1.07446,2020-11-16,67,ok,,,,,1,2020-09,69.1,34.882,19.205,12.4,12.3,1.83948,-1.3,1.03704,0.28089,-0.203471
Pitt County,37147,NC,180742,"standard, onset<2021-01-01, peak>=50% of max pre-2021 peak",7,False,2,False,0,2020-06-26,2020-12-08,2020-12-24,165,70.2659,2020-06-28,2020-07-11,14,263,False,True,-0.00760636,0.0176241,True,1.30787,False,1.32466,0.946755,0.123369,0.925151,0.170611,True,0.0157988,0.00165678,0.535109,1.11059,2020-09-16,81,ok,,,,,2,2020-06,261,115.13,14.4511,12.3,17.1,2.41664,-1.3,0.946755,0.123369,-0.686061
Randolph County,37151,NC,143667,"standard, onset<2021-01-01, peak>=50% of max pre-2021 peak",7,False,2,True,1,2020-09-19,2020-12-31,2021-04-15,103,110.076,2020-09-19,2020-10-02,14,309,False,True,-0.03063,0.0375477,True,5.27571,True,5.37342,0.78559,0.262834,0.713402,0.327174,True,0.0185288,0.00197782,0.637063,1.1297,2020-11-09,52,ok,,,,,2,2020-09,184.3,43.0045,18.2984,15.1,14.2,2.26553,-1.3,0.78559,0.262834,-0.454922
Robeson County,37155,NC,130625,"standard, onset<2021-01-01, peak>=50% of max pre-2021 peak",7,True,2,True,1,2020-08-11,2020-12-31,2021-03-01,142,139.221,2020-09-21,2020-10-04,14,555,False,True,-0.018042,0.055286,True,20.698,True,22.7375,0.873706,0.387002,0.826416,0.510966,True,0.0122266,0.00453072,0.200715,1.08559,2020-10-21,31,ok,,,,,2,2020-08,123,50.6307,15.9281,19.7,26.6,2.08991,-1.3,0.873706,0.387002,-0.567451
Rockingham County,37157,NC,91010,"standard, onset<2021-01-01, peak>=50% of max pre-2021 peak",7,False,2,True,1,2020-09-23,2021-01-10,2021-02-28,109,91.6697,2020-09-24,2020-10-07,14,282,False,True,0.040802,0.035564,False,4.28134,True,4.45236,1.28561,0.248948,1.44298,0.416585,True,0.0119589,0.00131585,0.613664,1.08371,2020-11-16,54,ok,,,,,2,2020-09,161.1,30.7368,21.1952,13.3,13.8,2.2071,-1.3,1.28561,0.248948,0.0451017
Rowan County,37159,NC,142088,"standard, onset<2021-01-01, peak>=50% of max pre-2021 peak",7,False,2,True,1,2020-11-02,2020-12-31,2021-03-01,59,148.902,2020-11-09,2020-11-22,14,685,False,True,0.0432897,0.031833,False,8.31094,True,8.39262,1.30303,0.222831,1.47225,0.376208,True,0.0250572,0.00197427,0.884668,1.1754,2020-12-01,23,ok,,,,,2,2020-11,287.1,34.7234,18.1535,12.9,14.4,2.45803,-1.3,1.30303,0.222831,-0.0235548
Rutherford County,37161,NC,67029,"standard, onset<2021-01-01, peak>=50% of max pre-2021 peak",7,True,1,False,0,2020-09-23,2020-12-31,2021-02-24,99,164.961,2020-10-30,2020-11-12,14,165,False,True,-0.0615404,0.0603972,True,7.04141,True,7.98678,0.569217,0.422781,0.464128,0.447864,True,-0.00284522,0.0154458,0.00307525,0.980083,2020-11-11,13,ok,,,,,1,2020-09,114,45.0003,22.2457,13.6,19.1,2.0569,-1.3,0.569217,0.42278,-0.671295
Sampson County,37163,NC,63531,"standard, onset<2021-01-01, peak>=50% of max pre-2021 peak",7,True,2,False,0,2020-09-15,2020-09-28,2020-12-24,13,112.206,2020-09-20,2020-09-28,9,489,True,False,0.143118,0.33996,False,347.094,True,199.903,2.00183,2.37972,2.86132,5.44308,False,,,,,2020-09-21,2,ok,,,,,1,2020-09,62.4,42.347,18.4125,17.9,21.2,1.79518,-1.3,2.00183,2.37972,0.761314
Stanly County,37167,NC,62806,"standard, onset<2021-01-01, peak>=50% of max pre-2021 peak",7,False,1,False,0,2020-10-31,2020-12-31,2021-04-05,61,139.659,2020-10-31,2020-11-13,14,201,False,True,-0.0299601,0.0511311,True,6.36702,True,7.95231,0.790279,0.357918,0.719249,0.446972,True,0.0287157,0.00215341,0.859783,1.20101,2020-11-30,31,ok,,,,,1,2020-10,158.2,38.3975,19.53,12.8,14.5,2.19921,-1.3,0.790279,0.357918,-0.518111
Surry County,37171,NC,71783,"standard, onset<2021-01-01, peak>=50% of max pre-2021 peak",7,False,1,False,0,2020-09-27,2020-12-31,2021-03-10,95,121.597,2020-09-27,2020-10-10,14,164,False,True,-0.00348449,0.0417526,True,3.50173,True,3.74298,0.975609,0.292268,0.96541,0.411416,True,0.0261001,0.00177761,0.824146,1.1827,2020-11-13,48,ok,,,,,1,2020-09,134,56.0546,20.8986,14.7,15.4,2.1271,-1.3,0.975609,0.292268,-0.264904
Union County,37179,NC,239859,"standard, onset<2021-01-01, peak>=50% of max pre-2021 peak",7,True,1,False,0,2020-10-31,2020-12-31,2021-04-05,61,131.625,2020-11-09,2020-11-22,14,863,False,True,0.0215604,0.039365,False,16.289,True,20.5913,1.15092,0.275555,1.22537,0.429296,True,0.0274813,0.00200214,0.904032,1.19237,2020-11-30,22,ok,,,,,3,2020-10,376.6,70.0894,13.4924,10.8,7,2.57588,-1.3,1.15092,0.275555,-0.157468
Wake County,37183,NC,1111761,"standard, onset<2021-01-01, peak>=50% of max pre-2021 peak",7,False,1,False,0,2020-09-24,2021-01-12,2021-05-13,110,87.0819,2020-10-01,2020-10-14,14,1578,False,True,-0.0123198,0.0354125,True,24.1963,True,25.7928,0.913762,0.247888,0.87999,0.335802,True,0.0206925,0.00205589,0.683085,1.14485,2020-11-18,49,ok,,,,,3,2020-09,1353.3,88.0106,12.7915,9.5,7.4,3.13139,-1.3,0.913761,0.247887,-0.326751
Watauga County,37189,NC,56177,"standard, onset<2021-01-01, peak>=50% of max pre-2021 peak",7,True,3,False,0,2020-07-03,2020-09-28,2020-10-26,87,77.561,2020-08-09,2020-08-22,14,89,False,True,0.00321041,0.0302876,False,1.87559,False,2.01484,1.02247,0.212013,1.03232,0.30696,True,0.115935,0.0174966,0.897762,1.81154,2020-08-15,7,ok,,,,,1,2020-07,173.1,79.503,17.4925,13.3,15.8,2.2383,-1.3,1.02247,0.212013,-0.115866
Wayne County,37191,NC,123131,"standard, onset<2021-01-01, peak>=50% of max pre-2021 peak",7,True,2,False,0,2020-04-08,2020-04-19,2020-05-03,11,58.5903,2020-04-11,2020-04-19,9,411,True,False,0.485651,0.147687,False,27.8548,True,23.3998,4.39956,1.03381,10.8095,4.48928,False,,,,,2020-04-13,3,ok,,,,,2,2020-04,211.8,51.1365,17.0464,14.9,14.9,2.32593,-1.3,4.39956,1.03381,2.98334
Wilkes County,37193,NC,68412,"standard, onset<2021-01-01, peak>=50% of max pre-2021 peak",7,True,3,True,2,2020-09-29,2020-12-31,2021-02-27,93,110.883,2020-09-30,2020-10-13,14,221,False,True,0.0482891,0.0194944,False,1.53929,False,1.53866,1.33802,0.136461,1.53186,0.234481,True,0.0210097,0.00223554,0.66748,1.14707,2020-11-14,46,ok,,,,,1,2020-09,87.5,37.8966,22.5045,14.7,14.4,1.94201,-1.3,1.33802,0.136461,0.0975114
Wilson County,37195,NC,81801,"standard, onset<2021-01-01, peak>=50% of max pre-2021 peak",7,False,1,False,0,2020-06-01,2021-01-05,2021-05-09,218,108.626,2020-06-09,2020-06-22,14,165,False,True,0.033047,0.0223918,False,1.15793,False,1.16639,1.23133,0.156742,1.3534,0.254997,True,0.000261463,0.00104226,0.00062892,1.00183,2020-09-18,102,ok,,,,,1,2020-06,214.3,39.3481,18.8515,15.1,21.2,2.33102,-1.3,1.23133,0.156743,-0.401488
Burleigh County,38015,ND,95626,"standard, onset<2021-01-01, peak>=50% of max pre-2021 peak",7,False,1,False,0,2020-07-21,2020-11-05,2020-12-28,107,227.374,2020-08-01,2020-08-14,14,410,False,True,0.0167439,0.0302364,False,4.57602,True,4.77732,1.11721,0.211655,1.17333,0.323627,True,0.0150831,0.00135259,0.752043,1.10558,2020-09-12,43,ok,,,,,2,2020-07,60.3,112.738,17.2591,6.7,8.6,1.78032,-33.4,1.11721,0.211655,-0.0211321
Cass County,38017,ND,181923,"standard, onset<2021-01-01, peak>=50% of max pre-2021 peak",7,True,1,False,0,2020-08-25,2020-11-05,2021-01-17,72,160.665,2020-08-27,2020-09-09,14,618,False,True,0.0409626,0.0400489,False,11.8963,True,14.5981,1.28674,0.280343,1.44486,0.469391,True,0.0214709,0.00189514,0.795483,1.1503,2020-09-30,35,ok,,,,,2,2020-08,104.6,99.7155,12.9663,7.2,9.7,2.01953,-33.4,1.28674,0.280342,-0.154418
Grand Forks County,38035,ND,69451,"standard, onset<2021-01-01, peak>=50% of max pre-2021 peak",7,True,2,True,1,2020-09-26,2020-11-05,2020-12-15,40,294.144,2020-09-26,2020-10-09,14,391,False,True,0.0494465,0.0451895,False,9.49392,True,10.4361,1.34613,0.316327,1.54581,0.545743,True,0.0521523,0.00349967,0.921185,1.36507,2020-10-16,21,ok,,,,,1,2020-09,51,121.635,13.6449,7.3,12.7,1.70757,-33.4,1.34613,0.316327,0.105613
Ward County,38101,ND,67641,"standard, onset<2021-01-01, peak>=50% of max pre-2021 peak",7,True,1,False,0,2020-09-26,2020-11-03,2020-12-12,38,345.733,2020-09-27,2020-10-10,14,392,False,True,0.0366427,0.0145496,False,1.64381,False,1.67771,1.2565,0.101847,1.39462,0.167888,True,0.0518113,0.00478252,0.873478,1.36268,2020-10-15,19,ok,,,,,1,2020-09,34.7,77.2322,13.2639,7.8,8.9,1.54033,-33.4,1.2565,0.101847,0.0159866
Allen County,39003,OH,102351,"standard, onset<2021-01-01, peak>=50% of max pre-2021 peak",7,False,1,False,0,2020-10-05,2020-11-22,2021-02-14,48,142.088,2020-10-07,2020-10-20,14,456,False,True,0.0429266,0.0249248,False,3.3931,True,3.48767,1.30049,0.174473,1.46796,0.294185,True,0.0307505,0.00307601,0.826357,1.21525,2020-10-29,23,ok,,,,,2,2020-10,253.9,64.5755,18.1379,8.4,12.9,2.40466,-8,1.30049,0.174474,-0.00790421
Ashland County,39005,OH,53484,"standard, onset<2021-01-01, peak>=50% of max pre-2021 peak",7,False,1,False,0,2020-10-21,2020-12-10,2021-01-31,50,141.564,2020-10-21,2020-11-03,14,156,False,True,0.0368327,0.0230658,False,1.23684,False,1.25134,1.25783,0.161461,1.39682,0.26634,True,0.0453395,0.00315025,0.896167,1.31738,2020-11-15,26,ok,,,,,1,2020-10,124,43.8538,19.4825,9,11.4,2.09342,-8,1.25783,0.161461,-0.0505615
Ashtabula County,39007,OH,97241,"standard, onset<2021-01-01, peak>=50% of max pre-2021 peak",7,True,1,False,0,2020-10-26,2020-11-22,2021-01-24,27,100.34,2020-10-26,2020-11-08,14,389,False,True,0.080667,0.0248718,False,2.72478,True,2.67057,1.56467,0.174103,1.94332,0.332984,True,0.102602,0.00483324,0.974062,1.71821,2020-11-08,14,ok,,,,,2,2020-10,139,28.6962,19.9715,10,16.5,2.14301,-8,1.56467,0.174103,0.256279
Athens County,39009,OH,65327,"standard, onset<2021-01-01, peak>=50% of max pre-2021 peak",7,True,2,True,1,2020-11-18,2020-12-01,2020-12-24,13,75.0073,2020-11-19,2020-12-01,13,481,True,True,-0.013856,0.0279027,True,4.31979,True,6.00936,0.903008,0.195319,0.865471,0.262789,False,,,,,2020-11-24,6,ok,,,,,1,2020-11,124,62.469,14.1756,9.4,22,2.09342,-8,0.903008,0.195319,-0.423575
Belmont County,39013,OH,67006,"standard, onset<2021-01-01, peak>=50% of max pre-2021 peak",7,False,2,True,1,2020-10-26,2020-12-07,2021-03-24,42,88.0518,2020-10-26,2020-11-08,14,208,False,True,0.0556378,0.0554077,False,7.53311,True,8.07406,1.38946,0.387854,1.62139,0.683553,True,0.0577472,0.0100852,0.621112,1.40423,2020-11-16,22,ok,,,,,1,2020-10,125,27.0689,21.4416,7.8,12.7,2.09691,-8,1.38946,0.387854,0.0810742
Butler County,39017,OH,383134,"standard, onset<2021-01-01, peak>=50% of max pre-2021 peak",7,False,1,False,0,2020-08-23,2020-12-08,2021-04-01,107,105.148,2020-08-23,2020-09-05,14,1276,False,True,0.0751288,0.0231307,False,7.81047,True,7.69939,1.5259,0.161915,1.86982,0.304294,True,0.00156901,0.00215201,0.0101192,1.01098,2020-10-15,54,ok,,,,,3,2020-08,836.7,52.0037,15.4707,7.7,10.1,2.92257,-8,1.5259,0.161915,0.084745
Clark County,39023,OH,134083,"standard, onset<2021-01-01, peak>=50% of max pre-2021 peak",7,False,3,True,1,2020-10-05,2020-12-11,2020-12-22,67,114.428,2020-10-05,2020-10-18,14,368,False,True,0.0139863,0.0234736,False,2.47801,True,2.5338,1.0979,0.164315,1.14397,0.248525,True,0.0355433,0.00150162,0.94597,1.2488,2020-11-07,34,ok,,,,,2,2020-10,342.7,44.8526,19.7557,8.1,14.3,2.53491,-8,1.0979,0.164315,-0.210486
Clermont County,39025,OH,206428,"standard, onset<2021-01-01, peak>=50% of max pre-2021 peak",7,False,1,False,0,2020-10-08,2021-01-05,2021-03-10,89,114.118,2020-10-08,2020-10-21,14,516,False,True,0.0166301,0.0193332,False,2.35464,True,2.37307,1.11641,0.135333,1.17211,0.206836,True,0.0376755,0.00196698,0.895089,1.26373,2020-11-21,45,ok,,,,,2,2020-10,460.9,66.155,17.7717,8.5,9.2,2.66361,-8,1.11641,0.135332,-0.19198
Columbiana County,39029,OH,101883,"standard, onset<2021-01-01, peak>=50% of max pre-2021 peak",7,True,4,True,2,2020-10-23,2020-12-06,2020-12-22,44,100.956,2020-10-23,2020-11-05,14,251,False,True,0.0612515,0.0267504,False,2.10214,True,2.12919,1.42876,0.187253,1.6913,0.336321,True,0.0678246,0.00224238,0.977561,1.47477,2020-11-14,23,ok,,,,,2,2020-10,191.5,29.4473,21.2364,9.6,13.9,2.28217,-8,1.42876,0.187253,0.12037
Cuyahoga County,39035,OH,1235072,"standard, onset<2021-01-01, peak>=50% of max pre-2021 peak",7,False,1,False,0,2020-10-22,2020-12-10,2021-02-19,49,117.657,2020-10-22,2020-11-04,14,3000,False,True,0.0669113,0.0236034,False,19.3911,True,19.4133,1.46838,0.165224,1.76313,0.302366,True,0.0710049,0.00285668,0.964108,1.49703,2020-11-15,25,ok,,,,,3,2020-10,2766.4,109.897,18.7806,7.5,15.3,3.44191,-8,1.46838,0.165224,0.159989
Darke County,39037,OH,51113,"standard, onset<2021-01-01, peak>=50% of max pre-2021 peak",7,True,2,True,1,2020-09-28,2020-11-22,2021-01-30,55,160.708,2020-09-29,2020-10-12,14,194,False,True,-0.0147406,0.0205404,True,0.577874,False,0.580963,0.896816,0.143783,0.857157,0.192687,True,0.000664088,0.00195282,0.00460451,1.00465,2020-10-25,27,ok,,,,,1,2020-09,86.7,46.2597,19.8685,9.4,10.2,1.93802,-8,0.896816,0.143783,-0.343696
Delaware County,39041,OH,209177,"standard, onset<2021-01-01, peak>=50% of max pre-2021 peak",7,False,2,False,0,2020-11-02,2020-12-11,2020-12-22,39,117.945,2020-11-02,2020-11-15,14,1054,False,True,0.0795193,0.00914364,False,1.69093,False,1.71132,1.55664,0.0640055,1.92798,0.121974,True,0.0528729,0.00829389,0.69304,1.37011,2020-11-21,20,ok,,,,,3,2020-11,483.2,152.248,15.0375,5,3.7,2.68413,-8,1.55664,0.0640055,0.230052
Erie County,39043,OH,74266,"standard, onset<2021-01-01, peak>=50% of max pre-2021 peak",7,True,1,False,0,2020-11-01,2020-12-11,2021-02-06,40,165.044,2020-11-02,2020-11-15,14,428,False,True,0.0808638,0.0379141,False,6.96382,True,6.95189,1.56605,0.265399,1.94596,0.507908,True,0.0519389,0.0100521,0.597295,1.36357,2020-11-21,20,ok,,,,,1,2020-11,300.9,76.6973,22.7116,7.7,10.9,2.47842,-8,1.56605,0.265399,0.239464
Fairfield County,39045,OH,157574,"standard, onset<2021-01-01, peak>=50% of max pre-2021 peak",7,False,2,True,1,2020-12-23,2021-01-11,2021-02-15,19,93.7428,2020-12-25,2021-01-07,14,1541,False,True,0.00241037,0.0158718,False,4.75513,True,4.79294,1.01687,0.111103,1.02423,0.160325,True,0.02288,0.00255393,0.930442,1.16016,2021-01-01,8,ok,,,,,2,2020-12,315.1,56.6319,16.3276,8,7.5,2.49845,-8,1.01687,0.111103,-0.134319
Franklin County,39049,OH,1316756,"standard, onset<2021-01-01, peak>=50% of max pre-2021 peak",7,False,3,True,2,2020-10-25,2020-12-07,2020-12-22,43,99.2048,2020-10-25,2020-11-07,14,5524,False,True,0.0692904,0.0155445,False,15.4257,True,15.9469,1.48503,0.108811,1.79373,0.200682,True,0.0466419,0.00369723,0.88836,1.32649,2020-11-15,22,ok,,,,,3,2020-10,2486.4,101.374,12.6629,9.5,15.4,3.39557,-8,1.48503,0.108811,0.176642
Geauga County,39055,OH,93649,"standard, onset<2021-01-01, peak>=50% of max pre-2021 peak",7,True,1,False,0,2020-10-22,2020-11-25,2020-12-24,34,87.1034,2020-10-22,2020-11-04,14,200,False,True,0.0549535,0.0205779,False,0.491354,False,0.497067,1.38467,0.144045,1.61295,0.253274,True,0.0691209,0.00385326,0.952632,1.48385,2020-11-08,18,ok,,,,,2,2020-10,238.3,69.1846,21.5122,10,6.2,2.37712,-8,1.38467,0.144045,0.0762841
Greene County,39057,OH,168937,"standard, onset<2021-01-01, peak>=50% of max pre-2021 peak",7,False,1,False,0,2020-09-01,2020-11-22,2021-02-28,82,92.9341,2020-09-11,2020-09-24,14,271,False,True,-0.00738172,0.0302934,True,3.04447,True,3.11098,0.948328,0.212054,0.927327,0.293542,True,0.0201263,0.0021085,0.752297,1.14088,2020-10-12,32,ok,,,,,2,2020-09,406.2,89.8991,18.003,6.7,9,2.60874,-8,0.948328,0.212054,-0.292184
Hamilton County,39061,OH,817473,"standard, onset<2021-01-01, peak>=50% of max pre-2021 peak",7,False,2,True,1,2020-10-11,2020-12-10,2021-02-26,60,107.684,2020-10-11,2020-10-24,14,2637,False,True,0.0144226,0.0106765,False,3.67282,True,3.69739,1.10096,0.0747356,1.14859,0.113232,True,0.0302472,0.00128818,0.950029,1.21173,2020-11-10,31,ok,,,,,3,2020-10,2048.9,109.073,16.0094,6.7,12.7,3.31152,-8,1.10096,0.0747355,-0.207432
Hancock County,39063,OH,75783,"standard, onset<2021-01-01, peak>=50% of max pre-2021 peak",7,True,1,False,0,2020-07-10,2020-07-26,2020-08-06,16,24.6946,2020-07-10,2020-07-23,14,93,False,True,0.194232,0.0520395,False,2.00615,True,2.06528,2.35963,0.364276,3.73457,0.94492,True,0.210968,0.0139891,0.970141,2.47677,2020-07-18,9,ok,,,,,1,2020-07,141,52.0555,18.0299,8,9.3,2.14922,-8,2.35962,0.364277,1.22128
Huron County,39077,OH,58266,"standard, onset<2021-01-01, peak>=50% of max pre-2021 peak",7,False,1,False,0,2020-11-01,2020-12-11,2021-02-08,40,151.522,2020-11-01,2020-11-14,14,298,False,True,0.0745112,0.017117,False,0.499274,False,0.496381,1.52158,0.119819,1.8617,0.224737,True,0.0591352,0.00947701,0.672051,1.41395,2020-11-21,21,ok,,,,,1,2020-11,119,54.6401,17.9903,8.5,9.8,2.07555,-8,1.52158,0.119819,0.194996
Jefferson County,39081,OH,65325,"standard, onset<2021-01-01, peak>=50% of max pre-2021 peak",7,True,1,False,0,2020-10-31,2020-12-11,2021-02-28,41,136.242,2020-11-17,2020-11-30,14,673,False,True,0.139632,0.0712629,False,33.2686,True,44.2489,1.97743,0.49884,2.80577,1.13055,False,,,,,2020-11-20,4,ok,,,,,1,2020-10,159.9,38.3148,22.0724,7.3,15.3,2.20385,-8,1.97742,0.49884,0.669034
Knox County,39083,OH,62322,"standard, onset<2021-01-01, peak>=50% of max pre-2021 peak",7,True,2,True,1,2020-10-19,2020-11-22,2021-02-23,34,95.1281,2020-10-19,2020-11-01,14,160,False,True,0.069178,0.023253,False,1.86621,False,1.84286,1.48425,0.162771,1.79228,0.300091,True,0.0508509,0.00280944,0.953436,1.35596,2020-11-05,18,ok,,,,,1,2020-10,119.4,39.8591,18.8836,9,10.9,2.077,-8,1.48425,0.162771,0.175856
Lake County,39085,OH,230149,"standard, onset<2021-01-01, peak>=50% of max pre-2021 peak",7,True,2,True,1,2020-10-26,2020-11-22,2021-03-08,27,130.288,2020-10-26,2020-11-08,14,1244,False,True,0.118427,0.0140437,False,2.54303,True,2.68553,1.82899,0.0983062,2.4788,0.21029,True,0.105602,0.00243089,0.993681,1.73921,2020-11-08,14,ok,,,,,3,2020-10,1014.5,41.272,21.0178,7.9,7.9,3.00625,-8,1.82899,0.0983059,0.520599
Licking County,39089,OH,176862,"standard, onset<2021-01-01, peak>=50% of max pre-2021 peak",7,False,2,True,1,2020-10-14,2020-12-10,2020-12-26,57,115.829,2020-10-14,2020-10-27,14,604,False,True,0.024659,0.0183772,False,2.48029,True,2.50391,1.17261,0.128641,1.25936,0.202805,True,0.0323672,0.00157665,0.939792,1.22657,2020-11-11,29,ok,,,,,2,2020-10,261.6,37.531,17.3024,7.5,9.8,2.41764,-8,1.17261,0.12864,-0.135777
Lorain County,39093,OH,309833,"standard, onset<2021-01-01, peak>=50% of max pre-2021 peak",7,False,2,True,1,2020-10-28,2020-12-10,2021-02-26,43,121.356,2020-10-28,2020-11-10,14,969,False,True,0.0865908,0.0213479,False,4.94169,True,4.92635,1.60614,0.149435,2.02337,0.291117,True,0.0615447,0.00776161,0.758672,1.43081,2020-11-18,22,ok,,,,,3,2020-10,638,52.0827,19.4102,7.5,11.9,2.80482,-8,1.60614,0.149435,0.297745
Lucas County,39095,OH,428348,"standard, onset<2021-01-01, peak>=50% of max pre-2021 peak",7,False,3,True,2,2020-10-27,2020-12-11,2020-12-22,45,111.892,2020-10-28,2020-11-10,14,1918,False,True,0.0749648,0.0109613,False,2.63723,True,2.65475,1.52475,0.076729,1.86766,0.144125,True,0.0441456,0.00721451,0.651824,1.30902,2020-11-18,22,ok,,,,,3,2020-10,1269.7,86.0232,16.9987,7.6,17.5,3.1037,-8,1.52475,0.0767291,0.216363
Mahoning County,39099,OH,228683,"standard, onset<2021-01-01, peak>=50% of max pre-2021 peak",7,False,1,False,0,2020-10-16,2020-12-10,2021-02-27,55,130.311,2020-10-16,2020-10-29,14,484,False,True,0.0106306,0.012996,False,1.09476,False,1.09776,1.07441,0.090972,1.10868,0.135763,True,0.0531148,0.00320323,0.913607,1.3718,2020-11-12,28,ok,,,,,3,2020-10,555.6,101.919,21.6649,8.5,15.8,2.74476,-8,1.07441,0.090972,-0.233976
Medina County,39103,OH,179746,"standard, onset<2021-01-01, peak>=50% of max pre-2021 peak",7,False,2,True,1,2020-10-20,2020-12-10,2021-03-22,51,99.1876,2020-10-20,2020-11-02,14,476,False,True,0.0521936,0.0133148,False,1.36332,False,1.37185,1.36536,0.0932037,1.57914,0.162336,True,0.0641865,0.00222969,0.971854,1.44931,2020-11-14,26,ok,,,,,2,2020-10,433,62.476,19.121,6.2,5.9,2.63649,-8,1.36536,0.0932036,0.0569648
Miami County,39109,OH,106987,"standard, onset<2021-01-01, peak>=50% of max pre-2021 peak",7,True,2,True,1,2020-09-28,2020-11-22,2021-02-16,55,123.112,2020-09-28,2020-10-11,14,292,False,True,0.0156713,0.0167453,False,1.18568,False,1.21189,1.1097,0.117217,1.16187,0.178475,True,0.0138172,0.0020109,0.64487,1.09672,2020-10-25,28,ok,,,,,2,2020-09,267.6,45.0475,19.2381,6.9,8,2.42749,-8,1.1097,0.117217,-0.130813
Montgomery County,39113,OH,531687,"standard, onset<2021-01-01, peak>=50% of max pre-2021 peak",7,False,1,False,0,2020-09-25,2020-12-01,2021-02-26,67,103.014,2020-09-25,2020-10-08,14,1065,False,True,0.0429772,0.0178837,False,4.07952,True,4.07524,1.30084,0.125186,1.46856,0.211117,True,0.0330527,0.000972118,0.973065,1.23137,2020-10-28,34,ok,,,,,3,2020-09,1164.6,94.5452,18.2655,8.3,14.7,3.06618,-8,1.30084,0.125186,0.0603281
Muskingum County,39119,OH,86215,"standard, onset<2021-01-01, peak>=50% of max pre-2021 peak",7,True,1,False,0,2020-09-27,2020-11-22,2021-03-10,56,123.777,2020-10-05,2020-10-18,14,285,False,True,0.0454934,0.0342219,False,3.98681,True,4.09323,1.31845,0.239553,1.4984,0.407608,True,0.0117368,0.00452623,0.261388,1.08216,2020-10-25,21,ok,,,,,1,2020-09,130,53.2346,18.418,8,15,2.11394,-8,1.31845,0.239553,0.0779415
Portage County,39133,OH,162466,"standard, onset<2021-01-01, peak>=50% of max pre-2021 peak",7,False,3,True,2,2020-11-18,2020-12-10,2021-02-21,22,96.2839,2020-11-18,2020-12-01,14,1389,False,True,0.00925964,0.0521443,False,46.2164,True,62.0173,1.06482,0.36501,1.0944,0.541722,True,0.0274836,0.0126148,0.321881,1.19239,2020-11-29,12,ok,,,,,2,2020-11,331.9,39.5572,17.7266,8.3,9.9,2.52101,-8,1.06482,0.36501,-0.261765
Richland County,39139,OH,121154,"standard, onset<2021-01-01, peak>=50% of max pre-2021 peak",7,True,2,True,1,2020-11-18,2020-12-07,2021-02-09,19,148.689,2020-11-18,2020-12-01,14,1457,False,True,-0.00215712,0.0454756,True,36.9086,True,50.9434,0.9849,0.318329,0.978527,0.450636,True,0.036164,0.0136639,0.466842,1.25315,2020-11-27,10,ok,,,,,2,2020-11,252.3,47.2242,20.0623,8.9,12.7,2.40192,-8,0.9849,0.318329,-0.341683
Ross County,39141,OH,76666,"standard, onset<2021-01-01, peak>=50% of max pre-2021 peak",7,False,3,True,2,2020-09-30,2020-12-10,2021-02-22,71,94.1002,2020-09-30,2020-10-13,14,247,False,True,0.0622749,0.0290963,False,2.44364,True,2.50315,1.43592,0.203674,1.70419,0.367065,True,0.0189852,0.00284702,0.566703,1.1329,2020-11-04,36,ok,,,,,1,2020-09,111.9,66.1539,17.5593,8.1,15,2.04883,-8,1.43592,0.203674,0.195412
Sandusky County,39143,OH,58518,"standard, onset<2021-01-01, peak>=50% of max pre-2021 peak",7,True,2,True,1,2020-10-29,2020-12-11,2021-02-12,43,175.038,2020-11-17,2020-11-30,14,539,False,True,-0.0068924,0.0522813,True,18.037,True,23.8517,0.951753,0.365969,0.932074,0.507679,False,,,,,2020-11-19,3,ok,,,,,1,2020-10,144.3,30.5623,19.7161,8.7,10.4,2.15927,-8,0.951753,0.365969,-0.356637
Scioto County,39145,OH,75314,"standard, onset<2021-01-01, peak>=50% of max pre-2021 peak",7,False,1,False,0,2020-10-04,2020-12-11,2021-03-18,68,128.984,2020-10-04,2020-10-17,14,207,False,True,0.0207403,0.0312113,False,2.45722,True,2.59378,1.14518,0.218479,1.21644,0.339301,True,0.0249514,0.00113339,0.936251,1.17466,2020-11-07,35,ok,,,,,1,2020-10,121.3,55.3994,18.6061,7.9,22.8,2.08386,-8,1.14518,0.218479,-0.163208
Seneca County,39147,OH,55178,"standard, onset<2021-01-01, peak>=50% of max pre-2021 peak",7,True,1,False,0,2020-10-23,2020-11-22,2021-02-15,30,131.781,2020-10-23,2020-11-05,14,245,False,True,0.130899,0.0318421,False,2.4841,True,2.51302,1.91629,0.222895,2.66881,0.493481,True,0.111816,0.00492923,0.973514,1.78271,2020-11-07,16,ok,,,,,1,2020-10,99.9,36.3181,18.8636,8.1,10.4,1.99957,-8,1.91629,0.222895,0.607903
Stark County,39151,OH,370606,"standard, onset<2021-01-01, peak>=50% of max pre-2021 peak",7,True,1,False,0,2020-10-26,2020-12-07,2021-02-26,42,124.391,2020-10-26,2020-11-08,14,1302,False,True,0.052821,0.0196125,False,5.92997,True,5.99338,1.36975,0.137287,1.5868,0.239635,True,0.0473387,0.00407161,0.871114,1.33137,2020-11-16,22,ok,,,,,3,2020-10,651.6,77.0969,20.0655,7.6,13.2,2.81398,-8,1.36975,0.137288,0.0613566
Summit County,39153,OH,541013,"standard, onset<2021-01-01, peak>=50% of max pre-2021 peak",7,False,2,True,1,2020-10-26,2020-12-10,2020-12-27,45,109.9,2020-10-26,2020-11-08,14,1755,False,True,0.0740615,0.0139704,False,3.92621,True,3.98657,1.51843,0.0977931,1.8558,0.183161,True,0.044765,0.00784657,0.607825,1.31336,2020-11-17,23,ok,,,,,3,2020-10,1309.2,97.1452,18.8145,7.1,12.1,3.11701,-8,1.51843,0.0977928,0.21004
Trumbull County,39155,OH,197974,"standard, onset<2021-01-01, peak>=50% of max pre-2021 peak",7,True,1,False,0,2020-10-21,2020-11-22,2021-03-06,32,116.466,2020-10-25,2020-11-07,14,603,False,True,0.124329,0.0245137,False,3.69407,True,3.68764,1.87031,0.171596,2.56791,0.373143,True,0.102095,0.00900676,0.921142,1.71467,2020-11-06,13,ok,,,,,2,2020-10,326.8,45.0546,22.0416,9.2,15.8,2.51428,-8,1.8703,0.171596,0.561913
Tuscarawas County,39157,OH,91987,"standard, onset<2021-01-01, peak>=50% of max pre-2021 peak",7,True,2,True,1,2020-10-15,2020-11-22,2021-02-10,38,164.62,2020-10-15,2020-10-28,14,335,False,True,0.0247955,0.0323101,False,4.25197,True,4.35505,1.17357,0.226171,1.26087,0.356749,True,0.0358206,0.00238513,0.926093,1.25074,2020-11-03,20,ok,,,,,2,2020-10,164.4,35.3838,19.8482,11.1,11.6,2.2159,-8,1.17357,0.226171,-0.134822
Union County,39159,OH,58988,"standard, onset<2021-01-01, peak>=50% of max pre-2021 peak",7,False,1,False,0,2020-10-28,2020-11-22,2021-02-03,25,108.981,2020-10-28,2020-11-10,14,421,False,True,0.0949681,0.0295426,False,4.03825,True,4.24577,1.66478,0.206798,2.13908,0.413262,True,0.0948041,0.0130476,0.827573,1.66363,2020-11-09,13,ok,,,,,1,2020-10,145.4,58.9322,13.4971,5.5,5,2.16256,-8,1.66478,0.206798,0.356386
Warren County,39165,OH,234602,"standard, onset<2021-01-01, peak>=50% of max pre-2021 peak",7,False,1,False,0,2020-12-23,2021-01-05,2021-02-24,13,100.109,2020-12-25,2021-01-05,12,2130,True,True,0.0204936,0.0206068,False,8.38376,True,8.40911,1.14346,0.144247,1.21376,0.223805,False,,,,,2020-12-29,5,ok,,,,,3,2020-12,603.7,86.6562,15.471,5.2,5.2,2.78082,-8,1.14346,0.144248,-0.00773599
Washington County,39167,OH,59911,"standard, onset<2021-01-01, peak>=50% of max pre-2021 peak",7,False,1,False,0,2020-10-24,2020-12-01,2021-03-25,38,119.224,2020-10-25,2020-11-07,14,247,False,True,0.0622749,0.0320953,False,2.97335,True,3.03793,1.43592,0.224667,1.70419,0.4049,True,0.0668297,0.005598,0.89343,1.46781,2020-11-12,19,ok,,,,,1,2020-10,94.6,71.9412,21.7463,7.8,13.4,1.97589,-8,1.43592,0.224667,0.127534
Wayne County,39169,OH,115710,"standard, onset<2021-01-01, peak>=50% of max pre-2021 peak",7,False,2,True,1,2020-10-12,2020-12-07,2021-02-14,56,91.7318,2020-10-12,2020-10-25,14,468,False,True,0.0430581,0.0357192,False,7.15089,True,7.39841,1.30141,0.250035,1.46951,0.421789,True,0.0306588,0.00264399,0.832775,1.21461,2020-11-09,29,ok,,,,,2,2020-10,210.7,49.6176,18.6691,12.1,9,2.32366,-8,1.30141,0.250034,-0.00698371
Wood County,39173,OH,130817,"standard, onset<2021-01-01, peak>=50% of max pre-2021 peak",7,False,3,True,1,2020-10-18,2020-12-08,2020-12-22,51,110.733,2020-10-18,2020-10-31,14,379,False,True,-0.00226164,0.0146766,True,0.712048,False,0.717241,0.984169,0.102736,0.977491,0.145372,True,0.045543,0.00345993,0.878336,1.3188,2020-11-12,26,ok,,,,,2,2020-10,214.3,68.054,16.0978,7.1,9.9,2.33102,-8,0.984169,0.102736,-0.324222
Canadian County,40017,OK,148306,"standard, onset<2021-01-01, peak>=50% of max pre-2021 peak",7,False,2,True,1,2020-09-15,2021-01-05,2021-03-10,112,136.205,2020-09-15,2020-09-28,14,573,False,True,0.0406612,0.0235882,False,3.82747,True,3.92378,1.28463,0.165117,1.44133,0.276165,True,0.0128261,0.0016601,0.520459,1.08978,2020-11-10,57,ok,,,,,2,2020-09,172.2,36.2683,14.1258,13.7,7.6,2.23603,-33.1,1.28463,0.165117,0.0441161
Cleveland County,40027,OK,284014,"standard, onset<2021-01-01, peak>=50% of max pre-2021 peak",7,False,2,True,1,2020-08-16,2021-01-10,2021-03-13,147,110.206,2020-08-16,2020-08-29,14,604,False,True,-0.0275209,0.023503,True,4.04946,True,4.12242,0.807353,0.164521,0.740696,0.207864,True,0.00750536,0.0010603,0.410345,1.05254,2020-10-28,74,ok,,,,,3,2020-08,548.4,51.7717,14.6115,14.9,10.8,2.7391,-33.1,0.807354,0.164521,-0.633803
Comanche County,40031,OK,120749,"standard, onset<2021-01-01, peak>=50% of max pre-2021 peak",7,True,3,True,1,2020-09-26,2020-11-25,2020-12-27,60,89.2051,2020-09-27,2020-10-10,14,322,False,True,0.00177465,0.0335879,False,4.4498,True,5.18932,1.01242,0.235115,1.01781,0.338382,True,0.0228954,0.00329596,0.632807,1.16027,2020-10-26,30,ok,,,,,2,2020-09,113.3,71.001,13.2772,16.7,15.8,2.05423,-33.1,1.01242,0.235115,-0.22809
Creek County,40037,OK,71522,"standard, onset<2021-01-01, peak>=50% of max pre-2021 peak",7,False,2,True,1,2020-12-10,2021-01-10,2021-03-09,31,112.253,2020-12-12,2020-12-25,14,695,False,True,0.0384629,0.0378612,False,11.9857,True,14.76,1.26924,0.265028,1.4157,0.439775,True,0.0156264,0.0102153,0.163179,1.10938,2020-12-25,14,ok,,,,,1,2020-12,75.5,22.2984,18.4101,17.9,12.9,1.87795,-33.1,1.26924,0.265028,0.118049
Garfield County,40047,OK,61056,"standard, onset<2021-01-01, peak>=50% of max pre-2021 peak",7,False,1,False,0,2020-10-06,2020-11-25,2021-02-26,50,136.643,2020-10-31,2020-11-13,14,418,False,True,0.0582084,0.0487361,False,11.6711,True,13.2657,1.40746,0.341152,1.65324,0.606508,False,,,,,2020-10-31,1,ok,,,,,1,2020-10,59.4,41.371,16.3829,17.4,11.8,1.77379,-33.1,1.40746,0.341153,0.0990684
Grady County,40051,OK,55834,"standard, onset<2021-01-01, peak>=50% of max pre-2021 peak",7,False,2,True,1,2020-09-03,2021-01-10,2021-02-16,129,125.372,2020-09-03,2020-09-16,14,207,False,True,0.134786,0.0415644,False,3.53414,True,3.59842,1.9435,0.290951,2.72938,0.650941,True,0.000355331,0.00256927,0.00030351,1.00249,2020-11-06,65,ok,,,,,1,2020-09,49.8,23.7248,17.3738,15.9,12,1.69723,-33.1,1.9435,0.290951,0.70299
Muskogee County,40101,OK,67997,"standard, onset<2021-01-01, peak>=50% of max pre-2021 peak",7,True,2,False,0,2020-08-26,2020-09-01,2020-09-15,6,148.536,2020-08-26,2020-09-01,7,646,True,False,0.216624,0.207512,False,99.319,True,98.7564,2.51637,1.45258,4.15168,3.96311,False,,,,,2020-08-29,4,ok,,,,,1,2020-08,81.8,45.2223,16.889,19.3,18.2,1.91275,-33.1,2.51637,1.45258,1.07521
Oklahoma County,40109,OK,797434,"standard, onset<2021-01-01, peak>=50% of max pre-2021 peak",7,False,1,False,0,2020-06-24,2021-01-10,2021-03-14,200,104.424,2020-06-25,2020-07-08,14,1722,False,True,0.0499468,0.0127757,False,3.33989,True,3.35885,1.34963,0.0894298,1.55186,0.154557,True,0.000526985,0.000905568,0.00344374,1.00369,2020-10-02,100,ok,,,,,3,2020-06,1123.3,81.5028,14.3593,17.5,15.2,3.0505,-33.1,1.34963,0.0894299,-0.283189
Payne County,40119,OK,81784,"standard, onset<2021-01-01, peak>=50% of max pre-2021 peak",7,True,2,True,1,2020-10-27,2021-01-06,2021-02-16,71,135.723,2020-10-27,2020-11-09,14,424,False,True,0.141201,0.0804116,False,26.5537,True,29.289,1.98841,0.562882,2.83071,1.28099,True,0.0311567,0.00493004,0.540163,1.2181,2020-12-01,36,ok,,,,,1,2020-10,119.2,46.5424,13.2572,19.2,20.1,2.07628,-33.1,1.98841,0.562881,0.680017
Pottawatomie County,40125,OK,72592,"standard, onset<2021-01-01, peak>=50% of max pre-2021 peak",7,False,1,False,0,2020-08-13,2021-01-10,2021-03-08,150,119.848,2020-09-03,2020-09-16,14,223,False,True,0.0218233,0.0191887,False,0.921118,False,0.929927,1.15276,0.134321,1.22823,0.209475,True,0.0150388,0.00164199,0.612816,1.10527,2020-10-27,55,ok,,,,,1,2020-08,92,30.3641,16.7941,17.9,16,1.96379,-33.1,1.15276,0.134321,-0.288394
Rogers County,40131,OK,92459,"standard, onset<2021-01-01, peak>=50% of max pre-2021 peak",7,False,2,True,1,2020-10-07,2021-01-05,2021-02-16,90,133.65,2020-10-08,2020-10-21,14,290,False,True,0.00591217,0.0331923,False,3.91222,True,4.34951,1.04139,0.232346,1.05986,0.340165,True,0.0334157,0.0017888,0.890295,1.23391,2020-11-21,45,ok,,,,,2,2020-10,140.9,37.7992,17.2743,14,8.5,2.14891,-33.1,1.04139,0.232346,-0.267005
Tulsa County,40143,OK,651552,"standard, onset<2021-01-01, peak>=50% of max pre-2021 peak",7,False,2,True,1,2020-06-08,2020-07-27,2020-08-09,49,39.0277,2020-06-08,2020-06-21,14,1161,False,True,0.105156,0.0264871,False,8.73956,True,9.84673,1.73609,0.18541,2.28378,0.381853,True,0.0421271,0.00652033,0.644749,1.29489,2020-07-02,25,ok,,,,,3,2020-06,1173.7,105.935,15.1448,17.5,12.8,3.06956,-33.1,1.73609,0.18541,0.103275
Wagoner County,40145,OK,81289,"standard, onset<2021-01-01, peak>=50% of max pre-2021 peak",7,False,3,True,2,2020-12-07,2021-01-13,2021-02-28,37,126.357,2020-12-07,2020-12-20,14,841,False,True,0.0985117,0.0158344,False,2.29878,True,2.35615,1.68958,0.110841,2.18891,0.223859,True,0.0438764,0.00731447,0.679142,1.30713,2020-12-25,19,ok,,,,,1,2020-12,144.1,28.4017,17.5461,17.3,10.2,2.15866,-33.1,1.68958,0.110841,0.538391
Washington County,40147,OK,51527,"standard, onset<2021-01-01, peak>=50% of max pre-2021 peak",7,True,2,True,1,2020-10-04,2020-12-18,2021-03-12,75,110.067,2020-10-05,2020-10-18,14,166,False,True,0.0206901,0.0335156,False,2.27229,True,2.44836,1.14483,0.234609,1.21589,0.364281,True,0.0115697,0.0021344,0.456374,1.08099,2020-11-10,37,ok,,,,,1,2020-10,126.2,43.8471,19.7655,17.8,14.8,2.10106,-33.1,1.14483,0.234609,-0.16356
Clackamas County,41005,OR,418187,"standard, onset<2021-01-01, peak>=50% of max pre-2021 peak",7,False,1,False,0,2020-10-24,2020-12-18,2021-02-11,55,40.4125,2020-10-24,2020-11-06,14,609,False,True,0.0536356,0.0304682,False,6.687,True,6.72433,1.37545,0.213277,1.59677,0.373318,True,0.0488485,0.00312131,0.904032,1.34194,2020-11-20,28,ok,,,,,3,2020-10,225.3,91.8365,19.1701,6.2,6.8,2.35276,16.1,1.37545,0.213277,0.0670588
Coos County,41011,OR,64487,"standard, onset<2021-01-01, peak>=50% of max pre-2021 peak",7,False,1,False,0,2020-10-16,2021-03-12,2021-04-06,147,31.014,2020-11-01,2020-11-14,14,68,False,True,0.125067,0.0380208,False,1.90388,False,1.91402,1.87547,0.266145,2.57915,0.579924,True,0.0188994,0.00228049,0.550855,1.1323,2020-12-28,58,ok,,,,,1,2020-10,40.7,83.1678,27.4192,9.9,15.4,1.60959,16.1,1.87547,0.266146,0.567079
Deschutes County,41017,OR,197692,"standard, onset<2021-01-01, peak>=50% of max pre-2021 peak",7,False,2,True,1,2020-10-27,2020-11-30,2021-02-28,34,34.975,2020-10-27,2020-11-09,14,352,False,True,0.0195108,0.0243065,False,2.53571,True,2.57915,1.13658,0.170145,1.2031,0.262983,True,0.0232166,0.00524453,0.550521,1.16252,2020-11-13,18,ok,,,,,2,2020-10,65.7,101.89,21.2385,8.4,8.1,1.81757,16.1,1.13658,0.170146,-0.171815
Douglas County,41019,OR,110980,"standard, onset<2021-01-01, peak>=50% of max pre-2021 peak",7,False,1,False,0,2020-11-02,2021-02-19,2021-04-01,109,29.6064,2020-12-25,2021-01-07,14,167,False,True,0.0863705,0.0585789,False,6.41561,True,6.48096,1.60459,0.410053,2.02036,0.798288,False,,,,,2020-12-26,2,ok,,,,,2,2020-11,22.1,64.7476,26.5294,8.1,13.3,1.34439,16.1,1.60459,0.410052,0.278011
Josephine County,41033,OR,87487,"standard, onset<2021-01-01, peak>=50% of max pre-2021 peak",7,False,1,False,0,2020-11-05,2021-01-11,2021-03-05,67,46.7008,2020-11-12,2020-11-25,14,160,False,True,0.121043,0.0246452,False,1.19969,False,1.23113,1.8473,0.172516,2.5181,0.371742,True,0.0494984,0.00615103,0.72147,1.34649,2020-12-08,27,ok,,,,,1,2020-11,53.8,73.7882,26.5728,8.6,15.8,1.73078,16.1,1.8473,0.172516,0.520718
Klamath County,41035,OR,68238,"standard, onset<2021-01-01, peak>=50% of max pre-2021 peak",7,False,4,True,2,2020-11-09,2020-12-07,2020-12-11,28,68.2485,2020-11-13,2020-11-26,14,247,False,True,0.118572,0.0896805,False,20.5819,True,24.1065,1.83001,0.627764,2.48097,1.34342,True,0.136629,0.0140256,0.913374,1.9564,2020-11-23,11,ok,,,,,1,2020-11,11.7,105.168,22.1846,9.8,19.7,1.06819,16.1,1.83,0.627763,0.503421
Linn County,41043,OR,129749,"standard, onset<2021-01-01, peak>=50% of max pre-2021 peak",7,False,1,False,0,2020-09-19,2020-12-02,2021-02-14,74,40.9582,2020-09-30,2020-10-13,14,174,False,True,0.110256,0.0364108,False,2.44353,True,2.47296,1.77179,0.254876,2.35784,0.532717,True,-0.00291478,0.00685953,0.0071706,0.979597,2020-10-26,27,ok,,,,,2,2020-09,56.2,59.0934,19.3368,8.6,11.3,1.74974,16.1,1.77179,0.254876,0.53128
Marion County,41047,OR,347818,"standard, onset<2021-01-01, peak>=50% of max pre-2021 peak",7,False,3,True,2,2020-10-21,2020-12-18,2021-02-08,58,61.4443,2020-10-21,2020-11-03,14,828,False,True,0.0221283,0.0171028,False,2.94915,True,2.9581,1.1549,0.119719,1.23157,0.186923,True,0.0334597,0.000915819,0.979454,1.23422,2020-11-19,30,ok,,,,,3,2020-10,292.9,71.6929,16.3148,10.2,12.1,2.46672,16.1,1.1549,0.11972,-0.153492
Multnomah County,41051,OR,812855,"standard, onset<2021-01-01, peak>=50% of max pre-2021 peak",7,False,1,False,0,2020-10-03,2020-12-01,2021-02-13,59,51.6346,2020-10-03,2020-10-16,14,965,False,True,0.0240388,0.0165667,False,3.22154,True,3.2523,1.16827,0.115967,1.25252,0.182393,True,0.0253574,0.00116465,0.944228,1.1775,2020-11-01,30,ok,,,,,3,2020-10,1891.2,144.955,14.1364,7.2,11.2,3.27674,16.1,1.16827,0.115967,-0.140119
Umatilla County,41059,OR,77950,"standard, onset<2021-01-01, peak>=50% of max pre-2021 peak",7,False,2,False,0,2020-06-15,2020-07-27,2020-12-11,42,73.1238,2020-06-15,2020-06-28,14,296,False,True,0.102656,0.0494053,False,7.79968,True,8.88952,1.71859,0.345837,2.24787,0.707067,True,0.0799397,0.00603263,0.897748,1.55958,2020-07-06,22,ok,,,,,1,2020-06,24.9,46.2067,16.0737,11.4,11.7,1.3962,16.1,1.71859,0.345837,0.0857755
Washington County,41067,OR,601592,"standard, onset<2021-01-01, peak>=50% of max pre-2021 peak",7,True,2,True,1,2020-10-21,2020-11-30,2021-02-11,40,42.1263,2020-10-21,2020-11-03,14,927,False,True,0.0337514,0.00944964,False,1.63213,False,1.65422,1.23626,0.0661475,1.36144,0.107892,True,0.043159,0.00152291,0.97689,1.30211,2020-11-10,21,ok,,,,,3,2020-10,828.9,92.2761,14.3028,6.6,7.5,2.9185,16.1,1.23626,0.0661475,-0.0721306
Yamhill County,41071,OR,107100,"standard, onset<2021-01-01, peak>=50% of max pre-2021 peak",7,False,1,False,0,2020-06-26,2020-08-01,2020-08-24,36,13.8722,2020-06-26,2020-07-09,14,68,False,True,0.0509536,0.0631965,False,3.22323,True,3.68708,1.35667,0.442376,1.56406,0.767209,True,0.073321,0.00950139,0.777923,1.51325,2020-07-14,19,ok,,,,,2,2020-06,150.5,58.4839,18.5292,8.5,8.7,2.17754,16.1,1.35668,0.442376,-0.276141
Adams County,42001,PA,103009,"standard, onset<2021-01-01, peak>=50% of max pre-2021 peak",7,False,1,False,0,2020-08-22,2020-08-31,2020-09-05,9,14.0071,2020-08-22,2020-08-31,10,81,True,False,0.15987,0.116231,False,7.97107,True,6.53102,2.11909,0.813619,3.13543,1.94276,False,,,,,2020-08-26,5,ok,,,,,2,2020-08,200.2,53.9229,21.5595,8,8,2.30146,1.2,2.11909,0.813617,0.677933
Allegheny County,42003,PA,1216045,"standard, onset<2021-01-01, peak>=50% of max pre-2021 peak",7,True,2,True,1,2020-11-01,2020-12-13,2021-01-27,42,87.7082,2020-11-01,2020-11-14,14,3703,False,True,0.0827109,0.0113857,False,5.41388,True,5.37583,1.57898,0.0796996,1.97077,0.153409,True,0.0638756,0.00290478,0.960282,1.44713,2020-11-22,22,ok,,,,,3,2020-11,1713.2,108.19,19.5083,5.8,10.5,3.23381,1.2,1.57898,0.0796999,0.252394
Armstrong County,42005,PA,64735,"standard, onset<2021-01-01, peak>=50% of max pre-2021 peak",7,False,1,False,0,2020-07-15,2020-07-22,2020-08-23,7,11.9167,2020-07-15,2020-07-22,8,41,True,False,0.0961888,0.174376,False,6.35281,True,5.76183,1.67332,1.22063,2.15619,2.44822,False,,,,,2020-07-18,4,ok,,,,,1,2020-07,100.4,42.7103,23.0193,7.6,11.7,2.00173,1.2,1.67332,1.22063,0.534982
Beaver County,42007,PA,163929,"standard, onset<2021-01-01, peak>=50% of max pre-2021 peak",7,True,3,True,2,2020-11-08,2020-12-14,2021-03-09,36,120.348,2020-11-08,2020-11-21,14,755,False,True,0.0642598,0.028297,False,7.04335,True,7.36152,1.44982,0.198079,1.72931,0.359342,True,0.0558221,0.00208099,0.97692,1.39075,2020-11-26,19,ok,,,,,2,2020-11,387,38.641,22.1033,6.5,9.1,2.58771,1.2,1.44982,0.198079,0.123236
Berks County,42011,PA,421164,"standard, onset<2021-01-01, peak>=50% of max pre-2021 peak",7,True,2,True,1,2020-10-07,2020-12-05,2021-01-01,59,81.5088,2020-10-08,2020-10-21,14,1044,False,True,0.0274514,0.0188218,False,4.48905,True,4.57692,1.19216,0.131752,1.29034,0.209918,True,0.0198621,0.0018651,0.807704,1.13903,2020-11-05,29,ok,,,,,3,2020-10,500.8,62.9592,17.7461,9.3,10.9,2.69966,1.2,1.19216,0.131753,-0.116231
Blair County,42013,PA,121829,"standard, onset<2021-01-01, peak>=50% of max pre-2021 peak",7,False,1,False,0,2020-10-13,2020-12-12,2021-02-16,60,136.139,2020-10-16,2020-10-29,14,318,False,True,0.0161898,0.0244522,False,2.32169,True,2.37949,1.11333,0.171165,1.1674,0.261148,True,0.0647626,0.00401493,0.909152,1.45334,2020-11-12,28,ok,,,,,2,2020-10,233.8,76.5335,21.2438,8.1,11.6,2.36884,1.2,1.11333,0.171165,-0.195062
Bucks County,42017,PA,628270,"standard, onset<2021-01-01, peak>=50% of max pre-2021 peak",7,True,2,True,1,2020-10-26,2020-12-05,2021-02-12,40,82.9943,2020-10-27,2020-11-09,14,1466,False,True,0.0804047,0.0126048,False,2.63872,True,2.65977,1.56283,0.0882337,1.93981,0.168615,True,0.0812616,0.00295208,0.976796,1.56883,2020-11-15,20,ok,,,,,3,2020-10,1069.8,80.7377,19.805,6.4,6,3.0293,1.2,1.56283,0.0882336,0.254442
Butler County,42019,PA,187853,"standard, onset<2021-01-01, peak>=50% of max pre-2021 peak",7,False,1,False,0,2020-03-19,2020-03-28,2020-04-16,9,4.10655,2020-03-19,2020-03-28,10,41,True,False,0.434205,0.0792236,False,0.998009,False,1.13591,4.03943,0.554565,9.30126,2.23701,False,,,,,2020-03-23,2,ok,,,,,2,2020-03,245.4,68.1245,20.1174,5.5,7.4,2.38987,1.2,4.03944,0.554565,2.12381
Cambria County,42021,PA,130192,"standard, onset<2021-01-01, peak>=50% of max pre-2021 peak",7,True,1,False,0,2020-10-25,2020-12-08,2021-02-27,44,164.592,2020-10-25,2020-11-07,14,521,False,True,0.080484,0.0245375,False,3.5532,True,3.65938,1.56339,0.171763,1.94087,0.32832,True,0.0721304,0.00168595,0.988657,1.50491,2020-11-16,23,ok,,,,,2,2020-10,194.1,68.9283,23.2408,6.4,12.5,2.28803,1.2,1.56339,0.171763,0.254998
Carbon County,42025,PA,64182,"standard, onset<2021-01-01, peak>=50% of max pre-2021 peak",7,False,2,True,1,2020-11-02,2021-01-10,2021-03-04,69,120.416,2020-11-02,2020-11-15,14,276,False,True,0.0966981,0.0336056,False,3.41229,True,3.88788,1.67689,0.23524,2.16334,0.47254,True,0.0413601,0.0020426,0.92551,1.28952,2020-12-06,35,ok,,,,,1,2020-11,169.8,33.9774,22.164,8.6,11.3,2.22994,1.2,1.67689,0.235239,0.350304
Centre County,42027,PA,162385,"standard, onset<2021-01-01, peak>=50% of max pre-2021 peak",7,False,1,False,0,2020-08-30,2020-12-14,2021-03-08,106,76.3617,2020-08-30,2020-09-12,14,673,False,True,0.133285,0.0298636,False,5.95889,True,5.69956,1.93299,0.209045,2.70591,0.465811,True,0.00104833,0.00426128,0.00116254,1.00734,2020-10-22,54,ok,,,,,2,2020-08,142.7,82.8212,15.5325,9.2,12.9,2.15442,1.2,1.933,0.209045,0.491838
Chester County,42029,PA,524989,"standard, onset<2021-01-01, peak>=50% of max pre-2021 peak",7,False,2,False,0,2020-07-05,2020-07-25,2020-08-17,20,9.63285,2020-07-05,2020-07-18,14,445,False,True,0.0394134,0.0235167,False,2.95809,True,2.95654,1.27589,0.164617,1.42676,0.274096,True,0.0420318,0.0052845,0.875454,1.29422,2020-07-15,11,ok,,,,,3,2020-07,712,80.6492,17.3373,5.9,5.2,2.85248,1.2,1.27589,0.164617,0.137554
Columbia County,42037,PA,64964,"standard, onset<2021-01-01, peak>=50% of max pre-2021 peak",7,True,3,True,2,2020-11-09,2021-01-10,2021-02-13,62,115.668,2020-11-10,2020-11-23,14,223,False,True,0.0942427,0.0425313,False,4.44057,True,4.82189,1.6597,0.297719,2.12894,0.59366,True,0.0382128,0.00394784,0.763634,1.26749,2020-12-10,31,ok,,,,,1,2020-11,134,57.1632,20.1137,7.9,11.7,2.1271,1.2,1.6597,0.297719,0.333116
Crawford County,42039,PA,84629,"standard, onset<2021-01-01, peak>=50% of max pre-2021 peak",7,True,1,False,0,2020-11-05,2020-12-12,2021-02-03,37,212.693,2020-11-07,2020-11-20,14,675,False,True,0.0614598,0.0345487,False,9.4267,True,9.87208,1.43022,0.241841,1.69392,0.434668,True,0.0562474,0.010575,0.653505,1.39373,2020-11-23,17,ok,,,,,1,2020-11,82.9,60.7591,21.4551,9.8,12.7,1.91855,1.2,1.43022,0.241841,0.103636
Cumberland County,42041,PA,253370,"standard, onset<2021-01-01, peak>=50% of max pre-2021 peak",7,False,1,False,0,2020-11-03,2020-12-11,2021-03-02,38,80.7402,2020-11-03,2020-11-16,14,943,False,True,0.0792314,0.0225509,False,5.44498,True,5.37752,1.55462,0.157856,1.92414,0.300552,True,0.0657752,0.00555054,0.886384,1.46043,2020-11-22,20,ok,,,,,3,2020-11,475.7,87.8718,19.0901,7.4,7.6,2.67733,1.2,1.55462,0.157856,0.228037
Dauphin County,42043,PA,278299,"standard, onset<2021-01-01, peak>=50% of max pre-2021 peak",7,False,2,True,1,2020-10-23,2020-12-11,2021-02-13,49,86.5462,2020-10-23,2020-11-05,14,746,False,True,0.0330847,0.010531,False,0.99953,False,0.997844,1.23159,0.0737167,1.35383,0.119943,True,0.0362159,0.00100084,0.982738,1.25351,2020-11-16,25,ok,,,,,3,2020-10,545.7,103.701,17.744,8.9,11.6,2.73695,1.2,1.23159,0.073717,-0.0767975
Delaware County,42045,PA,566747,"standard, onset<2021-01-01, peak>=50% of max pre-2021 peak",7,True,1,False,0,2020-03-23,2020-04-11,2020-08-19,19,22.8875,2020-03-23,2020-04-05,14,665,False,True,0.0881982,0.0116116,False,1.85867,False,1.87423,1.61739,0.0812814,2.04534,0.159129,True,0.107415,0.00604206,0.975313,1.7519,2020-04-01,10,ok,,,,,3,2020-03,3138.1,100.029,17.064,6.5,9.3,3.49667,1.2,1.61739,0.0812812,-0.298241
Erie County,42049,PA,269728,"standard, onset<2021-01-01, peak>=50% of max pre-2021 peak",7,False,1,False,0,2020-10-26,2020-12-11,2021-05-18,46,89.0315,2020-10-26,2020-11-08,14,602,False,True,0.0324117,0.0117199,False,0.950346,False,0.970238,1.22688,0.082039,1.34618,0.133153,True,0.0745974,0.00298392,0.965996,1.52218,2020-11-18,24,ok,,,,,3,2020-10,339.1,80.4796,18.9733,7.3,13.4,2.53033,1.2,1.22688,0.0820393,-0.0815085
Fayette County,42051,PA,129274,"standard, onset<2021-01-01, peak>=50% of max pre-2021 peak",7,True,2,True,1,2020-11-13,2020-12-14,2021-02-12,31,186.868,2020-11-13,2020-11-26,14,687,False,True,0.0499946,0.0192363,False,3.0207,True,3.03984,1.34996,0.134654,1.55243,0.232755,True,0.0601321,0.00321327,0.96156,1.42092,2020-11-28,16,ok,,,,,2,2020-11,162.9,36.4896,21.8596,6.9,18.7,2.21192,1.2,1.34996,0.134654,0.0233795
Franklin County,42055,PA,155027,"standard, onset<2021-01-01, peak>=50% of max pre-2021 peak",7,False,4,True,2,2020-10-26,2020-12-12,2020-12-26,47,111.317,2020-10-26,2020-11-08,14,528,False,True,0.0514137,0.0197746,False,2.44905,True,2.58161,1.3599,0.138422,1.56965,0.240447,True,0.0549408,0.0017906,0.977165,1.38459,2020-11-18,24,ok,,,,,2,2020-10,201.9,61.5653,20.1434,10.9,9.4,2.30514,1.2,1.3599,0.138422,0.0515055
Indiana County,42063,PA,84073,"standard, onset<2021-01-01, peak>=50% of max pre-2021 peak",7,False,1,False,0,2020-09-12,2020-12-06,2021-02-16,85,74.2552,2020-09-30,2020-10-13,14,153,False,True,0.035665,0.0461229,False,3.92565,True,4.63936,1.24965,0.32286,1.38336,0.530318,True,0.0201825,0.00340627,0.604178,1.14128,2020-10-24,25,ok,,,,,1,2020-09,100.6,50.4529,20.3661,9.8,13.4,2.0026,1.2,1.24965,0.32286,0.00914274
Lackawanna County,42069,PA,209674,"standard, onset<2021-01-01, peak>=50% of max pre-2021 peak",7,True,4,True,3,2020-11-16,2021-01-11,2021-02-12,56,71.2671,2020-11-16,2020-11-29,14,813,False,True,0.0285608,0.0199926,False,3.94125,True,4.24963,1.19993,0.139948,1.30274,0.223908,True,0.03575,0.00110568,0.974823,1.25025,2020-12-14,29,ok,,,,,3,2020-11,470.4,82.4471,20.2565,8.2,12.2,2.67247,1.2,1.19993,0.139948,-0.126657
Lancaster County,42071,PA,545724,"standard, onset<2021-01-01, peak>=50% of max pre-2021 peak",7,False,1,False,0,2020-03-26,2020-04-18,2020-05-08,23,11.2563,2020-03-26,2020-04-08,14,549,False,True,0.146383,0.0261297,False,3.56977,True,3.46996,2.02468,0.182908,2.91382,0.421944,True,0.165882,0.0120951,0.94952,2.16117,2020-04-06,12,ok,,,,,3,2020-03,585.8,72.3348,18.8499,14,7.7,2.76775,1.2,2.02468,0.182908,0.109053
Lawrence County,42073,PA,85512,"standard, onset<2021-01-01, peak>=50% of max pre-2021 peak",7,False,1,False,0,2020-06-29,2020-07-10,2020-08-15,11,12.1954,2020-06-29,2020-07-10,12,58,True,True,0.213094,0.0527046,False,1.55199,False,1.61814,2.49165,0.368932,4.08452,0.998749,False,,,,,2020-07-04,6,ok,,,,,1,2020-06,240.9,40.6646,22.6269,8.3,12.9,2.38184,1.2,2.49166,0.368932,0.858841
Lebanon County,42075,PA,141793,"standard, onset<2021-01-01, peak>=50% of max pre-2021 peak",7,True,3,True,2,2020-10-03,2021-01-08,2021-02-15,97,95.1085,2020-10-03,2020-10-16,14,383,False,True,0.0582345,0.0486073,False,10.637,True,14.107,1.40764,0.340251,1.65356,0.604959,True,0.0266032,0.00102637,0.934616,1.18622,2020-11-20,49,ok,,,,,2,2020-10,395.9,57.9378,19.8985,10.3,9,2.59759,1.2,1.40764,0.340251,0.0992511
Lehigh County,42077,PA,369318,"standard, onset<2021-01-01, peak>=50% of max pre-2021 peak",7,True,2,True,1,2020-10-23,2021-01-08,2021-02-20,77,94.5759,2020-10-23,2020-11-05,14,918,False,True,0.0490284,0.0174563,False,3.32781,True,3.32927,1.3432,0.122194,1.54076,0.210509,True,0.0426072,0.00184916,0.934848,1.29825,2020-11-30,39,ok,,,,,3,2020-10,1084.6,96.6475,17.1576,8.3,11.7,3.03527,1.2,1.3432,0.122194,0.0348084
Luzerne County,42079,PA,317417,"standard, onset<2021-01-01, peak>=50% of max pre-2021 peak",7,True,2,True,1,2020-10-12,2020-12-16,2021-05-22,65,105.449,2020-10-12,2020-10-25,14,754,False,True,0.0443078,0.0218261,False,4.29593,True,4.29642,1.31015,0.152783,1.48431,0.258878,True,0.0313443,0.00220495,0.866997,1.21941,2020-11-13,33,ok,,,,,3,2020-10,366,75.8613,19.9337,8.2,15.1,2.56348,1.2,1.31015,0.152783,0.00176419
Lycoming County,42081,PA,113299,"standard, onset<2021-01-01, peak>=50% of max pre-2021 peak",7,True,2,True,1,2020-11-09,2020-12-13,2021-03-14,34,153.324,2020-11-09,2020-11-22,14,626,False,True,0.0640361,0.0384485,False,10.7853,True,12.2102,1.44825,0.269139,1.72647,0.487893,True,0.0520742,0.00479119,0.880712,1.36452,2020-11-26,18,ok,,,,,2,2020-11,92.9,76.1901,19.9968,8.7,13.2,1.96802,1.2,1.44825,0.269139,0.12167
Mercer County,42085,PA,109424,"standard, onset<2021-01-01, peak>=50% of max pre-2021 peak",7,False,1,False,0,2020-10-20,2020-12-11,2021-02-20,52,115.148,2020-10-20,2020-11-02,14,271,False,True,0.0306921,0.0174561,False,1.3301,False,1.35888,1.21484,0.122193,1.3267,0.197064,True,0.0686788,0.0023755,0.970959,1.48075,2020-11-15,27,ok,,,,,2,2020-10,164.5,61.4539,22.4433,8.6,12.4,2.21617,1.2,1.21484,0.122193,-0.0935457
Monroe County,42089,PA,170271,"standard, onset<2021-01-01, peak>=50% of max pre-2021 peak",7,True,2,False,0,2020-03-22,2020-04-06,2020-05-22,15,33.1404,2020-03-22,2020-04-04,14,459,False,True,0.220064,0.0374183,False,4.57645,True,5.00423,2.54045,0.261928,4.21762,0.720028,True,0.237327,0.0119218,0.985085,2.66129,2020-03-29,8,ok,,,,,2,2020-03,276.7,40.3976,18.5555,9,10.5,2.44201,1.2,2.54045,0.261928,0.62482
Montgomery County,42091,PA,830915,"standard, onset<2021-01-01, peak>=50% of max pre-2021 peak",7,True,2,True,1,2020-10-25,2020-12-05,2020-12-26,41,61.8423,2020-10-25,2020-11-07,14,1788,False,True,0.0372827,0.0123647,False,3.29229,True,3.27589,1.26098,0.0865531,1.40202,0.143009,True,0.0602403,0.00237908,0.971218,1.42168,2020-11-14,21,ok,,,,,3,2020-10,1773.5,131.224,18.4337,5,5.6,3.24883,1.2,1.26098,0.0865529,-0.0474115
Northampton County,42095,PA,305285,"standard, onset<2021-01-01, peak>=50% of max pre-2021 peak",7,True,2,True,1,2020-10-24,2020-12-07,2021-03-08,44,93.9169,2020-10-24,2020-11-06,14,727,False,True,0.0528647,0.0160969,False,2.23033,True,2.22592,1.37005,0.112678,1.58734,0.196709,True,0.0550239,0.00179958,0.978031,1.38517,2020-11-15,23,ok,,,,,3,2020-10,846.3,80.8433,19.8264,6.4,7.6,2.92752,1.2,1.37005,0.112678,0.0616625
Philadelphia County,42101,PA,1584064,"standard, onset<2021-01-01, peak>=50% of max pre-2021 peak",7,True,2,True,1,2020-10-03,2020-12-05,2021-02-20,63,74.6723,2020-10-05,2020-10-18,14,2808,False,True,0.0238649,0.0159148,False,8.65184,True,8.66613,1.16705,0.111404,1.25061,0.1751,True,0.0328186,0.00149781,0.944892,1.22973,2020-11-03,30,ok,,,,,3,2020-10,11936.9,69.5849,14.1768,8.6,19.4,4.07689,1.2,1.16705,0.111404,-0.141336
Pike County,42103,PA,55809,"standard, onset<2021-01-01, peak>=50% of max pre-2021 peak",7,True,1,False,0,2020-03-20,2020-04-11,2020-05-21,22,30.717,2020-03-20,2020-04-02,14,66,False,True,0.200763,0.0442145,False,1.67076,False,2.15465,2.40534,0.309501,3.85406,0.814963,True,0.213242,0.0247078,0.903015,2.4927,2020-03-31,10,ok,,,,,1,2020-03,107.4,25.6257,24.0489,7.6,9.3,2.031,1.2,2.40534,0.309501,0.489713
Schuylkill County,42107,PA,141359,"standard, onset<2021-01-01, peak>=50% of max pre-2021 peak",7,True,2,True,1,2020-10-07,2021-01-05,2021-03-09,90,122.08,2020-10-09,2020-10-22,14,412,False,True,0.0433249,0.0280044,False,3.86844,True,4.07151,1.30327,0.19603,1.47267,0.331001,True,0.0261622,0.00173088,0.844711,1.18314,2020-11-21,44,ok,,,,,2,2020-10,183.7,50.3324,20.7607,8.4,12.7,2.26411,1.2,1.30327,0.196031,-0.00511611
Somerset County,42111,PA,73447,"standard, onset<2021-01-01, peak>=50% of max pre-2021 peak",7,False,1,False,0,2020-11-06,2020-12-13,2021-02-04,37,193.337,2020-11-06,2020-11-19,14,588,False,True,0.0371368,0.0503686,False,17.9687,True,18.7807,1.25996,0.35258,1.40033,0.582248,True,0.0721609,0.00804819,0.825446,1.50513,2020-11-24,19,ok,,,,,1,2020-11,69,36.423,22.9694,8.8,11.7,1.83885,1.2,1.25996,0.35258,-0.0666251
Venango County,42121,PA,50668,"standard, onset<2021-01-01, peak>=50% of max pre-2021 peak",7,False,1,False,0,2020-10-15,2020-12-11,2021-03-15,57,124.621,2020-10-19,2020-11-01,14,126,False,True,0.0939486,0.0387557,False,2.0847,True,2.1207,1.65764,0.27129,2.12484,0.540481,True,0.0498542,0.0034812,0.899163,1.34898,2020-11-12,25,ok,,,,,1,2020-10,74.8,59.4601,23.8851,8.3,14,1.8739,1.2,1.65764,0.27129,0.34925
Wayne County,42127,PA,51361,"standard, onset<2021-01-01, peak>=50% of max pre-2021 peak",7,True,1,False,0,2020-11-18,2020-12-14,2021-03-11,26,121.549,2020-11-18,2020-12-01,14,212,False,True,0.132791,0.0217807,False,1.4659,False,1.44546,1.92954,0.152465,2.69821,0.339283,True,0.103015,0.00499399,0.972572,1.7211,2020-12-01,14,ok,,,,,1,2020-11,70.5,37.142,24.9614,8.3,10.5,1.84819,1.2,1.92954,0.152465,0.602954
Westmoreland County,42129,PA,348899,"standard, onset<2021-01-01, peak>=50% of max pre-2021 peak",7,False,3,True,2,2020-11-09,2020-12-13,2021-01-26,34,134.464,2020-11-09,2020-11-22,14,2412,False,True,0.0441772,0.0114137,False,3.75856,True,3.7469,1.30924,0.0798956,1.48276,0.135314,True,0.0394888,0.00262086,0.934161,1.27642,2020-11-26,18,ok,,,,,3,2020-11,345.1,71.8992,23.5449,5.3,9.3,2.53794,1.2,1.30924,0.0798959,-0.0173423
York County,42133,PA,449058,"standard, onset<2021-01-01, peak>=50% of max pre-2021 peak",7,True,3,True,2,2020-11-08,2020-12-11,2021-02-28,33,113.094,2020-11-08,2020-11-21,14,1885,False,True,0.0598208,0.0154666,False,5.28855,True,5.44271,1.41875,0.108266,1.67336,0.193526,True,0.0624805,0.00385358,0.94602,1.43736,2020-11-24,17,ok,,,,,3,2020-11,504.7,67.6981,18.3436,7.4,7.1,2.70303,1.2,1.41875,0.108266,0.0921629
Kent County,44003,RI,164292,"standard, onset<2021-01-01, peak>=50% of max pre-2021 peak",7,True,2,True,1,2020-10-25,2020-12-06,2021-02-13,42,107.213,2020-10-25,2020-11-07,14,621,False,True,0.0290856,0.0115248,False,2.27179e-10,False,4.54365e-10,1.2036,0.0806735,1.30862,0.129326,True,0.0371391,0.00392322,0.817542,1.25997,2020-11-15,22,ok,,,,,2,2020-10,1010.7,84.5254,19.83,3.3,7.5,3.00462,20.8,1.2036,0.0806736,-0.104791
Providence County,44007,RI,638931,"standard, onset<2021-01-01, peak>=50% of max pre-2021 peak",7,True,2,True,1,2020-10-18,2020-12-06,2021-02-13,49,134.309,2020-10-18,2020-10-31,14,2881,False,True,0.0679981,0.00547451,False,3.91854e-10,False,7.83724e-10,1.47599,0.0383216,1.77708,0.0703799,True,0.0371172,0.0031319,0.859288,1.25982,2020-11-11,25,ok,,,,,3,2020-10,1613.6,96.2556,15.9232,5.4,12.4,3.2078,20.8,1.47599,0.0383216,0.167596
Washington County,44009,RI,125577,"standard, onset<2021-01-01, peak>=50% of max pre-2021 peak",7,False,2,False,0,2020-03-21,2020-04-26,2020-05-25,36,11.9449,2020-03-21,2020-04-03,14,44,False,True,0.108877,0.119006,False,6.62418,True,7.99872,1.76214,0.833043,2.33771,1.73426,True,0.101814,0.0136294,0.777168,1.7127,2020-04-08,18,ok,,,,,2,2020-03,394.3,82.4098,22.457,3.1,7.8,2.59583,20.8,1.76214,0.833042,-0.153489
Anderson County,45007,SC,202558,"standard, onset<2021-01-01, peak>=50% of max pre-2021 peak",7,False,1,False,0,2020-09-07,2021-01-16,2021-05-10,131,112.419,2020-09-07,2020-09-20,14,668,False,True,-0.000855435,0.0637271,True,33.2321,True,37.4642,0.994012,0.44609,0.991461,0.634982,True,0.00562864,0.00180317,0.132132,1.0394,2020-11-11,66,ok,,,,,2,2020-09,285.4,66.759,18.6822,14,14,2.45545,-11.7,0.994012,0.44609,-0.2465
Beaufort County,45013,SC,192122,"standard, onset<2021-01-01, peak>=50% of max pre-2021 peak",7,True,2,False,0,2020-06-07,2020-07-28,2020-08-16,51,50.7862,2020-06-07,2020-06-20,14,395,False,True,0.0778182,0.0149124,False,0.958224,False,0.958024,1.54473,0.104387,1.90535,0.197863,True,0.0459979,0.00418205,0.834455,1.32199,2020-07-02,26,ok,,,,,2,2020-06,324.8,71.0785,29.1598,13.8,9.6,2.51162,-11.7,1.54473,0.104387,-0.0880891
Berkeley County,45015,SC,227907,"standard, onset<2021-01-01, peak>=50% of max pre-2021 peak",7,True,2,False,0,2020-06-08,2020-07-16,2020-11-19,38,47.0117,2020-06-08,2020-06-21,14,326,False,True,0.0905578,0.0428569,False,6.64475,True,6.6502,1.6339,0.299999,2.07779,0.591573,True,0.0874883,0.00440349,0.956389,1.61242,2020-06-27,20,ok,,,,,3,2020-06,208.3,33.9336,15.2101,12.1,11.1,2.31869,-11.7,1.6339,0.299998,0.00108809
Charleston County,45019,SC,411406,"standard, onset<2021-01-01, peak>=50% of max pre-2021 peak",7,True,2,False,0,2020-06-09,2020-07-03,2020-09-27,24,80.7336,2020-06-09,2020-06-22,14,1233,False,True,0.129927,0.022705,False,6.37481,True,6.00883,1.90949,0.158935,2.65377,0.350949,True,0.130377,0.00396565,0.989926,1.91264,2020-06-21,13,ok,,,,,3,2020-06,444.7,125.418,17.5911,11.3,11.9,2.64807,-11.7,1.90949,0.158935,0.276672
Cherokee County,45021,SC,57300,"standard, onset<2021-01-01, peak>=50% of max pre-2021 peak",7,True,2,True,1,2020-10-19,2021-01-23,2021-02-27,96,147.594,2020-11-02,2020-11-15,14,248,False,True,0.056006,0.0368015,False,3.96038,True,4.27172,1.39204,0.25761,1.62593,0.454581,True,0.020904,0.00399053,0.454012,1.14633,2020-12-06,35,ok,,,,,1,2020-10,143.1,33.7982,17.3082,15.2,14.6,2.15564,-11.7,1.39204,0.257611,0.0836516
Darlington County,45031,SC,66618,"standard, onset<2021-01-01, peak>=50% of max pre-2021 peak",7,False,1,False,0,2020-10-04,2021-01-06,2021-03-20,94,146.893,2020-11-15,2020-11-28,14,219,False,True,0.0433832,0.11799,False,36.5,True,49.7678,1.30368,0.825927,1.47336,1.39488,False,,,,,2020-11-20,6,ok,,,,,1,2020-10,112.2,54.0498,19.903,12.2,18.9,2.04999,-11.7,1.30368,0.82593,-0.00470801
Dorchester County,45035,SC,162809,"standard, onset<2021-01-01, peak>=50% of max pre-2021 peak",7,True,2,True,1,2020-10-04,2021-01-10,2021-04-01,98,103.452,2020-11-19,2020-12-02,14,632,False,True,-0.0653095,0.091131,True,61.0503,True,76.9975,0.542834,0.637917,0.436477,0.661338,False,,,,,2020-11-22,4,ok,,,,,2,2020-10,284.1,32.1902,15.0836,12.6,12.1,2.45347,-11.7,0.542833,0.637917,-0.765557
Florence County,45041,SC,138293,"standard, onset<2021-01-01, peak>=50% of max pre-2021 peak",7,False,2,True,1,2020-11-20,2021-01-06,2021-03-15,47,154.021,2020-11-23,2020-12-06,14,871,False,True,0.0220215,0.0747888,False,59.3266,True,74.0954,1.15415,0.523521,1.2304,0.81706,True,0.0650386,0.00707291,0.816525,1.45527,2020-12-13,21,ok,,,,,2,2020-11,171.2,98.4977,17.6333,12.8,17.1,2.2335,-11.7,1.15415,0.523522,-0.172432
Georgetown County,45043,SC,62680,"standard, onset<2021-01-01, peak>=50% of max pre-2021 peak",7,False,2,False,0,2020-06-08,2020-07-06,2020-10-03,28,56.0671,2020-06-08,2020-06-21,14,173,False,True,0.0248353,0.05687,False,6.80255,True,8.42732,1.17385,0.39809,1.26131,0.62802,True,0.0515577,0.0111315,0.622671,1.3609,2020-06-22,15,ok,,,,,1,2020-06,77.9,63.0875,30.1243,15.1,15.1,1.89154,-11.7,1.17385,0.39809,-0.458969
Greenville County,45045,SC,523542,"standard, onset<2021-01-01, peak>=50% of max pre-2021 peak",7,False,1,False,0,2020-09-23,2021-01-05,2021-03-11,104,159.6,2020-09-29,2020-10-12,14,1270,False,True,0.0139594,0.0346293,False,18.6119,True,19.44,1.09772,0.242405,1.14369,0.366596,True,0.0191484,0.000824341,0.923021,1.13404,2020-11-14,47,ok,,,,,3,2020-09,668.7,113.408,16.7624,12.3,12.1,2.82523,-11.7,1.09772,0.242405,-0.142796
Greenwood County,45047,SC,70811,"standard, onset<2021-01-01, peak>=50% of max pre-2021 peak",7,False,1,False,0,2020-06-08,2021-01-16,2021-03-09,222,113.582,2020-09-27,2020-10-10,14,166,False,True,0.00344251,0.0644775,False,8.45273,True,9.70079,1.0241,0.451342,1.03467,0.654097,False,,,,,2020-09-27,1,ok,,,,,1,2020-06,152.2,116.797,19.1749,14.1,16.4,2.18241,-11.7,1.0241,0.451342,-0.608719
Horry County,45051,SC,354081,"standard, onset<2021-01-01, peak>=50% of max pre-2021 peak",7,True,2,False,0,2020-06-04,2020-07-03,2020-09-29,29,63.1413,2020-06-04,2020-06-17,14,928,False,True,0.0958003,0.0208979,False,4.44583,True,4.40126,1.6706,0.146286,2.15073,0.293065,True,0.104287,0.00578281,0.961564,1.73001,2020-06-18,15,ok,,,,,3,2020-06,309.7,64.9519,27.1809,15.5,12.8,2.49094,-11.7,1.6706,0.146285,0.0377856
Kershaw County,45055,SC,66551,"standard, onset<2021-01-01, peak>=50% of max pre-2021 peak",7,False,1,False,0,2020-03-11,2020-03-31,2020-05-11,20,14.1674,2020-03-11,2020-03-24,14,50,False,True,0.134923,0.0449958,False,1.75041,False,2.06934,1.94446,0.31497,2.73152,0.704938,True,0.16233,0.0136005,0.946829,2.13631,2020-03-21,10,ok,,,,,1,2020-03,90,58.1013,19.2866,12,14.4,1.95424,-11.7,1.94446,0.314971,0.028833
Laurens County,45059,SC,67493,"standard, onset<2021-01-01, peak>=50% of max pre-2021 peak",7,True,1,False,0,2020-10-24,2021-01-16,2021-03-11,84,111.969,2020-10-24,2020-11-06,14,168,False,True,-0.0272936,0.0316551,True,2.0435,True,2.11511,0.808945,0.221586,0.742708,0.280264,True,0.0207809,0.00281516,0.570639,1.14547,2020-12-05,43,ok,,,,,1,2020-10,94.7,50.3413,18.8188,14.7,18.4,1.97635,-11.7,0.808945,0.221586,-0.499446
Lexington County,45063,SC,298750,"standard, onset<2021-01-01, peak>=50% of max pre-2021 peak",7,False,3,True,2,2020-11-09,2021-01-05,2021-01-25,57,112.23,2020-11-19,2020-12-02,14,1244,False,True,-0.0304315,0.0929504,True,130.179,True,172.704,0.786979,0.650653,0.715133,0.810702,True,0.0386853,0.00948912,0.494354,1.2708,2020-12-07,19,ok,,,,,3,2020-11,420.6,64.2877,17.0512,10.9,10.4,2.62387,-11.7,0.786979,0.650653,-0.539603
Oconee County,45073,SC,79546,"standard, onset<2021-01-01, peak>=50% of max pre-2021 peak",7,True,1,False,0,2020-08-18,2020-10-02,2020-11-06,45,96.7993,2020-08-18,2020-08-31,14,195,False,True,0.0579236,0.0424064,False,4.12386,True,4.4654,1.40547,0.296845,1.64969,0.527229,True,0.0138259,0.00607406,0.197896,1.09678,2020-09-09,23,ok,,,,,1,2020-08,125.5,52.1582,24.2599,15.2,11.1,2.09864,-11.7,1.40547,0.296845,-0.0356914
Orangeburg County,45075,SC,86175,"standard, onset<2021-01-01, peak>=50% of max pre-2021 peak",7,False,2,False,0,2020-05-26,2020-07-19,2020-09-30,54,65.4814,2020-05-26,2020-06-08,14,130,False,True,0.030889,0.05375,False,4.54747,True,5.24184,1.21622,0.37625,1.32893,0.607232,True,0.0469197,0.00289595,0.909878,1.32844,2020-06-22,28,ok,,,,,1,2020-05,76.1,47.493,20.5941,12.3,19.1,1.88138,-11.7,1.21622,0.37625,-0.239032
Pickens County,45077,SC,126884,"standard, onset<2021-01-01, peak>=50% of max pre-2021 peak",7,False,1,False,0,2020-09-23,2021-01-05,2021-03-11,104,171.135,2020-09-24,2020-10-07,14,611,False,True,-0.0467058,0.0530391,True,20.5029,True,21.8421,0.67306,0.371274,0.578752,0.426347,True,0.00426513,0.00154763,0.13187,1.02986,2020-11-14,52,ok,,,,,2,2020-09,264.4,59.3589,17.1897,12.7,15.3,2.42226,-11.7,0.673059,0.371274,-0.567453
Richland County,45079,SC,415759,"standard, onset<2021-01-01, peak>=50% of max pre-2021 peak",7,False,1,False,0,2020-03-18,2020-04-07,2020-04-24,20,7.83421,2020-03-18,2020-03-31,14,147,False,True,0.121506,0.0571643,False,4.93649,True,4.66328,1.85054,0.40015,2.52509,0.863366,True,0.116011,0.0155921,0.86016,1.81208,2020-03-28,11,ok,,,,,3,2020-03,549.5,82.9034,13.7403,11.7,16,2.73997,-11.7,1.85054,0.40015,-0.065086
Spartanburg County,45083,SC,319785,"standard, onset<2021-01-01, peak>=50% of max pre-2021 peak",7,False,1,False,0,2020-08-30,2021-01-23,2021-03-15,146,135.18,2020-09-30,2020-10-13,14,775,False,True,0.0359489,0.0556372,False,28.9275,True,35.845,1.25164,0.389461,1.38663,0.640376,True,0.0153887,0.00179825,0.641082,1.10772,2020-11-11,43,ok,,,,,3,2020-08,405.8,63.4152,16.7373,12.9,14.2,2.60831,-11.7,1.25164,0.38946,-0.189514
Sumter County,45085,SC,106721,"standard, onset<2021-01-01, peak>=50% of max pre-2021 peak",7,False,2,False,0,2020-05-30,2020-07-21,2020-11-28,52,53.8119,2020-05-30,2020-06-12,14,215,False,True,0.132297,0.04295,False,3.94942,True,4.68175,1.92608,0.30065,2.69052,0.66815,True,0.0568561,0.00447485,0.865905,1.39799,2020-06-25,27,ok,,,,,2,2020-05,158.7,53.0524,17.0459,14.2,20.5,2.20058,-11.7,1.92608,0.30065,0.470824
York County,45091,SC,280979,"standard, onset<2021-01-01, peak>=50% of max pre-2021 peak",7,False,3,True,2,2020-10-27,2021-01-05,2021-02-01,70,106.617,2020-10-27,2020-11-09,14,921,False,True,0.0164599,0.0235047,False,6.21247,True,6.26164,1.11522,0.164533,1.17029,0.251296,True,0.0229473,0.003381,0.575346,1.16063,2020-12-01,36,ok,,,,,3,2020-10,414.2,49.2751,15.3543,10.9,8.8,2.61721,-11.7,1.11522,0.164533,-0.193171
Lincoln County,46083,SD,61128,"standard, onset<2021-01-01, peak>=50% of max pre-2021 peak",7,False,3,True,2,2020-09-23,2020-11-11,2021-01-23,49,185.793,2020-09-23,2020-10-06,14,362,False,True,0.030103,0.0359266,False,5.66064,True,6.14931,1.21072,0.251486,1.32006,0.404689,True,0.0431233,0.00261575,0.921978,1.30186,2020-10-17,25,ok,,,,,1,2020-09,112.9,138.119,14.8432,8,4.5,2.05269,-26.2,1.21072,0.251486,-0.0297913
Minnehaha County,46099,SD,193134,"standard, onset<2021-01-01, peak>=50% of max pre-2021 peak",7,True,2,True,1,2020-09-25,2020-11-11,2021-01-14,47,196.311,2020-09-27,2020-10-10,14,1267,False,True,0.0475651,0.0426424,False,27.4546,True,32.5379,1.33296,0.298497,1.52316,0.511612,True,0.0493912,0.00357862,0.904983,1.34574,2020-10-18,22,ok,,,,,2,2020-09,244.4,103.441,13.8256,9.3,8.1,2.3881,-26.2,1.33296,0.298497,0.0924434
Pennington County,46103,SD,113775,"standard, onset<2021-01-01, peak>=50% of max pre-2021 peak",7,False,2,True,1,2020-09-19,2020-11-12,2021-01-17,54,153.938,2020-09-19,2020-10-02,14,590,False,True,0.0223213,0.02467,False,4.37196,True,4.45668,1.15625,0.17269,1.23368,0.269827,True,0.0295344,0.0039969,0.677428,1.20674,2020-10-16,28,ok,,,,,2,2020-09,39.3,116.277,19.7607,13.5,12.1,1.59439,-26.2,1.15625,0.17269,-0.0842632
Anderson County,47001,TN,76978,"standard, onset<2021-01-01, peak>=50% of max pre-2021 peak",7,True,2,True,1,2020-10-24,2020-12-17,2021-02-21,54,181.128,2020-10-24,2020-11-06,14,341,False,True,-0.0396322,0.0534237,True,11.6958,True,13.7387,0.722574,0.373966,0.636663,0.445311,True,0.029105,0.00344192,0.733345,1.20373,2020-11-20,28,ok,,,,,1,2020-10,228.7,50.5686,20.4401,11.3,13.3,2.35927,-23.2,0.722575,0.373966,-0.585816
Blount County,47009,TN,133088,"standard, onset<2021-01-01, peak>=50% of max pre-2021 peak",7,True,1,False,0,2020-10-04,2020-12-16,2021-02-16,73,175.609,2020-10-07,2020-10-20,14,395,False,True,0.00361683,0.014377,False,1.70046,False,1.73383,1.02532,0.100639,1.03644,0.145954,True,0.0198234,0.00263133,0.639458,1.13876,2020-11-09,34,ok,,,,,2,2020-10,242.1,69.4855,21.4355,11.4,9.2,2.38399,-23.2,1.02532,0.100639,-0.283073
Bradley County,47011,TN,108110,"standard, onset<2021-01-01, peak>=50% of max pre-2021 peak",7,False,2,True,1,2020-11-06,2020-12-16,2021-02-20,40,156.058,2020-11-07,2020-11-20,14,749,False,True,0.048918,0.0272599,False,6.62212,True,6.70184,1.34243,0.190819,1.53943,0.328606,True,0.0210655,0.0054145,0.456794,1.14746,2020-11-26,20,ok,,,,,2,2020-11,330.4,48.794,17.75,12.4,13.8,2.51904,-23.2,1.34243,0.190819,0.0158433
Carter County,47019,TN,56391,"standard, onset<2021-01-01, peak>=50% of max pre-2021 peak",7,False,1,False,0,2020-10-03,2020-12-16,2021-02-28,74,140.853,2020-10-03,2020-10-16,14,170,False,True,0.0440431,0.0405437,False,3.34312,True,3.46507,1.3083,0.283806,1.48117,0.480435,True,0.037031,0.0022501,0.882678,1.25922,2020-11-09,38,ok,,,,,1,2020-10,165.1,30.1654,22.7145,13.6,16.1,2.21775,-23.2,1.3083,0.283806,-8.87064e-05
Coffee County,47031,TN,56520,"standard, onset<2021-01-01, peak>=50% of max pre-2021 peak",7,True,2,True,1,2020-11-13,2020-12-18,2021-02-04,35,179.456,2020-11-13,2020-11-26,14,419,False,True,-0.0225493,0.0257667,True,3.38661,True,3.42237,0.842155,0.180367,0.785185,0.233264,True,0.0256001,0.00601876,0.530673,1.1792,2020-11-30,18,ok,,,,,1,2020-11,135,53.5508,17.6268,13.6,13.8,2.13033,-23.2,0.842155,0.180367,-0.484428
Cumberland County,47035,TN,60520,"standard, onset<2021-01-01, peak>=50% of max pre-2021 peak",7,True,1,False,0,2020-10-03,2020-12-17,2021-02-10,75,157.681,2020-10-03,2020-10-16,14,221,False,True,-0.0590018,0.0488095,True,6.18224,True,6.32342,0.586988,0.341666,0.483088,0.367141,True,0.0132565,0.00342537,0.293808,1.0928,2020-11-09,38,ok,,,,,1,2020-10,89.8,65.4183,32.7418,12.8,12,1.95328,-23.2,0.586987,0.341666,-0.721403
Davidson County,47037,TN,694144,"standard, onset<2021-01-01, peak>=50% of max pre-2021 peak",7,True,2,True,1,2020-10-15,2020-12-16,2021-02-13,62,118.728,2020-10-15,2020-10-28,14,3130,False,True,0.0307896,0.0232033,False,20.4055,True,20.5126,1.21553,0.162423,1.3278,0.262039,True,0.0244491,0.00299437,0.689658,1.17114,2020-11-15,32,ok,,,,,3,2020-10,1421.3,88.9809,12.9067,13.4,12.8,3.15269,-23.2,1.21553,0.162423,-0.0928632
Dickson County,47043,TN,53948,"standard, onset<2021-01-01, peak>=50% of max pre-2021 peak",7,False,1,False,0,2020-10-03,2020-12-16,2021-02-16,74,160.472,2020-10-10,2020-10-23,14,214,False,True,0.0485253,0.0198134,False,1.41035,False,1.43578,1.33968,0.138694,1.5347,0.238515,True,0.0349364,0.00247702,0.872767,1.24456,2020-11-09,31,ok,,,,,1,2020-10,110.9,31.2989,17.1058,12.8,11,2.04493,-23.2,1.33968,0.138694,0.0312867
Greene County,47059,TN,69069,"standard, onset<2021-01-01, peak>=50% of max pre-2021 peak",7,True,1,False,0,2020-10-05,2020-12-16,2021-02-13,72,168.775,2020-10-05,2020-10-18,14,278,False,True,0.0648096,0.0375163,False,4.55475,True,4.85041,1.45367,0.262614,1.7363,0.477283,True,0.0240113,0.0028721,0.666326,1.16808,2020-11-10,37,ok,,,,,1,2020-10,112.8,52.7426,22.4185,11.3,16.4,2.05231,-23.2,1.45367,0.262614,0.145277
Hamblen County,47063,TN,64934,"standard, onset<2021-01-01, peak>=50% of max pre-2021 peak",7,True,2,False,0,2020-06-20,2020-07-25,2020-09-09,35,87.7814,2020-06-20,2020-07-03,14,240,False,True,0.129651,0.0500228,False,6.0279,True,6.00518,1.90756,0.35016,2.64951,0.77262,True,0.0784882,0.00974505,0.802151,1.54942,2020-07-07,18,ok,,,,,1,2020-06,400.2,57.3652,18.346,15.1,15,2.60228,-23.2,1.90756,0.35016,0.27474
Hamilton County,47065,TN,367804,"standard, onset<2021-01-01, peak>=50% of max pre-2021 peak",7,False,1,False,0,2020-06-29,2020-12-18,2021-04-06,172,135.049,2020-09-10,2020-09-23,14,884,False,True,-0.0370518,0.0254982,True,6.92347,True,7.07226,0.740637,0.178487,0.658311,0.215302,True,-0.00585442,0.00643776,0.0644724,0.959019,2020-09-23,14,ok,,,,,3,2020-06,675.5,110.047,18.2678,12.2,13.3,2.82963,-23.2,0.740637,0.178487,-0.892179
Hawkins County,47073,TN,56786,"standard, onset<2021-01-01, peak>=50% of max pre-2021 peak",7,True,2,True,1,2020-10-04,2020-12-16,2021-02-24,73,136.603,2020-10-05,2020-10-18,14,211,False,True,0.0257977,0.033579,False,2.89081,True,2.96007,1.18058,0.235053,1.27195,0.372173,True,0.00635238,0.00281291,0.130433,1.04447,2020-11-09,36,ok,,,,,1,2020-10,116.5,31.7343,21.9249,11.3,15.5,2.06633,-23.2,1.18058,0.235053,-0.127807
Jefferson County,47089,TN,54495,"standard, onset<2021-01-01, peak>=50% of max pre-2021 peak",7,False,1,False,0,2020-06-15,2020-07-26,2020-08-19,41,40.1085,2020-06-15,2020-06-28,14,45,False,True,0.0579236,0.04347,False,1.76119,False,1.99264,1.40547,0.30429,1.64969,0.540454,True,0.0528077,0.00486202,0.861281,1.36965,2020-07-05,21,ok,,,,,1,2020-06,198.8,45.718,20.7395,12.1,12.9,2.29842,-23.2,1.40547,0.30429,-0.227351
Knox County,47093,TN,470313,"standard, onset<2021-01-01, peak>=50% of max pre-2021 peak",7,False,1,False,0,2020-07-06,2020-12-15,2021-04-20,162,126.056,2020-07-10,2020-07-23,14,1339,False,True,0.0694013,0.0318788,False,15.7233,True,15.9362,1.48581,0.223152,1.79516,0.41171,True,0.000424102,0.000993797,0.00239053,1.00297,2020-09-25,78,ok,,,,,3,2020-07,942.2,111.071,16.602,10.1,10.9,2.97414,-23.2,1.48581,0.223152,0.34747
Loudon County,47105,TN,54068,"standard, onset<2021-01-01, peak>=50% of max pre-2021 peak",7,True,1,False,0,2020-09-23,2020-12-16,2021-01-22,84,159.852,2020-09-23,2020-10-06,14,204,False,True,0.045191,0.0367797,False,3.29733,True,3.44069,1.31634,0.257458,1.4948,0.437606,True,-0.000672333,0.0024562,0.00182417,0.995294,2020-11-04,43,ok,,,,,1,2020-09,239.4,56.4807,28.264,13.3,10.6,2.37912,-23.2,1.31634,0.257458,0.0758247
McMinn County,47107,TN,53794,"standard, onset<2021-01-01, peak>=50% of max pre-2021 peak",7,True,2,True,1,2020-10-07,2020-12-16,2021-02-14,70,157.479,2020-10-30,2020-11-12,14,290,False,True,0.05383,0.0379078,False,4.92795,True,5.74717,1.37681,0.265355,1.59915,0.464782,True,0.052138,0.00477332,0.915584,1.36497,2020-11-11,13,ok,,,,,1,2020-10,123.9,50.6795,20.4407,13.6,14,2.09307,-23.2,1.37681,0.265355,0.0684196
Madison County,47113,TN,97984,"standard, onset<2021-01-01, peak>=50% of max pre-2021 peak",7,False,2,True,1,2020-10-31,2020-12-15,2021-02-10,45,133.112,2020-10-31,2020-11-13,14,548,False,True,0.0780028,0.0324511,False,6.5675,True,8.04225,1.54602,0.227158,1.9078,0.430825,True,0.0437482,0.00436569,0.827045,1.30624,2020-11-22,23,ok,,,,,2,2020-10,177.4,138.632,17.925,13.6,22.2,2.24895,-23.2,1.54602,0.227158,0.237629
Maury County,47119,TN,96387,"standard, onset<2021-01-01, peak>=50% of max pre-2021 peak",7,False,2,True,1,2020-10-06,2020-12-18,2021-02-11,73,153.548,2020-10-14,2020-10-27,14,595,False,True,0.00912675,0.0353214,False,9.08419,True,9.32575,1.06389,0.24725,1.09302,0.366754,True,0.0371394,0.00185478,0.936908,1.25998,2020-11-11,29,ok,,,,,2,2020-10,164.7,50.5081,17.4797,11,9.9,2.21669,-23.2,1.06389,0.24725,-0.244503
Montgomery County,47125,TN,208993,"standard, onset<2021-01-01, peak>=50% of max pre-2021 peak",7,True,1,False,0,2020-10-03,2020-12-16,2021-02-19,74,113.196,2020-10-03,2020-10-16,14,507,False,True,0.0197553,0.0487355,False,14.6811,True,15.283,1.13829,0.341148,1.20575,0.527791,True,0.0162326,0.00294223,0.458147,1.11363,2020-11-09,38,ok,,,,,3,2020-10,408.2,41.8051,10.1518,9.5,10.8,2.61087,-23.2,1.13829,0.341149,-0.170103
Putnam County,47141,TN,80245,"standard, onset<2021-01-01, peak>=50% of max pre-2021 peak",7,True,4,True,2,2020-11-05,2020-11-14,2020-11-24,9,84.3844,2020-11-05,2020-11-14,10,501,True,False,0.0671591,0.0682588,False,18.827,True,21.9247,1.47011,0.477812,1.76631,0.875125,False,,,,,2020-11-09,5,ok,,,,,1,2020-11,199.1,67.6234,17.0298,14,17,2.29907,-23.2,1.47011,0.477812,0.143531
Roane County,47145,TN,53382,"standard, onset<2021-01-01, peak>=50% of max pre-2021 peak",7,True,1,False,0,2020-10-04,2020-12-17,2021-01-31,74,164.314,2020-10-04,2020-10-17,14,192,False,True,0.00595324,0.0548733,False,7.07898,True,7.62585,1.04167,0.384113,1.06028,0.562453,True,0.0294164,0.00173466,0.888743,1.20592,2020-11-10,38,ok,,,,,1,2020-10,148,43.0679,23.781,10,13.5,2.17026,-23.2,1.04167,0.384113,-0.266718
Robertson County,47147,TN,71813,"standard, onset<2021-01-01, peak>=50% of max pre-2021 peak",7,False,3,True,2,2020-11-05,2020-12-16,2021-02-13,41,181.225,2020-11-05,2020-11-18,14,556,False,True,0.0691508,0.0124736,False,1.91303,False,1.90167,1.48406,0.0873153,1.79193,0.160964,True,0.0318232,0.00680559,0.535059,1.22276,2020-11-25,21,ok,,,,,1,2020-11,152.8,35.7128,15.6244,10.7,9.2,2.18412,-23.2,1.48406,0.0873152,0.157473
Rutherford County,47149,TN,332285,"standard, onset<2021-01-01, peak>=50% of max pre-2021 peak",7,False,1,False,0,2020-09-11,2020-12-15,2021-02-19,95,145.142,2020-09-12,2020-09-25,14,803,False,True,-0.00604965,0.0232236,True,5.30292,True,5.45848,0.957652,0.162565,0.940272,0.226335,True,0.0205832,0.00157338,0.791806,1.14408,2020-10-28,47,ok,,,,,3,2020-09,551.4,45.097,11.4538,11.3,8.8,2.74147,-23.2,0.957652,0.162565,-0.28286
Sevier County,47155,TN,98250,"standard, onset<2021-01-01, peak>=50% of max pre-2021 peak",7,True,2,True,1,2020-11-05,2020-12-17,2021-02-14,42,194.402,2020-11-05,2020-11-18,14,649,False,True,0.0466347,0.0241806,False,4.52685,True,4.59252,1.32644,0.169264,1.51202,0.289168,True,0.0210208,0.00378002,0.607267,1.14715,2020-11-26,22,ok,,,,,2,2020-11,166.1,36.5928,20.741,17.5,13.8,2.22037,-23.2,1.32644,0.169264,-0.000139831
Shelby County,47157,TN,937166,"standard, onset<2021-01-01, peak>=50% of max pre-2021 peak",7,False,3,True,2,2020-10-15,2020-12-14,2021-02-13,60,90.699,2020-10-15,2020-10-28,14,3379,False,True,0.0484009,0.0211661,False,18.022,True,18.5767,1.33881,0.148163,1.5332,0.254689,True,0.0210831,0.00339031,0.571459,1.14758,2020-11-14,31,ok,,,,,3,2020-10,1222.5,85.1847,14.4114,13,19.1,3.08725,-23.2,1.33881,0.148163,0.0304159
Sullivan County,47163,TN,158348,"standard, onset<2021-01-01, peak>=50% of max pre-2021 peak",7,False,1,False,0,2020-09-24,2020-12-16,2021-03-05,83,125.402,2020-09-24,2020-10-07,14,388,False,True,0.0385234,0.0352789,False,5.80932,True,5.96631,1.26966,0.246952,1.4164,0.409869,True,0.0293208,0.00367654,0.613908,1.20525,2020-11-04,42,ok,,,,,2,2020-09,382.6,122.026,22.3877,12.6,13.6,2.58274,-23.2,1.26966,0.246952,0.0291515
Sumner County,47165,TN,191283,"standard, onset<2021-01-01, peak>=50% of max pre-2021 peak",7,True,3,True,2,2020-10-18,2020-12-14,2021-02-14,57,137.418,2020-10-19,2020-11-01,14,852,False,True,-0.0316513,0.0468143,True,22.5951,True,28.5275,0.778441,0.3277,0.704525,0.40591,True,0.0327212,0.00506734,0.615933,1.22905,2020-11-15,28,ok,,,,,2,2020-10,370.7,47.8905,16.7199,10.4,9.6,2.56902,-23.2,0.778441,0.3277,-0.52995
Tipton County,47167,TN,61599,"standard, onset<2021-01-01, peak>=50% of max pre-2021 peak",7,True,4,True,2,2020-09-13,2020-11-16,2020-12-04,64,83.4893,2020-10-01,2020-10-14,14,259,False,True,0.0410974,0.0179374,False,1.84312,False,1.87965,1.28768,0.125562,1.44644,0.210336,True,0.0473821,0.00848783,0.705634,1.33167,2020-10-15,15,ok,,,,,1,2020-09,133.8,27.8826,15.4699,12.2,12.7,2.12646,-23.2,1.28768,0.125562,0.0471695
Washington County,47179,TN,129375,"standard, onset<2021-01-01, peak>=50% of max pre-2021 peak",7,True,2,True,1,2020-10-09,2020-12-16,2021-01-27,68,136.812,2020-10-09,2020-10-22,14,621,False,True,0.03561,0.0379018,False,10.7602,True,11.6824,1.24927,0.265313,1.38273,0.435705,True,0.018513,0.00293929,0.545898,1.12959,2020-11-12,35,ok,,,,,2,2020-10,407.4,187.217,19.4728,12.9,13.2,2.61002,-23.2,1.24927,0.265313,-0.0591204
Williamson County,47187,TN,238412,"standard, onset<2021-01-01, peak>=50% of max pre-2021 peak",7,True,2,True,1,2020-10-03,2020-12-19,2021-02-19,77,109.355,2020-10-04,2020-10-17,14,860,False,True,-0.0146307,0.0357709,True,13.4448,True,13.9138,0.897585,0.250396,0.858188,0.335728,True,0.018741,0.00230949,0.646538,1.13119,2020-11-10,38,ok,,,,,3,2020-10,425,142.496,14.5939,7.1,4.1,2.62839,-23.2,0.897585,0.250396,-0.410805
Wilson County,47189,TN,144657,"standard, onset<2021-01-01, peak>=50% of max pre-2021 peak",7,False,3,True,2,2020-10-08,2020-12-17,2021-02-12,70,149.911,2020-10-13,2020-10-26,14,653,False,True,0.0241219,0.044449,False,15.6921,True,16.9525,1.16885,0.311143,1.25344,0.489523,True,0.0242032,0.00334747,0.643196,1.16942,2020-11-12,31,ok,,,,,2,2020-10,258.8,33.8439,16.415,9.7,8,2.41296,-23.2,1.16885,0.311143,-0.139537
Angelina County,48005,TX,86715,"standard, onset<2021-01-01, peak>=50% of max pre-2021 peak",7,True,2,False,0,2020-06-09,2020-07-25,2020-08-21,46,80.23,2020-06-16,2020-06-29,14,155,False,True,0.0240196,0.0587398,False,6.50529,True,8.59762,1.16814,0.411178,1.25231,0.646656,True,0.00633537,0.00673788,0.0556589,1.04435,2020-07-02,17,ok,,,,,1,2020-06,108.3,65.976,16.9119,22.3,17,2.03463,-5.6,1.16814,0.411179,-0.464679
Bastrop County,48021,TX,88723,"standard, onset<2021-01-01, peak>=50% of max pre-2021 peak",7,True,1,False,0,2020-05-18,2020-07-17,2020-09-21,60,48.1434,2020-05-26,2020-06-08,14,73,False,True,0.051429,0.0339835,False,0.84532,False,0.927988,1.36,0.237885,1.56983,0.41324,True,0.0248539,0.00402516,0.644828,1.17398,2020-06-17,23,ok,,,,,2,2020-05,109.5,24.6873,16.4006,22.4,10.8,2.03941,-5.6,1.36,0.237884,-0.0952525
Bell County,48027,TX,362924,"standard, onset<2021-01-01, peak>=50% of max pre-2021 peak",7,False,1,False,0,2020-10-11,2021-01-06,2021-02-17,87,73.7266,2020-10-11,2020-10-24,14,526,False,True,-2.05391e-14,0.0621108,True,24.8575,True,30.4459,1,0.434776,1,0.621108,True,0.0277239,0.00220711,0.789772,1.19407,2020-11-23,44,ok,,,,,3,2020-10,351.7,73.9248,11.7244,16.7,14.7,2.54617,-5.6,1,0.434776,-0.30839
Bexar County,48029,TX,2003554,"standard, onset<2021-01-01, peak>=50% of max pre-2021 peak",7,True,3,False,0,2020-06-13,2020-07-20,2020-08-11,37,77.4623,2020-06-13,2020-06-26,14,4612,False,True,0.0755581,0.0316196,False,52.7125,True,54.5938,1.52891,0.221337,1.87547,0.416539,True,0.0764082,0.00394388,0.956671,1.53486,2020-07-01,19,ok,,,,,3,2020-06,1620,74.2538,12.6575,18.9,15,3.20952,-5.6,1.52891,0.221337,-0.10391
Bowie County,48037,TX,93245,"standard, onset<2021-01-01, peak>=50% of max pre-2021 peak",7,True,2,False,0,2020-08-18,2020-10-29,2020-11-29,72,112.147,2020-08-22,2020-09-04,14,156,False,True,0.0868268,0.12207,False,26,True,33.749,1.60779,0.85449,2.02658,1.66586,True,0.00242949,0.00676196,0.00414685,1.01701,2020-09-23,33,ok,,,,,2,2020-08,105,72.126,17.054,16.4,17.4,2.02119,-5.6,1.60779,0.85449,0.166631
Brazoria County,48039,TX,374264,"standard, onset<2021-01-01, peak>=50% of max pre-2021 peak",7,False,1,False,0,2020-06-13,2020-07-29,2020-08-21,46,47.1401,2020-06-21,2020-07-04,14,957,False,True,0.0503737,0.0153314,False,2.67165,True,2.73609,1.35262,0.10732,1.55703,0.18575,True,0.0505814,0.00190787,0.980471,1.35407,2020-07-06,16,ok,,,,,3,2020-06,272.9,66.6611,12.6713,14.4,8.3,2.436,-5.6,1.35262,0.10732,-0.280201
Brazos County,48041,TX,229211,"standard, onset<2021-01-01, peak>=50% of max pre-2021 peak",7,True,2,False,0,2020-06-03,2020-06-29,2020-08-18,26,46.7442,2020-06-03,2020-06-16,14,334,False,True,0.0343823,0.0315296,False,4.0091,True,4.08942,1.24068,0.220707,1.36865,0.360827,True,0.076334,0.0112605,0.792939,1.53434,2020-06-16,14,ok,,,,,3,2020-06,399,84.2424,10.2036,16.6,22.3,2.60097,-5.6,1.24068,0.220707,-0.39214
Cameron County,48061,TX,423163,"standard, onset<2021-01-01, peak>=50% of max pre-2021 peak",7,True,2,False,0,2020-07-08,2020-08-01,2020-09-04,24,222.137,2020-07-08,2020-07-21,14,3333,False,True,0.0647797,0.0294205,False,33.5843,True,34.4415,1.45346,0.205944,1.73592,0.374251,True,0.070306,0.0124593,0.743243,1.49214,2020-07-20,13,ok,,,,,3,2020-07,472.2,49.4042,14.0697,29.9,24.4,2.67413,-5.6,1.45346,0.205944,0.315119
Cherokee County,48073,TX,52646,"standard, onset<2021-01-01, peak>=50% of max pre-2021 peak",7,True,2,False,0,2020-06-24,2020-08-08,2020-09-08,45,93.3459,2020-06-24,2020-07-07,14,174,False,True,0.0531499,0.0667147,False,9.16612,True,11.0537,1.37205,0.467003,1.59082,0.816074,True,0.0510399,0.00703525,0.714803,1.35728,2020-07-16,23,ok,,,,,1,2020-06,47.9,51.575,18.0691,24.1,16.7,1.68034,-5.6,1.37205,0.467003,-0.260767
Collin County,48085,TX,1034730,"standard, onset<2021-01-01, peak>=50% of max pre-2021 peak",7,True,2,False,0,2020-06-13,2020-08-13,2020-08-23,61,35.4544,2020-06-13,2020-06-26,14,926,False,True,-0.00185131,0.0524333,True,31.1848,True,35.2639,0.987041,0.367033,0.981559,0.520256,True,0.0380804,0.00230195,0.904183,1.26656,2020-07-13,31,ok,,,,,3,2020-06,1265.3,101.459,11.8383,11.3,6.2,3.10219,-5.6,0.987041,0.367033,-0.645776
Comal County,48091,TX,156209,"standard, onset<2021-01-01, peak>=50% of max pre-2021 peak",7,True,2,False,0,2020-10-29,2020-11-04,2020-12-29,6,96.4825,2020-10-29,2020-11-04,7,985,True,False,0.0131999,0.500827,False,987.83,True,625.312,1.0924,3.50579,1.13566,5.28592,False,,,,,2020-11-01,4,ok,,,,,2,2020-10,288.6,64.3959,19.8172,14.4,7.5,2.4603,-5.6,1.0924,3.50579,-0.215991
Dallas County,48113,TX,2635516,"standard, onset<2021-01-01, peak>=50% of max pre-2021 peak",7,True,3,True,2,2020-10-27,2021-01-07,2021-02-20,72,117.38,2020-10-27,2020-11-09,14,16807,False,True,-0.0494645,0.0653524,True,853.487,True,932.232,0.653748,0.457467,0.556736,0.517754,True,0.00502588,0.00414639,0.0402864,1.03518,2020-12-02,37,ok,,,,,3,2020-10,2993.6,71.3209,11.3892,22.5,13.7,3.47619,-5.6,0.653749,0.457467,-0.654642
Denton County,48121,TX,887207,"standard, onset<2021-01-01, peak>=50% of max pre-2021 peak",7,False,3,True,2,2020-10-29,2020-12-15,2020-12-28,47,73.167,2020-11-05,2020-11-18,14,2716,False,True,0.0410974,0.021928,False,15.6715,True,16.9065,1.28768,0.153496,1.44644,0.25713,True,0.0376055,0.00188111,0.963825,1.26324,2020-11-21,17,ok,,,,,3,2020-10,1031.8,55.7136,11.5383,12.9,6.9,3.0136,-5.6,1.28768,0.153496,-0.0207086
Ellis County,48139,TX,184826,"standard, onset<2021-01-01, peak>=50% of max pre-2021 peak",7,True,3,True,2,2020-10-29,2021-01-06,2021-03-07,69,133.175,2020-11-05,2020-11-18,14,843,False,True,-0.0461522,0.0764607,True,58.8243,True,70.3015,0.676934,0.535225,0.583208,0.616396,True,0.0387175,0.00713213,0.531276,1.27102,2020-12-02,28,ok,,,,,2,2020-10,205.7,40.0094,13.7367,20.2,7.9,2.31323,-5.6,0.676935,0.535225,-0.631456
El Paso County,48141,TX,839238,"standard, onset<2021-01-01, peak>=50% of max pre-2021 peak",7,True,3,True,2,2020-10-04,2020-11-02,2020-12-25,29,227.928,2020-10-04,2020-10-17,14,6854,False,True,0.0574548,0.0584524,False,275.575,True,324.797,1.40218,0.409167,1.64387,0.725575,True,0.0623417,0.00465816,0.932332,1.43639,2020-10-18,15,ok,,,,,3,2020-10,854.4,49.7888,12.8025,23,17.6,2.93166,-5.6,1.40218,0.409167,0.0937932
Fort Bend County,48157,TX,811688,"standard, onset<2021-01-01, peak>=50% of max pre-2021 peak",7,True,2,False,0,2020-06-15,2020-08-17,2020-09-01,63,54.8768,2020-06-15,2020-06-28,14,1331,False,True,0.0430403,0.046811,False,34.9294,True,42.2867,1.30128,0.327677,1.4693,0.552729,True,0.0141799,0.00462627,0.238477,1.09926,2020-07-16,32,ok,,,,,3,2020-06,954.8,88.3591,12.604,15.3,7.4,2.97991,-5.6,1.30128,0.327677,-0.331534
Galveston County,48167,TX,342139,"standard, onset<2021-01-01, peak>=50% of max pre-2021 peak",7,True,4,True,1,2020-06-08,2020-07-09,2020-08-25,31,78.623,2020-06-08,2020-06-21,14,812,False,True,0.103531,0.0180962,False,2.86451,True,2.80971,1.72472,0.126674,2.26041,0.259651,True,0.0994665,0.00336512,0.984229,1.69627,2020-06-23,16,ok,,,,,3,2020-06,924.6,71.2897,15.408,15.7,9.9,2.96595,-5.6,1.72472,0.126673,0.0919005
Grayson County,48181,TX,136212,"standard, onset<2021-01-01, peak>=50% of max pre-2021 peak",7,True,2,True,1,2020-10-07,2021-01-06,2021-02-27,91,121.135,2020-10-10,2020-10-23,14,393,False,True,-0.0152817,0.0360904,True,6.25272,True,6.5367,0.893028,0.252632,0.852087,0.33774,True,0.0290951,0.00199001,0.839065,1.20367,2020-11-21,43,ok,,,,,2,2020-10,145.3,43.5286,18.5867,19.5,13.6,2.16227,-5.6,0.893028,0.252633,-0.415362
Hardin County,48199,TX,57602,"standard, onset<2021-01-01, peak>=50% of max pre-2021 peak",7,True,2,True,1,2020-10-28,2020-11-04,2021-02-16,7,156.245,2020-10-28,2020-11-04,8,553,True,False,0.0891066,0.428298,False,519.099,True,307.141,1.62375,2.99809,2.05781,5.88587,False,,,,,2020-10-31,4,ok,,,,,1,2020-10,63.1,17.7838,17.4815,17.3,10.4,1.80003,-5.6,1.62375,2.99809,0.315356
Harris County,48201,TX,4713325,"standard, onset<2021-01-01, peak>=50% of max pre-2021 peak",7,True,2,False,0,2020-06-04,2020-09-19,2020-12-24,107,61.7641,2020-06-11,2020-06-24,14,9183,False,True,0.142912,0.028232,False,70.5013,True,65.478,2.00038,0.197624,2.85802,0.451776,True,0.0274975,0.00302834,0.646914,1.19248,2020-07-27,47,ok,,,,,3,2020-06,2771.7,58.21,11.3528,22.4,15.9,3.44275,-5.6,2.00038,0.197624,0.367567
Hays County,48209,TX,230191,"standard, onset<2021-01-01, peak>=50% of max pre-2021 peak",7,True,4,False,0,2020-06-08,2020-06-19,2020-07-29,11,64.4186,2020-06-08,2020-06-19,12,1063,True,True,0.201588,0.0261019,False,5.07257,True,4.91349,2.41112,0.182713,3.86927,0.482016,False,,,,,2020-06-13,6,ok,,,,,3,2020-06,356.2,46.8749,12.3982,16.1,9.6,2.55169,-5.6,2.41112,0.182713,0.778299
Henderson County,48213,TX,82737,"standard, onset<2021-01-01, peak>=50% of max pre-2021 peak",7,True,2,True,1,2020-10-06,2020-11-03,2021-03-01,28,90.8213,2020-10-10,2020-10-23,14,139,False,True,-0.030953,0.0670939,True,7.57583,True,9.09112,0.783329,0.469657,0.71059,0.583715,True,0.0213319,0.0143345,0.197473,1.14932,2020-10-20,11,ok,,,,,1,2020-10,94,36.5186,22.7559,21,14.2,1.97313,-5.6,0.783329,0.469657,-0.525061
Hidalgo County,48215,TX,868707,"standard, onset<2021-01-01, peak>=50% of max pre-2021 peak",7,True,5,True,1,2020-06-17,2020-07-21,2020-07-30,34,87.8975,2020-06-17,2020-06-30,14,2430,False,True,0.10974,0.0228965,False,13.5123,True,13.7482,1.76818,0.160276,2.35031,0.334498,True,0.0764433,0.0071985,0.875748,1.5351,2020-07-04,18,ok,,,,,3,2020-06,554.3,46.8545,11.4744,33.1,23.9,2.74374,-5.6,1.76818,0.160276,0.135363
Hood County,48221,TX,61643,"standard, onset<2021-01-01, peak>=50% of max pre-2021 peak",7,True,2,True,1,2020-10-29,2020-12-05,2021-02-20,37,158.053,2020-11-05,2020-11-18,14,211,False,True,0.0534238,0.0510435,False,6.50434,True,8.45078,1.37397,0.357305,1.59417,0.624966,True,0.0839409,0.00956526,0.885072,1.58759,2020-11-16,12,ok,,,,,1,2020-10,146.4,38.9623,26.3937,17.3,9.4,2.16554,-5.6,1.37397,0.357304,0.0655762
Hunt County,48231,TX,98594,"standard, onset<2021-01-01, peak>=50% of max pre-2021 peak",7,True,2,True,1,2020-09-19,2021-01-11,2021-02-10,114,82.0102,2020-09-26,2020-10-09,14,134,False,True,0.00853132,0.0647605,False,6.87818,True,7.56898,1.05972,0.453323,1.08684,0.670809,True,0.0228891,0.00159257,0.808269,1.16022,2020-11-15,51,ok,,,,,2,2020-09,118.9,28.0123,16.5313,19,12.6,2.07518,-5.6,1.05972,0.453323,-0.180793
Jefferson County,48245,TX,251565,"standard, onset<2021-01-01, peak>=50% of max pre-2021 peak",7,True,3,True,1,2020-06-24,2020-07-06,2020-08-23,12,73.1421,2020-06-24,2020-07-06,13,1280,True,True,0.227658,0.0614316,False,29.3547,True,25.0154,2.59361,0.430021,4.36497,1.2017,True,0.176277,0.0268392,0.89613,2.23394,2020-06-30,7,ok,,,,,3,2020-06,292.6,47.1687,14.8324,23.3,18.3,2.46627,-5.6,2.59361,0.430021,0.960789
Johnson County,48251,TX,175817,"standard, onset<2021-01-01, peak>=50% of max pre-2021 peak",7,False,1,False,0,2020-10-24,2021-01-06,2021-03-06,74,144.387,2020-10-24,2020-11-06,14,875,False,True,0.125345,0.0749342,False,49.9425,True,63.5906,1.87741,0.52454,2.58338,1.14383,True,0.0207553,0.00515889,0.310162,1.14529,2020-11-30,38,ok,,,,,2,2020-10,248.3,42.2394,14.8177,19.4,9.5,2.39498,-5.6,1.87742,0.524539,0.569025
Kaufman County,48257,TX,136154,"standard, onset<2021-01-01, peak>=50% of max pre-2021 peak",7,False,2,True,1,2020-10-29,2021-01-06,2021-03-14,69,129.265,2020-11-05,2020-11-18,14,583,False,True,0.0250579,0.0657582,False,30.6456,True,37.9203,1.17541,0.460308,1.26377,0.726788,True,0.0460095,0.00651357,0.657422,1.32207,2020-12-02,28,ok,,,,,2,2020-10,186.1,22.7101,12.1058,17,9.2,2.26975,-5.6,1.17541,0.460307,-0.132985
Kerr County,48265,TX,52600,"standard, onset<2021-01-01, peak>=50% of max pre-2021 peak",7,False,2,True,1,2020-10-29,2021-01-06,2021-02-28,69,107.279,2020-11-09,2020-11-22,14,230,False,True,0.0425478,0.0582902,False,9.36397,True,11.4545,1.29783,0.408032,1.46349,0.687067,True,0.0322705,0.00747914,0.458355,1.22589,2020-12-02,24,ok,,,,,1,2020-10,47.7,81.7522,28.1208,22.1,11.6,1.67852,-5.6,1.29783,0.408031,-0.0105558
Liberty County,48291,TX,88219,"standard, onset<2021-01-01, peak>=50% of max pre-2021 peak",7,True,3,False,0,2020-06-17,2020-08-26,2020-09-20,70,80.8054,2020-06-22,2020-07-05,14,208,False,True,0.0303332,0.0562546,False,7.97314,True,9.14135,1.21233,0.393782,1.32265,0.634214,True,0.00894459,0.0040609,0.143318,1.06261,2020-07-22,31,ok,,,,,1,2020-06,79.1,22.9188,13.0757,23.2,14.4,1.89818,-5.6,1.21233,0.393782,-0.420484
Lubbock County,48303,TX,310569,"standard, onset<2021-01-01, peak>=50% of max pre-2021 peak",7,False,1,False,0,2020-06-14,2020-09-03,2020-09-19,81,70.0557,2020-06-14,2020-06-27,14,1103,False,True,0.0833655,0.0155947,False,3.02139,True,3.0374,1.58356,0.109163,1.9796,0.21055,True,0.0170886,0.00365295,0.359437,1.11962,2020-07-24,41,ok,,,,,3,2020-06,346.9,79.8354,13.0457,17,15.8,2.5402,-5.6,1.58356,0.109163,-0.049258
McLennan County,48309,TX,256623,"standard, onset<2021-01-01, peak>=50% of max pre-2021 peak",7,True,2,False,0,2020-06-18,2020-07-06,2020-08-16,18,67.6367,2020-06-18,2020-07-01,14,761,False,True,0.124005,0.0285429,False,6.3264,True,6.06138,1.86803,0.199801,2.56297,0.434087,True,0.120306,0.00847324,0.961831,1.84214,2020-06-27,10,ok,,,,,3,2020-06,251.4,77.5197,15.0995,18.7,17,2.40037,-5.6,1.86803,0.1998,0.235218
Maverick County,48323,TX,58722,"standard, onset<2021-01-01, peak>=50% of max pre-2021 peak",7,True,3,False,0,2020-06-22,2020-08-25,2020-09-16,64,161.049,2020-06-22,2020-07-05,14,305,False,True,0.108975,0.0629157,False,12.8307,True,13.6956,1.76283,0.44041,2.33914,0.917119,True,0.0431373,0.00506298,0.700751,1.30196,2020-07-24,33,ok,,,,,1,2020-06,45.2,24.1851,11.861,30.3,20,1.65514,-5.6,1.76282,0.44041,0.130008
Medina County,48325,TX,51584,"standard, onset<2021-01-01, peak>=50% of max pre-2021 peak",7,True,5,True,2,2020-10-29,2020-11-04,2020-11-20,6,105.791,2020-10-29,2020-11-04,7,369,True,False,-0.0115189,0.502996,True,373.312,True,234.13,0.919368,3.52097,0.887597,4.78662,False,,,,,2020-11-01,4,ok,,,,,1,2020-10,38.3,29.5578,17.6263,18.1,11.2,1.5832,-5.6,0.919368,3.52097,-0.389023
Midland County,48329,TX,176832,"standard, onset<2021-01-01, peak>=50% of max pre-2021 peak",7,True,2,True,1,2020-10-09,2020-12-20,2021-02-14,72,181.69,2020-10-10,2020-10-23,14,691,False,True,0.023622,0.0644236,False,34.893,True,47.5573,1.16535,0.450965,1.24794,0.708152,True,0.015731,0.00516232,0.214525,1.11012,2020-11-14,36,ok,,,,,2,2020-10,188.8,37.6508,10.204,19,9.7,2.276,-5.6,1.16535,0.450965,-0.143036
Montgomery County,48339,TX,607391,"standard, onset<2021-01-01, peak>=50% of max pre-2021 peak",7,True,2,True,1,2020-11-16,2021-01-23,2021-04-17,68,112.777,2020-11-25,2020-12-08,14,3835,False,True,-0.0136442,0.0467706,True,102.532,True,133.869,0.904491,0.327394,0.867468,0.440904,True,-0.0116315,0.00455004,0.237334,0.918579,2020-12-20,23,ok,,,,,3,2020-11,595.3,66.0818,14.2335,17,8.2,2.77474,-5.6,0.904491,0.327394,-0.422092
Nacogdoches County,48347,TX,65204,"standard, onset<2021-01-01, peak>=50% of max pre-2021 peak",7,True,3,True,1,2020-06-26,2020-07-24,2020-10-05,28,46.6667,2020-06-26,2020-07-09,14,156,False,True,0.0828312,0.0346371,False,2.1103,True,2.23449,1.57982,0.24246,1.97239,0.466871,True,0.090314,0.00749706,0.917784,1.6322,2020-07-10,15,ok,,,,,1,2020-06,68.3,71.1491,15.4146,22.6,19.5,1.83442,-5.6,1.57982,0.24246,-0.0529981
Nueces County,48355,TX,362294,"standard, onset<2021-01-01, peak>=50% of max pre-2021 peak",7,True,2,True,1,2020-10-29,2020-11-04,2020-11-04,6,212.377,2020-10-29,2020-11-04,7,5259,True,False,0.00717848,0.527268,False,5847.5,True,3681.71,1.05025,3.69088,1.07287,5.43165,False,,,,,2020-11-01,4,ok,,,,,3,2020-10,420.9,78.997,15.2699,19.6,17.5,2.62418,-5.6,1.05025,3.69088,-0.258141
Orange County,48361,TX,83396,"standard, onset<2021-01-01, peak>=50% of max pre-2021 peak",7,True,2,False,0,2020-06-20,2020-08-06,2020-08-29,47,78.1127,2020-06-22,2020-07-05,14,160,False,True,0.0923753,0.0559854,False,5.54341,True,6.16371,1.64663,0.391898,2.10295,0.777064,True,0.0520807,0.0131266,0.440429,1.36457,2020-07-13,22,ok,,,,,1,2020-06,254.1,16.5079,15.9891,16.4,15.1,2.405,-5.6,1.64663,0.391898,0.0138106
Parker County,48367,TX,142878,"standard, onset<2021-01-01, peak>=50% of max pre-2021 peak",7,True,3,True,1,2020-10-24,2020-12-05,2020-12-23,42,109.684,2020-10-28,2020-11-10,14,870,False,True,-0.0924208,0.0901177,True,78.0916,True,98.2672,0.353054,0.630824,0.255166,0.551369,True,0.000745771,0.020749,8.0735e-05,1.00522,2020-11-14,18,ok,,,,,2,2020-10,164,40.4798,16.59,16.7,8,2.21484,-5.6,0.353054,0.630824,-0.955336
Potter County,48375,TX,117415,"standard, onset<2021-01-01, peak>=50% of max pre-2021 peak",7,True,4,False,0,2020-04-20,2020-05-14,2020-05-22,24,122.277,2020-04-20,2020-05-03,14,636,False,True,0.115523,0.0228808,False,3.47849,True,3.43949,1.80866,0.160166,2.43548,0.339825,True,0.127082,0.00606162,0.975585,1.88958,2020-05-02,13,ok,,,,,2,2020-04,130.5,86.0578,13.2343,24.4,20.8,2.11561,-5.6,1.80866,0.160166,0.392446
Randall County,48381,TX,137713,"standard, onset<2021-01-01, peak>=50% of max pre-2021 peak",7,True,3,True,2,2020-09-19,2020-11-23,2021-02-06,65,166.599,2020-09-19,2020-10-02,14,567,False,True,0.0587639,0.0295139,False,5.80136,True,5.93568,1.41135,0.206597,1.66016,0.367982,True,0.0409037,0.002302,0.910593,1.28633,2020-10-21,33,ok,,,,,2,2020-09,154.2,56.1267,15.7375,14,9.6,2.18808,-5.6,1.41135,0.206597,0.170835
Rockwall County,48397,TX,104915,"standard, onset<2021-01-01, peak>=50% of max pre-2021 peak",7,False,1,False,0,2020-10-24,2021-01-06,2021-03-07,74,164.895,2020-10-28,2020-11-10,14,718,False,True,-0.0765946,0.0876317,True,62.9127,True,80.4873,0.463838,0.613422,0.357255,0.594408,True,0.0109681,0.00682004,0.07478,1.07678,2020-11-30,34,ok,,,,,2,2020-10,847.6,71.416,13.4438,12.2,4.8,2.92819,-5.6,0.463838,0.613422,-0.844553
Rusk County,48401,TX,54406,"standard, onset<2021-01-01, peak>=50% of max pre-2021 peak",7,True,2,False,0,2020-07-14,2020-08-23,2020-09-28,40,73.5213,2020-08-02,2020-08-15,14,66,False,True,-0.0348032,0.0557384,True,2.47492,True,2.96414,0.756378,0.390169,0.677405,0.475909,False,,,,,2020-08-03,2,ok,,,,,1,2020-07,56.5,22.9823,17.1889,21.5,14.2,1.75205,-5.6,0.756378,0.390169,-0.381962
Starr County,48427,TX,64633,"standard, onset<2021-01-01, peak>=50% of max pre-2021 peak",7,True,1,False,0,2020-06-10,2020-09-07,2020-09-28,89,97.4734,2020-06-10,2020-06-23,14,277,False,True,0.133799,0.0509411,False,7.12525,True,7.44213,1.9366,0.356588,2.71394,0.795678,True,0.0317577,0.0033663,0.674243,1.2223,2020-07-24,45,ok,,,,,1,2020-06,53.9,25.7888,11.3714,28.9,25.2,1.73159,-5.6,1.93659,0.356588,0.303776
Tarrant County,48439,TX,2102515,"standard, onset<2021-01-01, peak>=50% of max pre-2021 peak",7,False,1,False,0,2020-09-17,2021-01-06,2021-03-14,111,140.825,2020-09-30,2020-10-13,14,5142,False,True,0.0186964,0.0228349,False,32.7044,True,33.0607,1.13087,0.159844,1.1943,0.24628,True,0.0370048,0.00346719,0.735329,1.25903,2020-11-11,43,ok,,,,,3,2020-09,2439.2,58.7026,12.0785,19.7,10.5,3.38725,-5.6,1.13087,0.159844,-0.109637
Taylor County,48441,TX,138034,"standard, onset<2021-01-01, peak>=50% of max pre-2021 peak",7,True,2,True,1,2020-10-27,2020-11-04,2021-02-03,8,324.144,2020-10-28,2020-11-04,8,2974,True,False,0.104193,0.396794,False,2373.88,True,1383.68,1.72935,2.77756,2.26991,5.70436,False,,,,,2020-10-31,4,ok,,,,,2,2020-10,156.4,67.0354,14.7066,16.8,12.2,2.19424,-5.6,1.72935,2.77756,0.420961
Tom Green County,48451,TX,119200,"standard, onset<2021-01-01, peak>=50% of max pre-2021 peak",7,True,3,True,1,2020-10-29,2020-11-04,2020-12-06,6,211.17,2020-10-29,2020-11-04,7,1463,True,False,0.0522373,0.457859,False,1218.46,True,759.805,1.36566,3.20501,1.57968,5.58312,False,,,,,2020-11-01,4,ok,,,,,2,2020-10,78.9,71.6649,16.0038,17.5,12,1.89708,-5.6,1.36566,3.20501,0.0572707
Travis County,48453,TX,1273954,"standard, onset<2021-01-01, peak>=50% of max pre-2021 peak",7,True,3,True,1,2020-06-11,2020-07-01,2020-08-26,20,43.8679,2020-06-16,2020-06-29,14,3916,False,True,0.0430785,0.045482,False,97.0111,True,126.07,1.30155,0.318374,1.46976,0.53711,False,,,,,2020-06-21,6,ok,,,,,3,2020-06,1297.9,84.7163,10.7649,13.8,10.2,3.11324,-5.6,1.30155,0.318374,-0.331267
Van Zandt County,48467,TX,56590,"standard, onset<2021-01-01, peak>=50% of max pre-2021 peak",7,True,3,True,1,2020-10-26,2020-11-03,2020-12-27,8,85.578,2020-10-26,2020-11-03,9,314,True,False,0.239531,0.295128,False,146.234,True,100.318,2.67672,2.0659,4.60019,5.92037,False,,,,,2020-10-30,5,ok,,,,,1,2020-10,70.7,8.39757,20.9335,20.4,12.9,1.84942,-5.6,2.67672,2.0659,1.36833
Victoria County,48469,TX,92084,"standard, onset<2021-01-01, peak>=50% of max pre-2021 peak",7,True,3,True,1,2020-06-20,2020-07-18,2020-08-23,28,151.88,2020-06-20,2020-07-03,14,552,False,True,0.166777,0.0948607,False,44.0537,True,44.6118,2.16744,0.664025,3.25187,1.61307,True,0.136907,0.011145,0.920684,1.95835,2020-07-04,15,ok,,,,,2,2020-06,103.5,72.2741,16.6833,20.6,16.5,2.01494,-5.6,2.16744,0.664025,0.534622
Walker County,48471,TX,72971,"standard, onset<2021-01-01, peak>=50% of max pre-2021 peak",7,True,4,False,0,2020-05-16,2020-05-30,2020-06-07,14,215.154,2020-05-16,2020-05-29,14,618,False,True,0.122587,0.0629952,False,25.1264,True,32.1196,1.85811,0.440967,2.54145,0.954293,True,0.00665885,0.0210107,0.0164648,1.04661,2020-05-23,8,ok,,,,,1,2020-05,97.4,27.4869,14.411,17.6,18,1.98856,-5.6,1.85811,0.440966,0.402854
Waller County,48473,TX,55246,"standard, onset<2021-01-01, peak>=50% of max pre-2021 peak",7,False,4,True,3,2020-11-16,2020-12-20,2021-04-02,34,68.5247,2020-11-16,2020-11-29,14,146,False,True,0.110933,0.0559348,False,4.83021,True,6.24764,1.77653,0.391544,2.36775,0.819958,True,0.0833347,0.0110815,0.779472,1.58334,2020-12-03,18,ok,,,,,1,2020-11,110.7,12.3252,12.7179,24.5,12.6,2.04415,-5.6,1.77653,0.391544,0.449948
Webb County,48479,TX,276652,"standard, onset<2021-01-01, peak>=50% of max pre-2021 peak",7,True,3,True,2,2020-11-07,2021-01-17,2021-02-16,71,308.123,2020-11-07,2020-11-20,14,2341,False,True,0.0610836,0.0595473,False,97.1765,True,112.661,1.42759,0.416831,1.68919,0.748243,True,0.0112817,0.00350151,0.233907,1.07897,2020-12-12,36,ok,,,,,3,2020-11,79.5,30.6985,9.99386,31.8,19.9,1.90037,-5.6,1.42759,0.416831,0.101002
Wichita County,48485,TX,132230,"standard, onset<2021-01-01, peak>=50% of max pre-2021 peak",7,True,1,False,0,2020-12-24,2021-01-06,2021-02-12,13,140.232,2020-12-24,2021-01-06,14,1958,False,True,0.0351981,0.047509,False,53.3244,True,70.5372,1.24639,0.332563,1.378,0.545324,True,0.152833,0.0158547,0.948939,2.06983,2020-12-30,7,ok,,,,,2,2020-12,206.1,83.4944,15.2053,18.6,16,2.31408,-5.6,1.24639,0.332563,0.0951955
Williamson County,48491,TX,590551,"standard, onset<2021-01-01, peak>=50% of max pre-2021 peak",7,True,1,False,0,2020-10-29,2021-01-23,2021-02-15,86,97.2941,2020-11-05,2020-11-18,14,2327,False,True,0.271843,0.0857303,False,94.6456,True,85.2278,2.9029,0.600112,5.27029,1.83612,True,0.0274737,0.00784962,0.259259,1.19232,2020-12-11,37,ok,,,,,3,2020-10,545.8,72.0834,13.3492,12.4,5.6,2.73703,-5.6,2.9029,0.600112,1.59451
Wise County,48497,TX,69984,"standard, onset<2021-01-01, peak>=50% of max pre-2021 peak",7,True,1,False,0,2020-10-24,2020-12-05,2021-03-05,42,148.197,2020-10-25,2020-11-07,14,274,False,True,0.190978,0.0752397,False,12.522,True,15.5211,2.33685,0.526678,3.6757,1.3559,True,0.0505905,0.0153068,0.365052,1.35413,2020-11-14,21,ok,,,,,1,2020-10,75.9,39.3402,16.0377,21.4,10,1.88024,-5.6,2.33685,0.526678,1.02846
Box Elder County,49003,UT,56046,"standard, onset<2021-01-01, peak>=50% of max pre-2021 peak",7,True,1,False,0,2020-10-04,2020-12-31,2021-02-22,88,140.446,2020-10-04,2020-10-17,14,173,False,True,0.00165155,0.0369183,False,2.88835,True,3.199,1.01156,0.258428,1.01657,0.371743,True,0.0385274,0.00180946,0.91337,1.26969,2020-11-17,45,ok,,,,,1,2020-10,10,29.4801,13.3094,9.8,6.8,1,-20.5,1.01156,0.258428,-0.29683
Cache County,49005,UT,128289,"standard, onset<2021-01-01, peak>=50% of max pre-2021 peak",7,False,2,True,1,2020-09-12,2020-11-18,2021-02-25,67,147.658,2020-09-28,2020-10-11,14,519,False,True,0.0748867,0.0775943,False,35.7654,True,43.014,1.52421,0.54316,1.86664,1.02,True,0.0446765,0.0076932,0.678227,1.31274,2020-10-15,18,ok,,,,,2,2020-09,114.3,42.8076,10.252,9.6,9.2,2.05805,-20.5,1.52421,0.54316,0.283695
Davis County,49011,UT,355481,"standard, onset<2021-01-01, peak>=50% of max pre-2021 peak",7,True,2,True,1,2020-09-24,2020-12-31,2021-02-28,98,149.576,2020-09-24,2020-10-07,14,1067,False,True,0.0233481,0.0432646,False,24.3035,True,30.3884,1.16344,0.302852,1.24493,0.475072,True,0.0274777,0.00119456,0.916826,1.19234,2020-11-12,50,ok,,,,,3,2020-09,1212.7,46.322,10.7905,6.9,5,3.08375,-20.5,1.16344,0.302852,-0.0770756
Iron County,49021,UT,54839,"standard, onset<2021-01-01, peak>=50% of max pre-2021 peak",7,True,2,True,1,2020-10-17,2021-01-10,2021-03-11,85,127.907,2020-10-21,2020-11-03,14,111,False,True,0.023217,0.0593674,False,4.76092,True,5.91849,1.16252,0.415572,1.24349,0.651564,True,0.0556605,0.00333773,0.882575,1.38962,2020-11-28,39,ok,,,,,1,2020-10,17.4,34.9107,14.3466,12.5,13.7,1.24055,-20.5,1.16252,0.415572,-0.145871
Salt Lake County,49035,UT,1160437,"standard, onset<2021-01-01, peak>=50% of max pre-2021 peak",7,True,1,False,0,2020-09-10,2020-12-31,2021-02-26,112,126.787,2020-09-10,2020-09-23,14,3751,False,True,0.0614872,0.0175986,False,13.5919,True,14.009,1.43041,0.12319,1.69427,0.221434,True,0.0238038,0.00101817,0.908574,1.16663,2020-11-05,57,ok,,,,,3,2020-09,1597.2,76.356,11.644,10,7,3.20336,-20.5,1.43041,0.12319,0.189898
Tooele County,49045,UT,72259,"standard, onset<2021-01-01, peak>=50% of max pre-2021 peak",7,True,1,False,0,2020-10-05,2020-12-31,2021-03-03,87,125.145,2020-10-05,2020-10-18,14,283,False,True,0.0775707,0.0350627,False,3.96266,True,5.09174,1.54299,0.245439,1.90207,0.46486,True,0.0294445,0.00144766,0.907832,1.20611,2020-11-17,44,ok,,,,,1,2020-10,10.5,15.1311,9.74717,11.6,5.7,1.02119,-20.5,1.54299,0.245439,0.234604
Utah County,49049,UT,636235,"standard, onset<2021-01-01, peak>=50% of max pre-2021 peak",7,True,2,True,1,2020-09-02,2020-12-31,2021-02-26,120,173.251,2020-09-02,2020-09-15,14,2464,False,True,0.0451304,0.0311601,False,28.588,True,41.0558,1.31591,0.218121,1.49408,0.370665,True,0.0126635,0.00189043,0.431998,1.08864,2020-11-01,61,ok,,,,,3,2020-09,329,42.4629,8.17457,8.4,7.8,2.5172,-20.5,1.31591,0.218121,0.0754005
Washington County,49053,UT,177556,"standard, onset<2021-01-01, peak>=50% of max pre-2021 peak",7,True,1,False,0,2020-09-27,2020-12-30,2021-03-11,94,150.375,2020-09-30,2020-10-13,14,601,False,True,0.0252617,0.056711,False,23.4939,True,31.518,1.17683,0.396977,1.26602,0.62728,True,0.0339677,0.00110839,0.95622,1.23777,2020-11-13,45,ok,,,,,2,2020-09,74.3,57.1337,23.4093,12.8,6.9,1.87099,-20.5,1.17683,0.396977,-0.0636804
Weber County,49057,UT,260213,"standard, onset<2021-01-01, peak>=50% of max pre-2021 peak",7,True,1,False,0,2020-09-29,2020-12-30,2021-02-25,92,170.52,2020-10-03,2020-10-16,14,898,False,True,0.0351751,0.0468242,False,23.7567,True,27.646,1.24623,0.327769,1.37773,0.537418,True,0.0366841,0.00113097,0.962491,1.25679,2020-11-14,43,ok,,,,,3,2020-09,455,44.6185,12.3456,10.4,7.3,2.65801,-20.5,1.24623,0.327769,0.00571344
Chittenden County,50007,VT,163774,"standard, onset<2021-01-01, peak>=50% of max pre-2021 peak",7,True,3,True,2,2020-10-22,2021-04-01,2021-05-17,161,44.3992,2020-10-29,2020-11-11,14,148,False,True,-0.023217,0.0415367,True,3.1074,True,3.25512,0.837481,0.290757,0.77915,0.374864,True,0.0221996,0.00156132,0.737384,1.1554,2021-01-10,74,ok,,,,,2,2020-10,313.3,175.258,16.2141,4.4,8.5,2.49596,35.4,0.837481,0.290757,-0.470909
Rutland County,50021,VT,58191,"standard, onset<2021-01-01, peak>=50% of max pre-2021 peak",7,False,1,False,0,2020-11-07,2021-02-02,2021-02-22,87,46.1534,2020-11-07,2020-11-20,14,66,False,True,0.108877,0.0784955,False,4.32288,True,5.37963,1.76214,0.549469,2.33771,1.1439,True,0.00726263,0.00310051,0.11803,1.05084,2020-12-20,43,ok,,,,,1,2020-11,65.2,72.6408,23.6198,5,12,1.81425,35.4,1.76214,0.549468,0.435556
Washington County,50023,VT,58409,"standard, onset<2021-01-01, peak>=50% of max pre-2021 peak",7,True,2,False,0,2020-11-05,2020-11-14,2020-12-17,9,54.5415,2020-11-05,2020-11-14,10,177,True,False,0.296102,0.0629145,False,3.89914,True,3.49779,3.07271,0.440401,5.80223,1.41157,False,,,,,2020-11-09,5,ok,,,,,1,2020-11,87.1,96.9786,20.8337,4.6,8,1.94002,35.4,3.07271,0.440402,1.74613
Windsor County,50027,VT,55062,"standard, onset<2021-01-01, peak>=50% of max pre-2021 peak",7,False,1,False,0,2020-11-15,2021-01-11,2021-02-15,57,39.4361,2020-11-15,2020-11-28,14,51,False,True,0.074471,0.0795374,False,3.69549,True,4.34166,1.5213,0.556762,1.86117,1.04415,True,0.04476,0.00648896,0.637976,1.31332,2020-12-13,29,ok,,,,,1,2020-11,59.6,110.817,24.8247,5.4,8.6,1.77525,35.4,1.5213,0.556762,0.194714
Albemarle County,51003,VA,109330,"standard, onset<2021-01-01, peak>=50% of max pre-2021 peak",7,True,1,False,0,2020-11-18,2021-02-21,2021-03-11,95,57.493,2020-11-30,2020-12-13,14,366,False,True,0.0250444,0.0581122,False,15.0252,True,16.2282,1.17531,0.406786,1.26362,0.642249,True,0.0137731,0.0035167,0.310888,1.09641,2021-01-04,36,ok,,,,,2,2020-11,156,140.576,19.9439,9.5,6.3,2.19312,10.1,1.17531,0.406785,-0.151272
Augusta County,51015,VA,75558,"standard, onset<2021-01-01, peak>=50% of max pre-2021 peak",7,True,1,False,0,2020-11-14,2020-12-12,2021-02-14,28,167.705,2020-11-14,2020-11-27,14,304,False,True,0.0263906,0.0580296,False,12.4339,True,13.1799,1.18473,0.406207,1.27853,0.644616,True,0.0141256,0.0109851,0.11284,1.09888,2020-11-28,15,ok,,,,,1,2020-11,80.1,52.9121,21.9805,9.2,8.3,1.90363,10.1,1.18473,0.406207,-0.141849
Bedford County,51019,VA,78997,"standard, onset<2021-01-01, peak>=50% of max pre-2021 peak",7,True,2,False,0,2020-09-28,2020-12-15,2020-12-25,78,67.4528,2020-09-28,2020-10-11,14,182,False,True,0.0251827,0.044972,False,4.47427,True,4.68144,1.17628,0.314804,1.26515,0.497285,True,0.0104272,0.0018457,0.456493,1.07299,2020-11-06,40,ok,,,,,1,2020-09,104.5,75.5078,22.7027,8.1,6.8,2.01912,10.1,1.17628,0.314804,-0.0642334
Campbell County,51031,VA,54885,"standard, onset<2021-01-01, peak>=50% of max pre-2021 peak",7,True,1,False,0,2020-11-14,2021-01-15,2021-02-24,62,140.293,2020-11-16,2020-11-29,14,272,False,True,0.0189352,0.0441296,False,6.4604,True,6.90222,1.13255,0.308907,1.19688,0.476392,True,0.0277372,0.00342391,0.70094,1.19416,2020-12-15,30,ok,,,,,1,2020-11,110.7,14.3637,20.6281,9.5,8.9,2.04415,10.1,1.13255,0.308907,-0.194036
Chesterfield County,51041,VA,352802,"standard, onset<2021-01-01, peak>=50% of max pre-2021 peak",7,False,2,True,1,2020-11-06,2021-01-18,2021-02-24,73,83.0494,2020-11-06,2020-11-19,14,918,False,True,-0.0124573,0.0234855,True,6.19088,True,6.2675,0.912799,0.164398,0.878686,0.222567,True,0.0201449,0.001094,0.906437,1.14101,2020-12-12,37,ok,,,,,3,2020-11,860.8,82.0194,16.0486,8.1,6.6,2.9349,10.1,0.912799,0.164399,-0.413784
Culpeper County,51047,VA,52605,"standard, onset<2021-01-01, peak>=50% of max pre-2021 peak",7,True,2,False,0,2020-04-16,2020-05-22,2020-06-10,36,61.3739,2020-04-16,2020-04-29,14,104,False,True,0.0220215,0.0427752,False,2.31727,True,2.64513,1.15415,0.299427,1.2304,0.467315,True,0.0483432,0.00781605,0.692339,1.3384,2020-05-04,19,ok,,,,,1,2020-04,138.6,34.2518,16.576,10.9,8.5,2.14176,10.1,1.15415,0.299426,-0.262064
Fairfax County,51059,VA,1147532,"standard, onset<2021-01-01, peak>=50% of max pre-2021 peak",7,True,2,True,1,2020-08-04,2021-01-14,2021-05-05,163,60.7141,2020-09-29,2020-10-12,14,1267,False,True,0.0447877,0.0382274,False,22.1327,True,23.2702,1.31351,0.267592,1.49,0.454183,True,0.015456,0.00353009,0.44406,1.10819,2020-10-24,26,ok,,,,,3,2020-08,2941.8,110.318,14.3739,7.6,5.3,3.46861,10.1,1.31351,0.267592,-0.127643
Fauquier County,51061,VA,71222,"standard, onset<2021-01-01, peak>=50% of max pre-2021 peak",7,False,1,False,0,2020-08-03,2020-08-20,2020-09-19,17,15.8458,2020-08-03,2020-08-16,14,64,False,True,-0.0923753,0.0375972,True,1.82909,False,2.02956,0.353373,0.263181,0.255444,0.230104,True,-0.0117931,0.037457,0.0139632,0.917448,2020-08-11,9,ok,,,,,1,2020-08,112.6,45.2228,17.2957,8.7,6,2.05154,10.1,0.353373,0.26318,-1.08778
Franklin County,51067,VA,56042,"standard, onset<2021-01-01, peak>=50% of max pre-2021 peak",7,False,1,False,0,2020-09-17,2021-01-10,2021-03-02,115,74.9438,2020-09-24,2020-10-07,14,109,False,True,0.034239,0.0744103,False,7.28798,True,8.25776,1.23967,0.520872,1.36701,0.851108,True,0.0250037,0.00269882,0.636592,1.17503,2020-11-13,51,ok,,,,,1,2020-09,78.9,34.8771,24.7242,9.3,11.5,1.89708,10.1,1.23967,0.520872,-0.000839262
Frederick County,51069,VA,89313,"standard, onset<2021-01-01, peak>=50% of max pre-2021 peak",7,True,2,True,1,2020-11-05,2021-01-25,2021-02-16,81,122.203,2020-11-05,2020-11-18,14,393,False,True,0.110633,0.0376957,False,5.90964,True,5.87534,1.77443,0.26387,2.36336,0.552113,True,0.0334802,0.00306372,0.753819,1.23436,2020-12-15,41,ok,,,,,2,2020-11,221.3,45.9423,18.6679,8.9,7.4,2.34498,10.1,1.77443,0.26387,0.447848
Hanover County,51085,VA,107766,"standard, onset<2021-01-01, peak>=50% of max pre-2021 peak",7,True,3,True,2,2020-10-27,2021-01-08,2021-04-26,73,91.7331,2020-10-27,2020-11-09,14,252,False,True,0.00453553,0.0327229,False,3.3047,True,3.44693,1.03175,0.229061,1.04579,0.333463,True,0.0223406,0.00209128,0.765291,1.15638,2020-12-02,37,ok,,,,,2,2020-10,235.2,73.6504,18.9445,6.5,5,2.37144,10.1,1.03175,0.22906,-0.276642
Henrico County,51087,VA,330818,"standard, onset<2021-01-01, peak>=50% of max pre-2021 peak",7,False,3,True,2,2020-10-24,2021-01-17,2021-03-07,85,72.7634,2020-10-25,2020-11-07,14,658,False,True,0.027878,0.0197618,False,3.11807,True,3.1753,1.19515,0.138332,1.2951,0.220756,True,0.0216732,0.00155104,0.82997,1.15171,2020-12-05,42,ok,,,,,3,2020-10,1431,104.669,16.4249,8.4,8.3,3.15564,10.1,1.19515,0.138333,-0.113244
Henry County,51089,VA,50557,"standard, onset<2021-01-01, peak>=50% of max pre-2021 peak",7,False,1,False,0,2020-12-12,2021-01-07,2021-03-07,26,93.5295,2020-12-12,2020-12-25,14,321,False,True,-0.022297,0.0446185,True,7.7809,True,9.51921,0.843921,0.31233,0.78747,0.404401,True,0.00387488,0.00557387,0.0387146,1.02712,2020-12-25,14,ok,,,,,1,2020-12,133.3,45.1441,24.1619,10.1,12.9,2.12483,10.1,0.843921,0.312329,-0.30727
James City County,51095,VA,76523,"standard, onset<2021-01-01, peak>=50% of max pre-2021 peak",7,True,3,True,2,2020-11-18,2021-01-18,2021-02-08,61,96.1429,2020-11-25,2020-12-08,14,141,False,True,0.00202638,0.0449697,False,3.49279,True,3.73719,1.01418,0.314788,1.02035,0.453524,True,0.0512007,0.00751261,0.67859,1.35841,2020-12-18,24,ok,,,,,1,2020-11,549.9,113.732,26.9124,6.8,6.5,2.74028,10.1,1.01418,0.314788,-0.312398
Loudoun County,51107,VA,413538,"standard, onset<2021-01-01, peak>=50% of max pre-2021 peak",7,True,2,False,0,2020-03-29,2020-05-28,2020-07-01,60,26.047,2020-03-29,2020-04-11,14,242,False,True,0.0598941,0.0354127,False,3.55895,True,4.77697,1.41926,0.247889,1.67427,0.443209,True,0.0260844,0.00375835,0.6242,1.18259,2020-04-28,31,ok,,,,,3,2020-03,816.2,77.2047,10.32,5.9,3.2,2.9118,10.1,1.41926,0.247889,-0.496369
Montgomery County,51121,VA,98535,"standard, onset<2021-01-01, peak>=50% of max pre-2021 peak",7,True,1,False,0,2020-08-23,2020-09-09,2021-05-07,17,74.3753,2020-08-23,2020-09-05,14,466,False,True,0.210233,0.0362246,False,4.54962,True,4.1382,2.47163,0.253572,4.03048,0.6821,True,0.163543,0.0170582,0.929234,2.1448,2020-08-31,9,ok,,,,,2,2020-08,257.8,71.1986,13.7845,8.4,19.3,2.41128,10.1,2.47163,0.253572,1.03047
Pittsylvania County,51143,VA,60354,"standard, onset<2021-01-01, peak>=50% of max pre-2021 peak",7,False,2,True,1,2020-11-14,2021-01-15,2021-02-27,62,112.195,2020-11-21,2020-12-04,14,290,False,True,0.0177568,0.0366221,False,4.74617,True,5.16269,1.1243,0.256354,1.18419,0.393533,True,0.0335777,0.00427099,0.728799,1.23504,2020-12-15,25,ok,,,,,1,2020-11,62.4,8.26433,23.8822,10,14,1.79518,10.1,1.1243,0.256355,-0.202285
Prince William County,51153,VA,470335,"standard, onset<2021-01-01, peak>=50% of max pre-2021 peak",7,True,2,True,1,2020-10-07,2021-01-17,2021-04-26,102,106.095,2020-10-08,2020-10-21,14,880,False,True,-0.0103942,0.0279219,True,8.3933,True,8.51201,0.927241,0.195453,0.898327,0.267029,True,0.0242496,0.00126507,0.882334,1.16975,2020-11-27,51,ok,,,,,3,2020-10,1438.3,44.3796,10.8782,9.5,4.9,3.15785,10.1,0.927241,0.195453,-0.38115
Roanoke County,51161,VA,94186,"standard, onset<2021-01-01, peak>=50% of max pre-2021 peak",7,False,2,False,0,2020-09-14,2020-11-20,2020-12-29,67,84.1799,2020-09-14,2020-09-27,14,177,False,True,0.0210225,0.041116,False,3.64572,True,4.49467,1.14716,0.287812,1.21951,0.447464,True,0.0276275,0.00280231,0.752315,1.19339,2020-10-17,34,ok,,,,,2,2020-09,386.9,123.802,22.0378,7,6,2.5876,10.1,1.14716,0.287812,-0.0933548
Rockingham County,51165,VA,81948,"standard, onset<2021-01-01, peak>=50% of max pre-2021 peak",7,False,2,False,0,2020-04-06,2020-04-21,2020-06-30,15,17.607,2020-04-06,2020-04-19,14,85,False,True,0.10155,0.0329682,False,1.08168,False,1.42619,1.71085,0.230777,2.23205,0.470294,True,0.196626,0.0324852,0.859274,2.37638,2020-04-13,8,ok,,,,,1,2020-04,98.6,25.0725,19.9434,11.8,8.3,1.99388,10.1,1.71085,0.230777,0.294635
Spotsylvania County,51177,VA,136215,"standard, onset<2021-01-01, peak>=50% of max pre-2021 peak",7,False,2,True,1,2020-10-20,2021-01-17,2021-03-13,89,76.9791,2020-10-20,2020-11-02,14,191,False,True,0.00748114,0.0206806,False,1.30765,False,1.32289,1.05237,0.144765,1.07599,0.213304,True,0.0257463,0.00113847,0.922443,1.18022,2020-12-03,45,ok,,,,,2,2020-10,348.9,49.2745,15.3636,8.5,6.6,2.5427,10.1,1.05237,0.144764,-0.256022
Washington County,51191,VA,53740,"standard, onset<2021-01-01, peak>=50% of max pre-2021 peak",7,False,1,False,0,2020-07-26,2020-12-07,2021-02-15,134,93.5722,2020-08-21,2020-09-03,14,98,False,True,0.0410974,0.0291606,False,1.35085,False,1.72396,1.28768,0.204124,1.44644,0.341939,True,0.00444218,0.0031688,0.0468287,1.0311,2020-10-01,42,ok,,,,,1,2020-07,96.1,90.8501,24.181,8.9,13.2,1.98272,10.1,1.28768,0.204124,0.149342
York County,51199,VA,68280,"standard, onset<2021-01-01, peak>=50% of max pre-2021 peak",7,False,1,False,0,2020-11-05,2021-01-26,2021-03-01,82,66.1143,2020-11-12,2020-11-25,14,149,False,True,0.068391,0.0345641,False,2.06026,True,2.22474,1.47874,0.241949,1.78213,0.444924,True,0.0248904,0.00351209,0.603491,1.17423,2020-12-16,35,ok,,,,,1,2020-11,669,117.068,17.3317,6.3,4.7,2.82543,10.1,1.47874,0.241949,0.152154
Alexandria City,51510,VA,159428,"standard, onset<2021-01-01, peak>=50% of max pre-2021 peak",7,True,3,True,2,2020-10-26,2021-01-09,2021-05-06,75,59.3192,2020-11-01,2020-11-14,14,282,False,True,-0.00607994,0.0258367,True,2.30496,True,2.34518,0.95744,0.180857,0.939977,0.25177,True,0.0391573,0.0032591,0.827937,1.2741,2020-12-02,32,ok,,,,,2,2020-10,10677.2,77.759,12.3173,8.2,8,4.02846,10.1,0.95744,0.180857,-0.35095
Chesapeake City,51550,VA,244835,"standard, onset<2021-01-01, peak>=50% of max pre-2021 peak",7,True,3,True,2,2020-12-29,2021-01-17,2021-02-22,19,152.639,2020-12-29,2021-01-11,14,1377,False,True,-0.011418,0.015515,True,4.05398,True,4.09326,0.920074,0.108605,0.888557,0.14771,True,0.0188912,0.00611331,0.544138,1.13224,2021-01-07,10,ok,,,,,3,2020-12,736.9,78.5817,14.1054,7.7,7.6,2.86741,10.1,0.920074,0.108605,-0.231117
Hampton city,51650,VA,134510,"standard, onset<2021-01-01, peak>=50% of max pre-2021 peak",7,True,1,False,0,2020-11-13,2021-01-19,2021-03-14,67,104.719,2020-11-15,2020-11-28,14,385,False,True,0.0215622,0.0395923,False,7.35101,True,7.82789,1.15094,0.277146,1.22539,0.431778,True,0.0350826,0.00532484,0.591326,1.24558,2020-12-16,32,ok,,,,,2,2020-11,2665.1,37.1861,16.1344,7.9,13.4,3.42571,10.1,1.15094,0.277146,-0.175647
Harrisonburg City,51660,VA,53016,"standard, onset<2021-01-01, peak>=50% of max pre-2021 peak",7,True,3,True,1,2020-08-25,2020-09-05,2020-11-12,11,138.233,2020-08-25,2020-09-05,12,522,True,True,0.170069,0.0455082,False,7.54822,True,8.04948,2.19048,0.318557,3.30808,0.780142,False,,,,,2020-08-30,6,ok,,,,,1,2020-08,2988.3,133.169,9.9008,13.1,22.2,3.47542,10.1,2.19048,0.318557,0.749326
Lynchburg city,51680,VA,82168,"standard, onset<2021-01-01, peak>=50% of max pre-2021 peak",7,False,1,False,0,2020-07-18,2021-01-15,2021-02-21,181,104.837,2020-07-18,2020-07-31,14,208,False,True,0.0671434,0.035861,False,3.10226,True,3.28493,1.47,0.251027,1.76611,0.459739,True,0.00232163,0.000677416,0.116586,1.01625,2020-10-16,91,ok,,,,,1,2020-07,1613.2,126.568,14.3085,8.2,15.5,3.20769,10.1,1.47,0.251027,0.331664
Newport News City,51700,VA,179225,"standard, onset<2021-01-01, peak>=50% of max pre-2021 peak",7,False,2,True,1,2020-11-16,2021-01-24,2021-03-09,69,91.5848,2020-11-16,2020-11-29,14,514,False,True,-0.0155796,0.0278085,True,4.85471,True,5.28818,0.890943,0.194659,0.849301,0.259888,True,0.0297217,0.00336654,0.702551,1.20805,2020-12-20,35,ok,,,,,2,2020-11,2699.7,56.3767,13.5707,7.9,14.5,3.43132,10.1,0.890943,0.194659,-0.43564
Norfolk City,51710,VA,242742,"standard, onset<2021-01-01, peak>=50% of max pre-2021 peak",7,True,2,False,0,2020-06-10,2020-07-18,2020-09-14,38,42.5496,2020-06-20,2020-07-03,14,293,False,True,0.0624073,0.0457602,False,7.1684,True,7.99665,1.43685,0.320321,1.70586,0.577544,True,0.114815,0.00887333,0.954397,1.8037,2020-06-29,10,ok,,,,,3,2020-06,4467.5,97.8971,11.8355,10.5,17.6,3.65006,10.1,1.43685,0.320321,-0.195965
Portsmouth City,51740,VA,94398,"standard, onset<2021-01-01, peak>=50% of max pre-2021 peak",7,True,1,False,0,2020-03-27,2020-04-30,2020-05-15,34,11.3501,2020-03-27,2020-04-09,14,41,False,True,0.109608,0.047945,False,1.08482,False,1.24774,1.76726,0.335615,2.34837,0.700166,True,0.043536,0.0148405,0.364568,1.30475,2020-04-13,17,ok,,,,,2,2020-03,2940.3,60.2563,15.1795,8.2,15.3,3.46839,10.1,1.76726,0.335615,-0.148372
Roanoke city,51770,VA,99143,"standard, onset<2021-01-01, peak>=50% of max pre-2021 peak",7,False,2,True,1,2020-09-01,2021-01-15,2021-02-20,136,70.3169,2020-09-01,2020-09-14,14,192,False,True,-0.0298703,0.0595141,True,8.24023,True,9.91467,0.790908,0.416599,0.720034,0.520478,True,0.0194968,0.00136937,0.751588,1.13648,2020-11-08,69,ok,,,,,2,2020-09,2352,108.988,17.0521,10.2,15.9,3.37144,10.1,0.790908,0.416599,-0.449604
Suffolk City,51800,VA,92108,"standard, onset<2021-01-01, peak>=50% of max pre-2021 peak",7,False,1,False,0,2020-03-30,2020-04-20,2020-06-04,21,11.0119,2020-03-30,2020-04-12,14,47,False,True,0.0305106,0.0419136,False,1.24769,False,1.29893,1.21357,0.293395,1.32465,0.472846,True,0.0650876,0.0299491,0.371224,1.45561,2020-04-09,10,ok,,,,,2,2020-03,236.3,78.453,15.4139,7.8,9,2.37346,10.1,1.21357,0.293395,-0.702054
Virginia Beach City,51810,VA,449974,"standard, onset<2021-01-01, peak>=50% of max pre-2021 peak",7,True,3,True,2,2020-11-01,2021-01-10,2021-02-26,70,87.0209,2020-11-08,2020-11-21,14,1234,False,True,0.0728516,0.0356575,False,18.0226,True,19.1596,1.50996,0.249603,1.83997,0.465679,True,0.0266605,0.00339814,0.695101,1.18662,2020-12-06,29,ok,,,,,3,2020-11,1877.5,70.9513,15.1324,8.1,8.1,3.27358,10.1,1.50996,0.249603,0.183378
Benton County,53005,WA,204390,"standard, onset<2021-01-01, peak>=50% of max pre-2021 peak",7,True,1,False,0,2020-10-22,2021-01-02,2021-02-28,72,95.4058,2020-10-29,2020-11-11,14,814,False,True,0.0554416,0.0499077,False,23.9246,True,27.8873,1.38809,0.349354,1.61897,0.61529,True,0.0406168,0.00377717,0.805057,1.28432,2020-11-27,30,ok,,,,,2,2020-10,121.7,71.5415,15.7614,8,9.1,2.08529,19.2,1.38809,0.349354,0.0797008
Clallam County,53009,WA,77331,"standard, onset<2021-01-01, peak>=50% of max pre-2021 peak",7,False,2,True,1,2020-11-08,2021-01-02,2021-02-20,55,19.7666,2020-11-08,2020-11-21,14,97,False,True,0.166939,0.0501498,False,2.16233,True,2.76109,2.16857,0.351049,3.25463,0.85312,True,0.0401452,0.00916054,0.424848,1.28102,2020-12-05,28,ok,,,,,1,2020-11,44.4,97.2069,31.4134,9.5,13.3,1.64738,19.2,2.16857,0.351049,0.84199
Clark County,53011,WA,488241,"standard, onset<2021-01-01, peak>=50% of max pre-2021 peak",7,True,3,True,2,2020-11-03,2021-01-02,2021-02-06,60,70.2522,2020-11-03,2020-11-16,14,1422,False,True,0.0503438,0.0408146,False,28.1353,True,32.234,1.35241,0.285702,1.55666,0.494446,True,0.0290658,0.00391375,0.655393,1.20346,2020-12-03,31,ok,,,,,3,2020-11,800.8,77.0895,16.5854,7.6,8.7,2.90352,19.2,1.35241,0.285702,0.0258239
Cowlitz County,53015,WA,110593,"standard, onset<2021-01-01, peak>=50% of max pre-2021 peak",7,True,2,True,1,2020-11-03,2021-01-02,2021-02-12,60,65.7494,2020-11-03,2020-11-16,14,193,False,True,0.0252319,0.0519663,False,6.33511,True,7.46623,1.17662,0.363764,1.26569,0.574734,True,0.0355995,0.00345004,0.785935,1.2492,2020-12-03,31,ok,,,,,2,2020-11,97,55.9921,19.5728,7.4,11.9,1.98677,19.2,1.17662,0.363764,-0.149959
Franklin County,53021,WA,95222,"standard, onset<2021-01-01, peak>=50% of max pre-2021 peak",7,True,3,True,1,2020-05-29,2020-07-09,2020-09-13,41,74.8627,2020-05-29,2020-06-11,14,303,False,True,0.0622589,0.0250442,False,2.22092,True,2.2049,1.43581,0.17531,1.70399,0.31593,True,0.0567165,0.00344694,0.934424,1.39702,2020-06-18,21,ok,,,,,2,2020-05,77.9,20.672,10.0931,13.5,12.4,1.89154,19.2,1.43581,0.175309,-0.0194432
Grant County,53025,WA,97733,"standard, onset<2021-01-01, peak>=50% of max pre-2021 peak",7,True,1,False,0,2020-11-09,2020-12-21,2021-03-03,42,148.217,2020-11-09,2020-11-22,14,349,False,True,-0.0470856,0.070026,True,20.405,True,23.2103,0.670401,0.490182,0.575702,0.561776,True,0.0243147,0.00779357,0.327355,1.1702,2020-11-30,22,ok,,,,,2,2020-11,37,40.3539,14.4376,13,13.6,1.5682,19.2,0.670401,0.490182,-0.656182
Grays Harbor County,53027,WA,75061,"standard, onset<2021-01-01, peak>=50% of max pre-2021 peak",7,True,1,False,0,2020-11-21,2021-01-02,2021-02-11,42,134.367,2020-11-23,2020-12-06,14,259,False,True,0.0803787,0.0500605,False,7.35356,True,8.46459,1.56265,0.350423,1.93946,0.669604,True,0.0728158,0.00997339,0.747562,1.50971,2020-12-12,20,ok,,,,,1,2020-11,39.8,37.0194,23.3143,8.9,15.1,1.59988,19.2,1.56265,0.350423,0.236068
Island County,53029,WA,85141,"standard, onset<2021-01-01, peak>=50% of max pre-2021 peak",7,False,2,False,0,2020-03-16,2020-03-27,2020-04-10,11,13.5909,2020-03-18,2020-03-27,10,65,True,False,0.392977,0.0888469,False,2.23111,True,2.1845,3.75084,0.621928,8.17282,2.35489,False,,,,,2020-03-21,4,ok,,,,,1,2020-03,416.6,44.9014,26.1764,7.1,6.5,2.61972,19.2,3.75084,0.621928,1.83521
King County,53033,WA,2252782,"standard, onset<2021-01-01, peak>=50% of max pre-2021 peak",7,True,1,False,0,2020-09-29,2021-01-02,2021-01-07,95,51.0543,2020-10-09,2020-10-22,14,2165,False,True,0.00514737,0.0578336,False,88.6774,True,107.222,1.03603,0.404835,1.05203,0.590839,True,0.042826,0.00234478,0.902595,1.29978,2020-11-15,38,ok,,,,,3,2020-09,1073,118.211,13.6566,5.8,7.6,3.0306,19.2,1.03603,0.404835,-0.204481
Kitsap County,53035,WA,271473,"standard, onset<2021-01-01, peak>=50% of max pre-2021 peak",7,False,2,True,1,2020-10-26,2021-01-02,2021-01-10,68,35.4679,2020-10-26,2020-11-08,14,257,False,True,0.0505487,0.0331792,False,3.35952,True,3.4789,1.35384,0.232254,1.55915,0.402233,True,0.0335205,0.00282632,0.809976,1.23464,2020-11-29,35,ok,,,,,3,2020-10,697.6,67.1236,19.0569,6.1,8.3,2.84361,19.2,1.35384,0.232254,0.0454505
Lewis County,53041,WA,80707,"standard, onset<2021-01-01, peak>=50% of max pre-2021 peak",7,True,1,False,0,2020-11-08,2021-01-02,2021-02-23,55,95.4068,2020-11-08,2020-11-21,14,224,False,True,-0.0255783,0.0412507,True,4.63202,True,4.88367,0.820952,0.288755,0.757956,0.368192,True,0.0333111,0.00570682,0.567182,1.23318,2020-12-05,28,ok,,,,,1,2020-11,34.2,47.4747,21.6752,9.2,13.3,1.53403,19.2,0.820952,0.288755,-0.505631
Mason County,53045,WA,66768,"standard, onset<2021-01-01, peak>=50% of max pre-2021 peak",7,True,1,False,0,2020-11-11,2021-01-02,2021-01-07,52,78.3095,2020-11-19,2020-12-02,14,183,False,True,0.0361003,0.0607129,False,8.13268,True,10.2669,1.2527,0.42499,1.38837,0.699183,True,0.102703,0.00706304,0.925581,1.71892,2020-12-07,19,ok,,,,,1,2020-11,68.5,27.3864,24.4226,10.5,12.6,1.83569,19.2,1.2527,0.42499,-0.0738806
Pierce County,53053,WA,904980,"standard, onset<2021-01-01, peak>=50% of max pre-2021 peak",7,True,3,True,2,2020-10-22,2021-01-02,2021-02-14,72,64.3897,2020-10-29,2020-11-11,14,1653,False,True,0.0219948,0.0471742,False,44.7968,True,57.2075,1.15396,0.330219,1.23011,0.515321,True,0.0422882,0.00291491,0.882584,1.29602,2020-11-27,30,ok,,,,,3,2020-10,552.3,72.0854,14.4832,6.8,8.7,2.74218,19.2,1.15396,0.330219,-0.154427
Skagit County,53057,WA,129205,"standard, onset<2021-01-01, peak>=50% of max pre-2021 peak",7,True,3,True,2,2020-11-02,2020-12-21,2021-01-10,49,59.8163,2020-11-02,2020-11-15,14,334,False,True,0.0920199,0.0536279,False,10.6261,True,11.5301,1.64414,0.375395,2.09802,0.743542,True,0.0274951,0.00553921,0.517198,1.19247,2020-11-26,25,ok,,,,,2,2020-11,74.9,82.6108,21.976,8.9,9.5,1.87448,19.2,1.64414,0.375395,0.317557
Snohomish County,53061,WA,822083,"standard, onset<2021-01-01, peak>=50% of max pre-2021 peak",7,True,1,False,0,2020-10-10,2021-01-02,2021-03-06,84,62.6805,2020-10-10,2020-10-23,14,980,False,True,0.0140054,0.0419197,False,21.0453,True,26.5308,1.09804,0.293438,1.14417,0.443855,True,0.0328793,0.00185877,0.884146,1.23016,2020-11-21,43,ok,,,,,3,2020-10,396.8,53.7468,14.458,7.1,7.1,2.59857,19.2,1.09804,0.293438,-0.210353
Spokane County,53063,WA,522798,"standard, onset<2021-01-01, peak>=50% of max pre-2021 peak",7,True,1,False,0,2020-09-17,2021-01-02,2021-03-08,107,108.154,2020-09-18,2020-10-01,14,1061,False,True,-0.00673344,0.0415657,True,22.443,True,26.9014,0.952866,0.29096,0.933618,0.403902,True,0.013881,0.00141692,0.653,1.09717,2020-11-09,53,ok,,,,,3,2020-09,305.7,88.0708,17.0199,6.3,13.4,2.4853,19.2,0.952866,0.29096,-0.287646
Thurston County,53067,WA,290536,"standard, onset<2021-01-01, peak>=50% of max pre-2021 peak",7,True,1,False,0,2020-09-29,2021-01-02,2021-07-30,95,39.5328,2020-10-09,2020-10-22,14,240,False,True,0.043183,0.0588932,False,9.9677,True,11.7369,1.30228,0.412253,1.47099,0.695746,True,0.0331213,0.00328761,0.738177,1.23185,2020-11-15,38,ok,,,,,3,2020-09,408,88.1975,18.3451,6.9,9.7,2.61066,19.2,1.30228,0.412252,0.0617687
Walla Walla County,53071,WA,60760,"standard, onset<2021-01-01, peak>=50% of max pre-2021 peak",7,True,1,False,0,2020-10-20,2020-12-21,2021-02-11,62,145.302,2020-10-21,2020-11-03,14,295,False,True,0.0320956,0.0556123,False,11.0365,True,11.8907,1.22467,0.389286,1.34259,0.631089,True,0.0265703,0.00438169,0.559078,1.18599,2020-11-20,31,ok,,,,,1,2020-10,49.3,100.665,19.1758,9.3,12.9,1.69285,19.2,1.22467,0.389286,-0.0837212
Whatcom County,53073,WA,229247,"standard, onset<2021-01-01, peak>=50% of max pre-2021 peak",7,True,3,True,2,2020-11-10,2021-01-16,2021-03-15,67,47.36,2020-11-10,2020-11-23,14,405,False,True,0.00493876,0.0566982,False,15.9441,True,19.3895,1.03457,0.396887,1.0499,0.578742,True,0.00968824,0.00378174,0.17019,1.06782,2020-12-13,34,ok,,,,,3,2020-11,107.6,94.7775,18.4874,8.7,11.7,2.03181,19.2,1.03457,0.396887,-0.292011
Whitman County,53075,WA,50104,"standard, onset<2021-01-01, peak>=50% of max pre-2021 peak",7,True,2,False,0,2020-08-22,2020-09-01,2020-10-03,10,121.747,2020-08-22,2020-09-01,11,400,True,False,0.136956,0.079211,False,22.4654,True,20.8847,1.95869,0.554477,2.76346,1.24774,False,,,,,2020-08-27,6,ok,,,,,1,2020-08,22.2,68.7887,11.1542,7.5,15.7,1.34635,19.2,1.95869,0.554477,0.517535
Yakima County,53077,WA,250873,"standard, onset<2021-01-01, peak>=50% of max pre-2021 peak",7,True,3,True,2,2020-11-20,2021-01-02,2021-02-11,43,186.435,2020-11-20,2020-12-03,14,1368,False,True,0.0171467,0.055255,False,50.9803,True,62.1698,1.12003,0.386785,1.17764,0.592343,True,0.0363631,0.00627163,0.626986,1.25454,2020-12-11,22,ok,,,,,3,2020-11,59.8,61.5437,14.0978,14.8,14.8,1.7767,19.2,1.12003,0.386785,-0.206556
Berkeley County,54003,WV,119171,"standard, onset<2021-01-01, peak>=50% of max pre-2021 peak",7,True,3,True,2,2020-11-06,2021-01-05,2021-02-10,60,243.588,2020-11-08,2020-11-21,14,726,False,True,0.0598941,0.0468388,False,18.6783,True,23.3678,1.41926,0.327871,1.67427,0.586213,True,0.0358393,0.00252726,0.881632,1.25088,2020-12-06,29,ok,,,,,2,2020-11,380.1,43.4156,15.6829,7.8,10,2.5799,-38.9,1.41926,0.327872,0.092676
Cabell County,54011,WV,91945,"standard, onset<2021-01-01, peak>=50% of max pre-2021 peak",7,True,1,False,0,2020-10-12,2021-01-05,2021-02-20,85,231.349,2020-10-22,2020-11-04,14,374,False,True,-0.00458404,0.0330691,True,5.00888,True,5.18725,0.967912,0.231484,0.954601,0.324324,True,0.0334899,0.00188945,0.910188,1.23443,2020-11-23,33,ok,,,,,2,2020-10,335.7,166.402,19.0631,8.1,19.9,2.52595,-38.9,0.967912,0.231484,-0.340479
Harrison County,54033,WV,67256,"standard, onset<2021-01-01, peak>=50% of max pre-2021 peak",7,True,1,False,0,2020-11-15,2021-01-05,2021-02-09,51,252.766,2020-11-15,2020-11-28,14,467,False,True,0.042526,0.0314382,False,5.53073,True,5.6396,1.29768,0.220067,1.46324,0.370534,True,0.0197568,0.00436366,0.460661,1.1383,2020-12-10,26,ok,,,,,1,2020-11,158.5,124.391,19.7115,8.9,13.6,2.20003,-38.9,1.29768,0.220067,-0.0289007
Jefferson County,54037,WV,57146,"standard, onset<2021-01-01, peak>=50% of max pre-2021 peak",7,True,2,True,1,2020-11-05,2021-01-05,2021-02-09,61,168.991,2020-11-08,2020-11-21,14,428,False,True,0.00934913,0.0401742,False,8.45296,True,10.5021,1.06544,0.281219,1.09533,0.417517,True,0.00803219,0.00388646,0.1411,1.05623,2020-12-05,28,ok,,,,,1,2020-11,275.7,58.9245,17.4988,7.1,7.8,2.44044,-38.9,1.06544,0.281219,-0.261139
Kanawha County,54039,WV,178124,"standard, onset<2021-01-01, peak>=50% of max pre-2021 peak",7,True,1,False,0,2020-08-29,2021-01-05,2021-02-28,129,148.773,2020-10-14,2020-10-27,14,462,False,True,0.0410974,0.0431927,False,10.3429,True,10.6379,1.28768,0.302349,1.44644,0.506482,True,0.0243286,0.00303205,0.791107,1.1703,2020-11-01,19,ok,,,,,2,2020-08,200.5,127.804,21.3085,7.9,15.7,2.30211,-38.9,1.28768,0.302349,-0.153475
Mercer County,54055,WV,58758,"standard, onset<2021-01-01, peak>=50% of max pre-2021 peak",7,True,1,False,0,2020-11-12,2021-01-05,2021-01-23,54,292.24,2020-12-01,2020-12-14,14,474,False,True,0.131532,0.0509302,False,12.2716,True,15.2497,1.92073,0.356512,2.67864,0.790659,True,0.101279,0.0150426,0.866236,1.70896,2020-12-09,9,ok,,,,,1,2020-11,142.4,50.2816,22.4239,8.3,15.1,2.15351,-38.9,1.92072,0.356511,0.594141
Monongalia County,54061,WV,105612,"standard, onset<2021-01-01, peak>=50% of max pre-2021 peak",7,True,4,True,3,2020-11-09,2021-01-05,2021-03-01,57,179.769,2020-11-09,2020-11-22,14,505,False,True,0.0130217,0.0341701,False,7.20804,True,9.01298,1.09115,0.23919,1.13378,0.360389,True,0.0123423,0.00244083,0.486391,1.0864,2020-12-07,29,ok,,,,,2,2020-11,293.9,134.188,13.5624,9.2,15.2,2.4682,-38.9,1.09115,0.239191,-0.235431
Putnam County,54079,WV,56450,"standard, onset<2021-01-01, peak>=50% of max pre-2021 peak",7,True,1,False,0,2020-10-24,2021-01-05,2021-02-05,73,155.384,2020-10-24,2020-11-06,14,265,False,True,0.0738383,0.0581252,False,10.2665,True,10.7724,1.51687,0.406876,1.85288,0.76151,True,0.0375489,0.00287375,0.82987,1.26284,2020-11-29,37,ok,,,,,1,2020-10,166.2,104.457,19.1435,6.5,9.9,2.22063,-38.9,1.51687,0.406876,0.208478
Raleigh County,54081,WV,73361,"standard, onset<2021-01-01, peak>=50% of max pre-2021 peak",7,True,1,False,0,2020-10-24,2021-01-05,2021-03-09,73,167.664,2020-11-02,2020-11-15,14,244,False,True,0.0234719,0.0427006,False,5.41335,True,6.15976,1.1643,0.298904,1.24629,0.469101,True,0.0362416,0.00559076,0.617769,1.25369,2020-11-29,28,ok,,,,,1,2020-10,123.2,76.4167,21.2894,7.5,21.8,2.09061,-38.9,1.1643,0.298904,-0.144087
Wood County,54107,WV,83518,"standard, onset<2021-01-01, peak>=50% of max pre-2021 peak",7,True,2,True,1,2020-10-29,2021-01-05,2021-02-09,68,260.337,2020-10-29,2020-11-11,14,575,False,True,0.0821949,0.0380489,False,9.39787,True,10.4818,1.57536,0.266342,1.96382,0.51184,True,0.024372,0.004108,0.516116,1.1706,2020-12-02,35,ok,,,,,1,2020-10,230,85.4133,20.848,9,14.4,2.36173,-38.9,1.57536,0.266342,0.266974
Brown County,55009,WI,264542,"standard, onset<2021-01-01, peak>=50% of max pre-2021 peak",7,True,1,False,0,2020-04-10,2020-05-02,2020-05-31,22,36.5051,2020-04-10,2020-04-23,14,568,False,True,0.16511,0.0295337,False,4.42085,True,4.30113,2.15577,0.206736,3.22359,0.500142,True,0.175962,0.00540353,0.990658,2.23173,2020-04-21,12,ok,,,,,3,2020-04,507,69.584,15.9172,7.2,8.5,2.70501,0.6,2.15577,0.206736,0.739555
Calumet County,55015,WI,50089,"standard, onset<2021-01-01, peak>=50% of max pre-2021 peak",7,False,1,False,0,2020-07-31,2020-11-13,2021-02-07,105,117.79,2020-08-19,2020-09-01,14,108,False,True,0.0318777,0.0414748,False,2.24768,True,2.39976,1.22314,0.290324,1.34012,0.470278,True,0.0505185,0.00195116,0.95444,1.35363,2020-09-21,34,ok,,,,,1,2020-07,164.8,15.2549,16.6965,5,4.5,2.21696,0.6,1.22314,0.290324,0.0848045
Chippewa County,55017,WI,64658,"standard, onset<2021-01-01, peak>=50% of max pre-2021 peak",7,True,2,False,0,2020-09-26,2020-11-06,2020-12-22,41,188.022,2020-09-26,2020-10-09,14,269,False,True,0.0504378,0.030091,False,2.89266,True,2.90503,1.35306,0.210637,1.5578,0.364655,True,0.0534489,0.00295838,0.944993,1.37414,2020-10-16,21,ok,,,,,1,2020-09,65.8,72.4015,18.9451,7.6,9.4,1.81823,0.6,1.35306,0.210637,0.112552
Columbia County,55021,WI,57532,"standard, onset<2021-01-01, peak>=50% of max pre-2021 peak",7,False,1,False,0,2020-11-01,2020-11-17,2020-12-19,16,118.94,2020-11-01,2020-11-14,14,809,False,True,0.0394507,0.0368925,False,13.2345,True,13.4508,1.27615,0.258247,1.42719,0.430053,True,0.0690504,0.00521383,0.961622,1.48335,2020-11-09,9,ok,,,,,1,2020-11,76.4,39.323,18.9485,7.1,6.9,1.88309,0.6,1.27615,0.258248,-0.0504278
Dodge County,55027,WI,87839,"standard, onset<2021-01-01, peak>=50% of max pre-2021 peak",7,True,3,True,2,2020-09-11,2020-11-15,2021-01-15,65,205.408,2020-09-12,2020-09-25,14,420,False,True,0.0410974,0.0230297,False,2.67306,True,2.70395,1.28768,0.161208,1.44644,0.270049,True,0.0383339,0.00124879,0.969145,1.26834,2020-10-13,32,ok,,,,,1,2020-09,102.1,57.0495,18.3364,6.3,7.2,2.00903,0.6,1.28768,0.161208,0.0471695
Eau Claire County,55035,WI,104646,"standard, onset<2021-01-01, peak>=50% of max pre-2021 peak",7,True,2,True,1,2020-10-19,2020-11-17,2020-12-08,29,197.537,2020-10-19,2020-11-01,14,1415,False,True,0.0240852,0.02219,False,8.47468,True,8.54649,1.1686,0.15533,1.25303,0.244347,True,0.0495352,0.00828906,0.733127,1.34675,2020-11-02,15,ok,,,,,2,2020-10,165.7,142.844,16.4866,8.2,9.8,2.21932,0.6,1.1686,0.15533,-0.139794
Fond du Lac County,55039,WI,103403,"standard, onset<2021-01-01, peak>=50% of max pre-2021 peak",7,False,2,True,1,2020-08-14,2020-10-29,2021-02-10,76,172.971,2020-08-15,2020-08-28,14,340,False,True,0.0185133,0.0328052,False,4.46354,True,4.68524,1.12959,0.229637,1.19233,0.35356,True,0.0173158,0.00280939,0.513445,1.12121,2020-09-21,38,ok,,,,,2,2020-08,144.8,48.0058,19.3041,6.1,7.6,2.16077,0.6,1.12959,0.229636,-0.311564
Grant County,55043,WI,51439,"standard, onset<2021-01-01, peak>=50% of max pre-2021 peak",7,False,1,False,0,2020-09-04,2020-11-11,2020-12-25,68,140.527,2020-09-04,2020-09-17,14,261,False,True,0.0634188,0.0181227,False,1.55839,False,1.56895,1.44393,0.126859,1.71865,0.229499,True,0.025575,0.00399105,0.554436,1.17902,2020-10-08,35,ok,,,,,1,2020-09,45.3,42.3582,17.9117,7.8,12,1.6561,0.6,1.44393,0.126859,0.203419
Jefferson County,55055,WI,84769,"standard, onset<2021-01-01, peak>=50% of max pre-2021 peak",7,False,2,False,0,2020-09-12,2020-11-14,2020-12-25,63,134.989,2020-09-12,2020-09-25,14,342,False,True,0.0454934,0.0247118,False,2.49464,True,2.53084,1.31845,0.172983,1.4984,0.294336,True,0.0308679,0.00261337,0.823022,1.21608,2020-10-13,32,ok,,,,,1,2020-09,152.6,38.8693,18.3098,6.3,7.3,2.18355,0.6,1.31845,0.172983,0.0779415
Kenosha County,55059,WI,169561,"standard, onset<2021-01-01, peak>=50% of max pre-2021 peak",7,True,3,True,2,2020-12-28,2021-01-10,2021-02-11,13,72.2875,2020-12-28,2021-01-10,14,1186,False,True,0.0358409,0.0396478,False,22.4824,True,26.8514,1.25089,0.277534,1.38538,0.45616,True,0.0193247,0.00394026,0.827903,1.13527,2021-01-03,7,ok,,,,,2,2020-12,622.3,49.0686,15.1255,7.3,11,2.794,0.6,1.25089,0.277535,0.0996951
La Crosse County,55063,WI,118016,"standard, onset<2021-01-01, peak>=50% of max pre-2021 peak",7,True,3,True,1,2020-09-03,2020-09-14,2020-10-10,11,116.086,2020-09-04,2020-09-14,11,745,True,False,0.21001,0.0474665,False,13.0738,True,13.9003,2.47007,0.332266,4.02629,0.89334,False,,,,,2020-09-08,5,ok,,,,,2,2020-09,267.3,139.091,17.3409,5.8,10,2.427,0.6,2.47007,0.332265,1.22956
Marathon County,55073,WI,135692,"standard, onset<2021-01-01, peak>=50% of max pre-2021 peak",7,False,2,True,1,2020-09-17,2020-11-09,2021-01-29,53,162.132,2020-09-17,2020-09-30,14,694,False,True,0.0811595,0.0180912,False,2.5695,True,2.5139,1.56812,0.126638,1.94992,0.24258,True,0.056836,0.00178758,0.975867,1.39785,2020-10-13,27,ok,,,,,2,2020-09,89.3,94.194,18.5649,7.1,6.7,1.95085,0.6,1.56812,0.126638,0.327604
Outagamie County,55087,WI,187885,"standard, onset<2021-01-01, peak>=50% of max pre-2021 peak",7,False,1,False,0,2020-12-26,2021-01-05,2021-02-08,10,78.9997,2020-12-26,2021-01-05,11,953,True,False,0.0414876,0.0529274,False,26.4185,True,34.1621,1.29041,0.370492,1.45102,0.621499,False,,,,,2020-12-31,6,ok,,,,,2,2020-12,299.1,90.716,15.8512,6.7,6.6,2.47582,0.6,1.29041,0.370492,0.139222
Ozaukee County,55089,WI,89221,"standard, onset<2021-01-01, peak>=50% of max pre-2021 peak",7,False,1,False,0,2020-09-01,2020-11-11,2021-02-11,71,139.301,2020-09-07,2020-09-20,14,222,False,True,0.0520483,0.0321555,False,2.72062,True,2.7578,1.36434,0.225089,1.57737,0.391848,True,0.0199029,0.00246778,0.699073,1.13932,2020-10-06,30,ok,,,,,2,2020-09,392.7,151.908,20.9687,4.3,4.3,2.59406,0.6,1.36434,0.225088,0.123826
Portage County,55097,WI,70772,"standard, onset<2021-01-01, peak>=50% of max pre-2021 peak",7,False,1,False,0,2020-08-23,2020-11-12,2021-02-25,81,116.067,2020-08-23,2020-09-05,14,233,False,True,0.0584347,0.0308259,False,2.60185,True,2.6765,1.40904,0.215781,1.65605,0.383913,True,0.0309864,0.00226242,0.827879,1.2169,2020-10-02,41,ok,,,,,1,2020-08,87.9,45.4694,17.9959,6.8,8.3,1.94399,0.6,1.40904,0.215781,-0.0321137
Racine County,55101,WI,196311,"standard, onset<2021-01-01, peak>=50% of max pre-2021 peak",7,False,4,True,2,2020-09-20,2020-11-09,2020-12-22,50,143.067,2020-09-20,2020-10-03,14,907,False,True,-0.00031501,0.00948699,True,1.10009,False,1.10234,0.997795,0.0664089,0.996852,0.0947444,True,0.0181242,0.00472118,0.380442,1.12687,2020-10-15,26,ok,,,,,2,2020-09,594.4,42.9886,17.3927,6.8,9.4,2.77408,0.6,0.997795,0.0664089,-0.242717
Rock County,55105,WI,163354,"standard, onset<2021-01-01, peak>=50% of max pre-2021 peak",7,False,2,False,0,2020-03-20,2020-05-22,2020-05-26,63,13.1179,2020-03-20,2020-04-02,14,31,False,True,-0.0656475,0.0526763,True,1.16037,False,1.3542,0.540468,0.368734,0.434027,0.381524,True,0.0269838,0.00681673,0.358819,1.18889,2020-04-20,30,ok,,,,,2,2020-03,227.9,51.3175,17.4156,7.5,9.3,2.35774,0.6,0.540467,0.368734,-1.37516
St. Croix County,55109,WI,90687,"standard, onset<2021-01-01, peak>=50% of max pre-2021 peak",7,False,1,False,0,2020-09-19,2020-11-12,2021-02-05,54,117.831,2020-09-26,2020-10-09,14,278,False,True,0.0123407,0.0259739,False,2.29321,True,2.33462,1.08638,0.181817,1.1266,0.273201,True,0.037424,0.00297149,0.893029,1.26197,2020-10-16,21,ok,,,,,2,2020-09,129.5,53.4554,15.5908,4.9,4.9,2.11227,0.6,1.08638,0.181817,-0.154127
Sauk County,55111,WI,64442,"standard, onset<2021-01-01, peak>=50% of max pre-2021 peak",7,False,1,False,0,2020-09-18,2020-11-08,2021-02-03,51,118.822,2020-09-18,2020-10-01,14,223,False,True,0.039977,0.0312358,False,2.6138,True,3.06029,1.27984,0.218651,1.43333,0.364804,True,0.040428,0.0018728,0.95102,1.283,2020-10-13,26,ok,,,,,1,2020-09,79.1,100.36,19.4851,8.3,8.1,1.89818,0.6,1.27984,0.218651,0.0393267
Sheboygan County,55117,WI,115340,"standard, onset<2021-01-01, peak>=50% of max pre-2021 peak",7,True,1,False,0,2020-09-14,2020-10-21,2021-01-29,37,171.666,2020-09-21,2020-10-04,14,750,False,True,0.186421,0.0534836,False,17.642,True,18.3432,2.30495,0.374385,3.59402,0.953596,True,0.160388,0.0236418,0.821505,2.12272,2020-10-02,12,ok,,,,,2,2020-09,230.8,60.9994,18.9733,6,7.6,2.36324,0.6,2.30495,0.374385,1.06443
Walworth County,55127,WI,103868,"standard, onset<2021-01-01, peak>=50% of max pre-2021 peak",7,True,2,True,1,2020-09-28,2020-11-17,2021-02-01,50,132.448,2020-10-07,2020-10-20,14,394,False,True,0.0364547,0.0418636,False,8.32252,True,10.0938,1.25518,0.293045,1.39245,0.482733,True,0.0433331,0.00584524,0.785587,1.30333,2020-10-23,17,ok,,,,,2,2020-09,191.7,43.2014,19.1486,7.9,8.3,2.28262,0.6,1.25518,0.293045,0.0146706
Washington County,55131,WI,136034,"standard, onset<2021-01-01, peak>=50% of max pre-2021 peak",7,False,1,False,0,2020-07-26,2020-11-09,2021-02-11,106,158.364,2020-07-27,2020-08-09,14,371,False,True,0.00231041,0.014834,False,1.81489,False,1.89348,1.01617,0.103838,1.02322,0.14978,True,0.00334651,0.0015238,0.0863997,1.02343,2020-09-17,53,ok,,,,,2,2020-07,317.6,58.4962,19.2431,4.6,5.1,2.50188,0.6,1.01617,0.103838,-0.122166
Waukesha County,55133,WI,404198,"standard, onset<2021-01-01, peak>=50% of max pre-2021 peak",7,True,1,False,0,2020-09-17,2020-11-16,2021-02-05,60,193.257,2020-09-17,2020-09-30,14,1592,False,True,0.0415687,0.0180642,False,6.23099,True,6.2307,1.29098,0.12645,1.45197,0.21218,True,0.0263607,0.00167773,0.894878,1.18452,2020-10-17,31,ok,,,,,3,2020-09,740.3,140.794,19.6964,4.3,4.2,2.86941,0.6,1.29098,0.126449,0.0504686
Waupaca County,55135,WI,50990,"standard, onset<2021-01-01, peak>=50% of max pre-2021 peak",7,False,1,False,0,2020-12-23,2021-01-06,2021-02-06,14,65.8392,2020-12-25,2021-01-06,13,298,True,True,0.0364132,0.0503224,False,8.66848,True,10.6979,1.25489,0.352257,1.39198,0.580185,False,,,,,2020-12-30,6,ok,,,,,1,2020-12,69.3,57.9016,20.972,7.3,8,1.84073,0.6,1.25489,0.352257,0.103701
Winnebago County,55139,WI,171907,"standard, onset<2021-01-01, peak>=50% of max pre-2021 peak",7,False,2,True,1,2020-09-07,2020-11-09,2021-02-04,63,129.14,2020-09-07,2020-09-20,14,1124,False,True,0.136009,0.0149969,False,2.48886,True,2.584,1.95206,0.104979,2.74856,0.235638,True,0.053206,0.00436391,0.832076,1.37244,2020-10-08,32,ok,,,,,2,2020-09,395.1,78.6118,17.0023,5.5,8.7,2.59671,0.6,1.95206,0.104978,0.711551
Wood County,55141,WI,72999,"standard, onset<2021-01-01, peak>=50% of max pre-2021 peak",7,False,1,False,0,2020-09-14,2020-11-10,2021-02-11,57,151.665,2020-09-14,2020-09-27,14,263,False,True,0.0294356,0.0291464,False,2.70807,True,2.75662,1.20605,0.204025,1.31255,0.327497,True,0.0223152,0.00191829,0.833665,1.15621,2020-10-12,29,ok,,,,,1,2020-09,93.6,137.453,21.3821,6.7,9.4,1.97128,0.6,1.20605,0.204025,-0.0344631
Laramie County,56021,WY,99500,"standard, onset<2021-01-01, peak>=50% of max pre-2021 peak",7,True,3,True,1,2020-10-05,2020-11-22,2020-12-22,48,146.734,2020-10-26,2020-11-08,14,1007,False,True,-0.0122077,0.0843692,True,87.6477,True,99.489,0.914546,0.590584,0.881052,0.800434,False,,,,,2020-10-29,4,ok,,,,,2,2020-10,37.4,63.674,17.0955,12.4,7.4,1.57287,-43.4,0.914546,0.590584,-0.393844
Natrona County,56025,WY,79858,"standard, onset<2021-01-01, peak>=50% of max pre-2021 peak",7,True,2,False,0,2020-10-10,2020-11-20,2020-12-22,41,199.64,2020-10-28,2020-11-10,14,1438,False,True,0.0563523,0.0649345,False,71.4596,True,77.3286,1.39447,0.454542,1.63021,0.803032,False,,,,,2020-10-30,3,ok,,,,,1,2020-10,15,71.2901,16.428,13.2,9.4,1.17609,-43.4,1.39447,0.454542,0.0860757
